channel,watch_time_min,stream_time_min,peak_viewers,avg_viewers,followers,followers_gained,views_gained,partnered,mature,language,avg_to_peak_ratio,watch_per_follower,views_per_follower,follower_growth_rate,viewers_per_stream_hr,stickiness,avg_to_peak_ratio_scaled,watch_per_follower_scaled,views_per_follower_scaled,follower_growth_rate_scaled,viewers_per_stream_hr_scaled,stickiness_scaled,engagement_efficiency_score
xQcOW,6196161750,215250,222720,27716,3246298,1734810,93036735,True,False,English,0.12444324712643678,1908.6854472386701,28.659332877018684,0.5343964109271545,7.725714285714286,1.0386017108320682,0.24768503533627317,0.3359772561271009,0.0431025233695847,0.5302949662257278,0.07978832560116059,0.23404454248374826,0.2451487748572659
summit1g,6091677300,211845,310998,25610,5310163,1370184,89705964,True,False,English,0.08234779644885176,1147.173316525312,16.893259962076495,0.25803049736891315,7.253416412943426,1.1228172919225892,0.15232440439341602,0.1933596799654669,0.02348473014138851,0.24725261835309426,0.07487556371805075,0.3375662326206981,0.17147720486535242
Gaules,5644590915,515280,387315,10976,1767635,1023779,102611607,True,True,Portuguese,0.02833869072976776,3193.301170773378,58.05022360385487,0.5791800909124338,1.2780624126688402,0.9980334284201904,0.029975259411490984,0.5765627614663528,0.09210650466731693,0.5761605281765827,0.012720950997872326,0.18417613206790667,0.24528368946458703
ESL_CSGO,3970318140,517740,300575,7714,3944850,703986,106546942,True,False,English,0.025664143724527987,1006.4560477584699,27.009123794314107,0.17845697555040116,0.8939622204195156,0.9941088820452272,0.023916493302548934,0.1670058571093392,0.04035109893070693,0.165756763260026,0.008725606338140736,0.1793518980188613,0.09751795282660385
Tfue,3671000070,123660,285644,29602,8938903,2068424,78998587,True,False,English,0.10363249359342398,410.6767989315915,8.837615421042157,0.2313957316686399,14.362930616205725,1.002845653025595,0.2005415422661036,0.055427079873718844,0.01005340347289867,0.21997441127690173,0.14882751734491034,0.19009154128338931,0.13748591591965378
Asmongold,3668799075,82260,263720,42414,1563438,554201,61715781,True,False,English,0.16082966782951616,2346.622683470659,39.474402566651186,0.354475841063093,30.936542669584245,1.0515404673332716,0.33011275567531456,0.41799505285454513,0.06113469115007687,0.3460278839751007,0.3212234019242818,0.2499494608365088,0.28774054106930463
NICKMERCS,3360675195,136275,115633,24181,4074287,1089824,46084211,True,False,English,0.20911850423322062,824.8498927542414,11.310987910277307,0.2674882746355375,10.646560264171711,1.019849512745296,0.4395035290922068,0.1329942785695796,0.01417730364085564,0.2569388761434843,0.11017046707729228,0.21099347266284504,0.19412965453104394
Fextralife,3301867485,147885,68795,18985,508816,425468,670137548,True,False,English,0.27596482302492914,6489.315361545235,1317.0528206660167,0.836192258105091,7.702606755249011,1.176047633764069,0.590933363755528,1.0,1.0,0.8393815828191017,0.0795479650121607,0.4029994325421536,0.6521437240214907
loltyler1,2928356940,122490,89387,22381,3530767,951730,51349926,True,False,English,0.2503831653372414,829.3826638801145,14.543561214886171,0.26955332934741943,10.963017389174626,1.0681786424388633,0.5329821367608003,0.13384318537643755,0.019567033514471265,0.2590538183467793,0.11346220009364467,0.27040187576283947,0.22155170830916213
Anomaly,2865429915,92880,125408,12377,2607076,1532689,36350662,True,False,English,0.09869386323041593,1099.0971935609089,13.943077225213228,0.5878957882317202,7.995478036175711,2.4925977170917384,0.18935385096385152,0.1843558836345944,0.01856583533803586,0.5850867788883158,0.08259436210294814,1.0,0.34332611848795763
TimTheTatman,2834436990,108780,142067,25664,5265659,1244341,50119786,True,True,English,0.18064715943885631,538.2872286260846,9.518236178985385,0.23631249194070486,14.155543298400442,1.0152977083112682,0.37500616988403185,0.07932622663967324,0.011188215180481397,0.22500995040477206,0.14667030985215398,0.20539818397538792,0.1737665093227501
LIRIK,2832930285,128490,89170,21739,2666382,199077,50504526,True,False,English,0.24379275541101267,1062.4622747228266,18.941219225152285,0.07466184515196997,10.151295820686435,1.0142079150396919,0.5180525983279956,0.17749481981585907,0.026899330888233132,0.05945415514360604,0.10501881084445863,0.20405855964563124,0.18182971244429727
Riot Games (riotgames),2674646715,80820,639375,20960,4487489,497678,56855694,True,False,English,0.03278201368523949,596.0230130926226,12.669823591768136,0.11090344733992663,15.560504825538233,1.5789060950401514,0.04004090958737296,0.09013910447353614,0.016442915763378606,0.09657128019666898,0.16128447992508807,0.8982116991706285,0.21711506485277887
Rubius,2588632635,58275,240096,42948,5751354,3820532,58599449,True,False,Spanish,0.17887844862055177,450.09099335565156,10.188809278649861,0.6642839234030804,44.21930501930502,1.034296834254923,0.37099943336324226,0.06280865220646308,0.0123062742396686,0.6633202949183507,0.45938842941271574,0.22875278894685797,0.2995959788478831
auronplay,2410022550,40575,170115,53986,3983847,3966525,41514854,True,False,Spanish,0.3173500279222879,604.9485710671117,10.420795276525428,0.9956519414525709,79.83142329020333,1.1002247929958975,0.6846850444522973,0.09181070154057082,0.012693068828743437,1.0,0.8298196070753545,0.3097944872616722,0.48813381819310636
MontanaBlack88,2408460990,67740,181600,33514,2911316,1101093,37189666,True,True,German,0.18454845814977974,827.2757028093138,12.774177038837419,0.37821143427920567,29.684676705048716,1.0608846332770097,0.3838439492778112,0.1334485893235775,0.016616906215592694,0.37033688049909674,0.30820170577043,0.26143574210287146,0.24564729553156325
sodapoppin,2329440420,115305,107833,19659,2786162,236169,39334821,True,True,English,0.18230968256470653,836.0750092779961,14.117923150197296,0.08476499212895733,10.22973851957851,1.0276424697128714,0.3787723548680683,0.13509654174593916,0.018857359215877393,0.06980137345447116,0.1058347584134459,0.2205729360590637,0.1548225539594776
풍월량 (hanryang1125),2186662470,181230,26999,12201,494445,92205,34405975,True,False,Korean,0.4519056261343013,4422.458453417468,69.58503979209011,0.1864818129417832,4.039397450753187,0.9889087818221526,0.9894996155247858,0.8067618946146403,0.11133871923388466,0.1739754642832772,0.04144388689002278,0.17295969414158135,0.38266321244803203
alanzoka,2055003870,103770,89153,19560,3445134,1325075,46515698,True,False,Portuguese,0.2193981133556919,596.4946124011432,13.501854499708864,0.38462219466644837,11.309627059843885,1.012446251768452,0.4627903687859503,0.09022742657319553,0.017830176443254287,0.3769025117243515,0.11706757474500867,0.20189304161524552,0.21111851664783432
CohhCarnage,2029212570,175230,43615,11343,1264808,124242,38718674,True,False,English,0.2600710764645191,1604.3641169252567,30.612293723632362,0.09822992896945623,3.883923985618901,1.02091868135736,0.5549285775933593,0.27898332424721617,0.04635873148155171,0.08359159558506096,0.03982667843455024,0.212307744206531,0.20266610859137824
Lord_Kebun,1943299035,153720,34830,12367,434200,137215,19645967,True,False,English,0.3550674705713465,4475.585064486412,45.246354214647624,0.3160179640718563,4.827088212334114,1.0222212348758473,0.7701279859262666,0.8167115568652429,0.0707583739856423,0.30664094345972265,0.049637311786200504,0.2139089032792528,0.3712975125503879
LCK_Korea,1916365860,47325,140557,39848,619382,255088,76225485,True,False,Korean,0.283500643866901,3093.996693478338,123.06700065549208,0.4118427723117559,50.52044374009509,1.0162048748795343,0.608004582108,0.5579648123561401,0.20051019192842182,0.40478068276208884,0.5249317992061757,0.20651331510868373,0.417117563911585
Castro_1021,1845157080,100215,125133,17779,2411995,550678,22672980,True,False,English,0.14208082600113478,764.9920833169223,9.40009411296458,0.22830810179954766,10.644514294267326,1.0356029603566461,0.2876401996764237,0.121783983484328,0.010991234706239668,0.21681219059542334,0.11014918524745619,0.2303583396042479,0.16295585555235312
DrDisrespect,1839882465,73065,97540,23794,4450718,825004,43919410,True,False,English,0.2439409473036703,413.3900339226165,9.867938161887588,0.1853642490941911,19.53931430917676,1.0583108156133894,0.5183883037820762,0.0559352201677079,0.011771279830994769,0.17283090238254417,0.20267137725896342,0.2582718863033619,0.20331149495427472
TheRealKnossi,1811696100,56010,288459,24595,1260160,1082039,25342894,True,True,German,0.08526341698473613,1437.6714861604876,20.110854177247333,0.8586520759268664,26.34708087841457,1.315142915662223,0.1589292847169787,0.24776478155452447,0.028849485099289588,0.8623839838287589,0.27348460348470827,0.573981790981204,0.357565654944244
TheGrefg,1757406750,54855,538444,28887,3795667,3593081,47094362,True,False,Spanish,0.05364903313993656,463.00340625244525,12.407400859980605,0.9466270355118086,31.59639048400328,1.1090563923001755,0.08731186426458147,0.06522691575797585,0.01600537343912118,0.9524842382136924,0.3280870262982664,0.3206506978910147,0.29496101931077534
YoDa,1690237110,135675,123796,12868,1792625,383130,38499423,True,False,Portuguese,0.10394520016801835,942.8838212119099,21.476562582804547,0.21372568161216093,5.690657822001105,0.968136848311202,0.20124992988931004,0.1550999182600454,0.03112655624306998,0.2018774890095369,0.058620015512758125,0.14742587205520746,0.13256663016165462
Pestily,1659741015,138300,168112,8481,616168,520342,24029726,True,False,English,0.05044851051679833,2693.6501327560018,38.99865945651186,0.8444807260357565,3.6793926247288504,1.4150477103214765,0.08006158301621215,0.4829870755453292,0.060341475772956454,0.8478702831553977,0.03769917811830656,0.6967893886013427,0.3676248307015908
한동숙 (handongsuk),1621667925,127815,44976,12869,385250,73602,30610352,True,False,Korean,0.28613038064745644,4209.391109669046,79.45581310837119,0.19104996755353668,6.041074991198216,0.9859055278029445,0.6139618376919374,0.7668581991920449,0.12779644402626497,0.17865397615222886,0.062264995114125136,0.1692679552976158,0.3198005679123695
GamesDoneQuick,1619144100,87450,234826,6734,1724316,113469,43345080,True,False,English,0.028676552000204407,939.0065973986207,25.137550193815983,0.06580522363650282,4.620240137221269,2.749492730624806,0.030740631046700717,0.15437378371775062,0.03723058929496469,0.050383575795806615,0.047485713403918474,1.0,0.2200357155431902
Solary,1546597380,486510,24470,3187,493207,143569,48799554,True,False,French,0.13024111156518187,3135.7977076562174,98.94335238550953,0.29109278659873034,0.39304433619041745,0.9974782512642942,0.2608191864642545,0.5657933932581445,0.16028838240102644,0.28111362476002016,0.0035151439793516107,0.18349368261188476,0.24250390224578033
Gotaga,1538511315,141675,81644,10750,2401580,632118,39591707,True,False,French,0.13166919798148058,640.6246366975075,16.485691503093797,0.2632092205964407,4.55267337215458,1.010180565575486,0.2640542919093111,0.09849218933568203,0.02280518363403148,0.2525564489247796,0.04678289544279309,0.19910795528111835,0.14729982742128597
MOONMOON,1527882945,124680,24892,11220,923448,95776,13505898,True,True,English,0.4507472280250683,1654.5413981079605,14.625510044961926,0.10371563964619557,5.399422521655438,1.0921956250782752,0.9868754465753774,0.28838062986065965,0.019703668330126458,0.08920982979384323,0.05559063561282283,0.2999246624327939,0.2899474787676039
DrLupo,1517612010,172350,90696,8311,4115083,567795,47295386,True,False,English,0.09163579430184352,368.79256384379124,11.493179116921821,0.13797899094623364,2.8932985204525674,1.0594883478322425,0.1733649045234887,0.04758291318656386,0.01448107444406124,0.12430091347013704,0.02952236137896983,0.2597193634080484,0.10816192173521151
OgamingLoL,1483207890,496950,204491,3020,523758,115965,71583995,True,False,French,0.01476837611435222,2831.857250867767,136.67379782265854,0.22140950591685474,0.3646242076667673,0.9882854218680974,0.0,0.5088707921644201,0.22319705909754212,0.20974693876851744,0.003219522651851349,0.1721934312342683,0.1862046239860999
Myth,1479214575,134760,122552,9396,6726893,1421811,37384058,True,False,English,0.07666949539787192,219.895659853665,5.5574033955943705,0.21136221432390853,4.183437221727516,1.1682268050821725,0.1394611053387926,0.01969719122813515,0.00458424466986626,0.19945692519334776,0.04294216400980535,0.39338570794466815,0.13325455639743589
Evelone192,1474742220,83010,106900,16422,1075101,826433,47400543,True,False,Russian,0.15362020579981292,1371.724349619245,44.08938602047622,0.7687026614243685,11.8698951933502,1.0818315729994015,0.3137808519459372,0.23541406462043984,0.06882933929675895,0.7702615757402868,0.1228953882696872,0.28718468992439145,0.2997276516329169
nl_Kripp,1470897720,155895,29316,9256,1379123,96793,20034033,True,False,English,0.31573202346841317,1066.5457105711382,14.526647006829702,0.07018445780398122,3.5623977677282785,1.0193584855041302,0.6810197095264022,0.17825957417709581,0.019538832139325175,0.05486860328956782,0.03648221757893282,0.21038987925114458,0.19675980266041138
LEC,1470431925,45660,305119,28830,973727,551345,25924096,True,False,English,0.0944877244616035,1510.1069652993087,26.62357724495675,0.566221333084119,37.88436268068331,1.1170288081430726,0.1798255043047494,0.2613306487892433,0.039708269964762656,0.5628887133061641,0.39349344015457305,0.33045076044290983,0.29461622282706706
dota2mc_ru,1464683175,66675,182869,19495,428284,156721,38774178,True,False,Russian,0.10660636849329301,3419.887679670499,90.53380000186792,0.36592774887691343,17.543307086614174,1.1268274781887195,0.20727838870038212,0.6189983542645425,0.1462669785735476,0.3577564464215748,0.18190925071393269,0.34249573918774984,0.30911752631028827
Fresh,1464179820,147660,57431,9728,3135667,1875187,25341820,True,False,English,0.16938587174174227,466.9436582392199,8.081795675369866,0.5980185395962008,3.9528646891507515,1.019314004055369,0.34949549158649196,0.06596485434773075,0.008793211087930802,0.5954540751885149,0.04054378786915142,0.21033520059553387,0.21176443677922563
LCS,1461310140,31125,214124,46459,1162746,526244,28313058,True,False,English,0.21697240851095626,1256.7750308321852,24.35016590037721,0.45258723745340773,89.55951807228915,1.0105625040034003,0.45729531550223984,0.2138861170465984,0.035917768749700624,0.44650945071334147,0.9310095890677097,0.19957745167446903,0.3806992821256765
ROSHTEIN,1435735725,118995,45843,11717,381918,242369,17836875,False,True,English,0.25558973016600134,3759.277449609602,46.703415392833016,0.6346100471829031,5.907979326862473,1.0297442217945438,0.5447767915067064,0.6825599764772147,0.07318775931421463,0.6329295586379488,0.06088055672417488,0.22315650699601075,0.36958185827604506
ibai,1412913285,57795,173238,22837,1894953,1602088,44178173,True,False,Spanish,0.13182442651150442,745.6191710295717,23.313598279218535,0.8454499926911117,23.708279262912015,1.070498809531129,0.26440593775999416,0.11815578416591968,0.0341894801859684,0.8488629653075277,0.24603623934604713,0.2732539325399969,0.297484056550909
TFBlade,1394312895,141285,35833,9117,1008040,450146,35978104,True,False,English,0.25443027376998856,1383.1920310701955,35.69114717669934,0.44655569223443514,3.8717485932689244,1.0824609377033343,0.5421502251748395,0.23756175586101957,0.05482679874569781,0.44033219571797033,0.03970003208084564,0.2879583341481799,0.2670882236214255
Sardoche,1361024835,164235,144066,8066,746865,370358,32261961,True,True,French,0.05598822761789735,1822.3170653330924,43.19650940933101,0.4958834595274916,2.946753128139556,1.0274060468845967,0.09261094190185135,0.31980200587489926,0.0673406294389869,0.4908516208170402,0.03007838708702682,0.2202823141758797,0.2034943165492807
LCK,1351758525,37140,171861,36030,934688,307853,28970100,True,False,English,0.20964616754237436,1446.2136295747887,30.99440668971892,0.3293644510253689,58.206785137318256,1.0101664852974344,0.4406988674310618,0.24936457194503533,0.046995835569949726,0.3203098541967104,0.6048838108790452,0.19909064715164115,0.3102239311955739
Yassuo,1347412425,103905,70587,10531,1878416,689957,32362117,True,False,English,0.14919177752277332,717.3131111532269,17.22840787131285,0.36730788068244735,6.08113180308936,1.2313867845771242,0.30374894332431146,0.11285456638168202,0.024043528512926002,0.35916991938422255,0.06268165923641558,0.47102487805624804,0.22225391581596762
HasanAbi,1339344945,193560,44649,6543,470123,340810,14154952,True,False,English,0.14654303567829066,2848.92452613465,30.109039549224352,0.724937941772685,2.02820830750155,1.0575475638816096,0.2977486347534589,0.5120671869847706,0.045519646392913074,0.7254395901172676,0.020523840596516386,0.2573336619480747,0.3097720934655002
BeyondTheSummit,1339097490,505080,116547,2635,923689,114948,42403593,True,False,English,0.02260890456210799,1449.7276572526034,45.906785725498516,0.1244444829374389,0.31301971964837255,1.0061700936323763,0.016995328912572823,0.25002268635945096,0.0718595237842981,0.11043943947434734,0.0026827415728961908,0.19417809754670118,0.1076963029417111
Dota2RuHub,1330625430,92160,105359,13189,777510,126221,43831479,True,False,Russian,0.12518152222401505,1711.393332561639,56.3741675348227,0.16234003421177862,8.586588541666666,1.094716048293085,0.24935748159783439,0.29902797842526935,0.08931198506516658,0.14925046963547636,0.08874299271829426,0.3030228833045002,0.19645229845775689
Bugha,1324519320,100470,66311,12982,2942212,2220765,49441744,True,False,English,0.1957744567266366,450.1780701050774,16.804276510326243,0.7547943520045463,7.752762018512989,1.0155008480630943,0.40927468561680264,0.06282496012125822,0.02333636636956871,0.7560172700571406,0.08006967150250552,0.20564789276051676,0.25619514107129876
RocketLeague,1322448480,33540,206681,36086,1409120,412101,57189129,True,False,English,0.17459756823317094,938.4924491881458,40.584995600090835,0.2924527364596344,64.55456171735241,1.0926396561900378,0.36130177130806646,0.15427749297121046,0.06298640366692058,0.2825064282236001,0.6709122997264191,0.30047048602704834,0.30540914698721083
csgomc_ru,1308967860,77955,364816,17020,492954,447601,42952835,True,False,Russian,0.04665365554142362,2655.354982412152,87.133556072169,0.9079975007810059,13.099865306907832,0.9865644262361432,0.07146493518459583,0.4758150801160916,0.1405976883336791,0.9129214930594148,0.13568932751781468,0.1700779037483662,0.31776107132666037
Clix,1256647110,89760,81926,12996,2035180,1687923,33286370,True,False,English,0.15863095964651028,617.4623915329356,16.35549189752258,0.8293728318871058,8.68716577540107,1.0772606349053513,0.3251319276709642,0.09415431587234228,0.022588099398793984,0.8323974132338176,0.08978917994183641,0.2815658812564465,0.2742711362290335
Gorgc,1252711830,141135,56449,8683,391726,136943,20882507,True,True,English,0.15382026253786604,3197.928730796526,53.308963408096474,0.3495887431521012,3.6913593368051867,1.0222253578765799,0.31423404906006797,0.5774294205351,0.08420131294924214,0.3410227237901814,0.03782365381541244,0.21391397146258356,0.26143752193543124
서새봄냥 (saddummy),1241997345,182310,25482,6681,580794,97615,30550147,True,False,Korean,0.26218507181539913,2138.4472721825637,52.60065875336178,0.16807163985853849,2.198782293895014,1.0196912781997889,0.5597175019836504,0.37900752872075705,0.08302034336324647,0.15512053913301982,0.022298122097484458,0.21079896343573015,0.2349938331223147
NoWay4u_Sir,1234567245,139920,24286,8479,383892,108832,23037239,True,False,German,0.3491311866919213,3215.923345628458,60.00968762047659,0.28349640002917487,3.6359348198970842,1.0406155673273714,0.7566802672990532,0.5807994894385176,0.09537355563615453,0.2733337250527359,0.037247137447768315,0.23652006809774329,0.32999237382866214
RiotGamesBrazil,1228613130,38370,255542,25918,1011924,325801,33796768,True,False,Portuguese,0.10142364073224754,1214.1357750186774,33.398523999826075,0.3219619259944423,40.528537920250194,1.2354405947765374,0.19553773308693542,0.20590054850711662,0.05100426528366624,0.31272849932568775,0.4209976998138355,0.47600800918119485,0.2770294591997394
JLTomy,1228169940,121455,42079,10053,428073,277529,13890640,True,False,French,0.23890776872073957,2869.066584437701,32.44923178990499,0.6483216647627857,4.966283808818081,1.005882801637919,0.5069864283397039,0.5158394335692031,0.04942149264389115,0.646972420809241,0.051085200629508803,0.19382494493000121,0.3273549868202582
SolaryFortnite,1223349555,381735,46710,3180,1478270,447191,26737542,True,False,French,0.0680796403339756,827.5548817198483,18.08704905057939,0.30250969038132414,0.49982317576329127,1.0077700968591519,0.12000213802960015,0.13350087453077253,0.025475156995414316,0.2928063375495817,0.004625839248628887,0.19614489556810702,0.12875920698701743
ONSCREEN,1197130335,134880,88516,4134,918654,669348,22820310,True,False,English,0.04670342085046771,1303.1351684094338,24.84102828703734,0.7286181739806282,1.8389679715302492,2.1469572964497172,0.0715776706748477,0.22256854006406684,0.0367361927790782,0.7292087291961113,0.01855539491232895,1.0,0.34644108793773887
AdmiralBahroo,1188645990,141210,21053,8152,778055,72454,12853095,True,False,English,0.387213223768584,1527.714608864412,16.519519828289773,0.09312195153298931,3.4637773528786915,1.032578089801317,0.8429491401764151,0.26462824490871767,0.022861586232736104,0.07836021987782003,0.03545638485153328,0.22664002871357583,0.245149267460133
Quin69,1186941750,174270,36742,6616,538532,87860,19512632,True,True,English,0.18006640901420717,2204.031979529536,36.23300379550333,0.16314722244917665,2.2778447237045962,1.0294642710317123,0.3736905710242158,0.3912903691613069,0.05573024641119092,0.15007715788710174,0.0231205160017293,0.222812378561009,0.20278687317442565
Trymacs,1184154975,107880,50957,10735,1607134,582089,21254933,True,False,German,0.21066781796416587,736.8116006505992,13.22536453089786,0.3621907071843418,5.970522803114572,1.0225052754885235,0.4430132559755928,0.11650628406124587,0.017369179551851688,0.3539291254573326,0.061531123292188135,0.21425805914697965,0.2011011712475318
dasMEHDI,1172969025,231465,47683,5013,299048,76568,7422911,True,True,English,0.10513180798188033,3922.3436538615874,24.82180452636366,0.2560391642813194,1.2994621217030653,1.0108890884090194,0.2039380034932317,0.7130993544678326,0.03670414064369787,0.2452131787375057,0.012943547119756591,0.19997890434159146,0.2353128548006026
sneakylol,1149209820,174885,22759,6775,1659108,183911,17820367,True,False,English,0.2976844325321851,692.6672766329859,10.740932476969553,0.11084932385354057,2.3243845955913884,0.9699234678940837,0.6401357272676325,0.1082388432172134,0.013226839565026289,0.09651584919772803,0.023604615807872563,0.14962206753894922,0.17189065709907034
NickEh30,1148114400,117885,85073,9702,1660204,1445590,39439261,True,False,English,0.11404323345832403,691.5501950362726,23.755671592165783,0.8707303439818239,4.938032828604148,1.003841962160905,0.22412543805813645,0.10802963385169906,0.034926557281087296,0.8747540380966481,0.05079133875386399,0.19131625058599822,0.24732387610457218
fps_shaka,1131509385,215160,26572,5195,303671,128907,21331882,True,False,Japanese,0.19550654824627428,3726.102871199423,70.24668802750345,0.4244955889762276,1.4486893474623537,1.0123042797704902,0.4086677810389667,0.6763469724130355,0.11244189770013875,0.4177391655568902,0.01449578325906298,0.20171852306427415,0.30523502050539475
LVPes,1115650275,90960,233009,12947,587677,158934,51523747,True,False,Spanish,0.05556437734164775,1898.4072458170049,87.67358089562804,0.27044447885488115,8.54023746701847,0.9473456758862445,0.09165077568156219,0.3340523331811121,0.14149808181256524,0.2599664962007519,0.08826085674881189,0.12186840060527644,0.17288282403834662
Vader,1110952500,184305,16289,5913,424374,57681,11535871,True,True,English,0.36300570937442445,2617.861838849694,27.183265233025587,0.13592020246292186,1.9249613412549849,1.0194137667842103,0.7881108189557671,0.4687932861854435,0.04064144820542237,0.12219238887465757,0.01944988327092636,0.21045783355927514,0.2749409431752487
forsen,1106781045,109140,33966,10080,1308165,164792,18534278,True,True,English,0.296767355590885,846.0561511735905,14.168150042234734,0.12597187663635703,5.54150632215503,1.0060445926813093,0.6380582335162214,0.13696583076585475,0.01894110345149521,0.11200373187604597,0.05706856706147966,0.19402382596892406,0.19284354877333684
Papaplatte,1105525440,125550,42230,8546,919026,552959,23472239,True,False,German,0.202367984844897,1202.9316254382356,25.540342710652364,0.6016793866550021,4.084109916367981,1.0303603438108924,0.42421128782383366,0.2038022120635223,0.03790217278473943,0.5992033608127255,0.04190897832793996,0.22391387269529184,0.25515698075134213
StarLadder_cs_en,1088832810,32880,329195,29956,820675,260993,29821162,True,False,English,0.09099773690365892,1326.752746215006,36.3373588814086,0.3180223596429768,54.66423357664234,1.105466454205828,0.17191948571719856,0.22699168917173007,0.05590423959586687,0.30869376112168045,0.5680347940199675,0.31623777982761714,0.2746302915756768
Symfuhny,1076179485,137400,45671,7327,2355063,704327,18756705,True,True,English,0.1604300321867268,456.9642022315327,7.964417512397757,0.29906928179840625,3.1995633187772925,1.0689854268742218,0.3292074439033719,0.06409588106440987,0.008597504283516216,0.2892828157432464,0.03270807555235974,0.2713936125322471,0.1658808888465252
DreamHackCS,1052904720,314595,212201,5001,1801697,275934,28759226,True,False,English,0.023567278193787965,584.3961109997963,15.962298877114188,0.15315227810225582,0.9537977399513661,0.6692377063613645,0.019166373828945784,0.08796159405988827,0.021932521328786782,0.13984075616018402,0.00934800520241588,0.0,0.046374875096703454
Mizkif,1052047935,123120,32671,7899,591653,365303,13585178,True,False,English,0.2417740503810719,1778.1502586820316,22.961394601227408,0.6174277828389275,3.8494152046783627,1.0817696869616333,0.5134795391911046,0.31153035443649973,0.03360224441248738,0.6153322059866341,0.039467723983532606,0.287108616742414,0.30008678079211204
Rainbow6,1031011170,82380,135471,11535,1501197,428942,16786627,True,True,English,0.08514737471488362,686.7927194099109,11.182161301947712,0.2857333181454533,8.401310997815004,1.0849856243593157,0.158666409183137,0.10713864391849318,0.013962508629574495,0.275624682528202,0.08681576732155347,0.2910617958391046,0.15554496790334413
stylishnoob4,1029543660,118515,25263,8485,354579,124038,20638084,True,False,Japanese,0.33586668250009893,2903.566370258814,58.20447347417642,0.34981767109727313,4.295658777369953,1.0238105512702607,0.7266316167081738,0.5223006252343885,0.09236368835836829,0.3412571821655319,0.04410947348293298,0.21586256455168634,0.32375419175018033
Maximilian_DOOD,1023316710,110040,43253,9235,833047,133195,15517436,True,False,English,0.21351120153515363,1228.402130972202,18.62732354837122,0.15988893783904148,5.035441657579062,1.006984033172364,0.4494544948025316,0.20857238133116476,0.02637596676098083,0.1467401597956364,0.05180456877173133,0.19517862970188818,0.17968770019398886
Trainwreckstv,1021699920,148425,49379,7134,728097,379973,12449595,True,True,English,0.14447437169647015,1403.2469849484341,17.098813756958208,0.5218713990031548,2.8838807478524506,0.9649019782003155,0.29306240145889034,0.24131768934755304,0.02382745382450792,0.5174673756721102,0.02942439931536321,0.14344941999115873,0.20809145660159722
dota2ti,1017577605,6315,483530,147643,663297,121422,16228039,True,False,English,0.3053440324281844,1534.120620174673,24.465720484187326,0.18305826801568528,1402.7838479809977,1.0913934030026817,0.6574873476231612,0.26582797603457325,0.0361104350665036,0.17046921352516411,1.0,0.29893853392717523,0.40480558436276287
GRONKH,1017544335,54645,100330,17860,1216020,192000,16800930,True,False,German,0.17801255855676268,836.782565253861,13.816327034094835,0.157892139931909,19.610211364260223,1.042608967357976,0.36903789544213744,0.1352290543011653,0.018354502375970222,0.1446951233416642,0.20340883632858697,0.2389704476785173,0.18494930991134026
SypherPK,1016450160,145230,130401,6553,3611359,1118169,26996445,True,False,English,0.050252682111333505,281.4591847556557,7.4754254561786855,0.30962554539717596,2.7072918818425946,1.0680450787349636,0.07961796452535222,0.031226936254341718,0.007782198691031422,0.3000940970452313,0.027587552062960475,0.27023769307610135,0.11942440694250307
ZeratoR,1011013035,84960,262273,10516,880728,240442,31456198,True,True,French,0.04009562555047603,1147.928798675641,35.716132563061464,0.273003696941621,7.426553672316384,1.1315967040001462,0.05660874840876585,0.19350116823435684,0.0548684573472484,0.26258753975370913,0.07667650794717337,0.34835829229550525,0.1654334523311265
SilverName,1006608690,95625,29927,10618,614395,108466,27464678,True,False,Russian,0.3547966719016273,1638.3738311672457,44.701988134669065,0.17654115023722525,6.662274509803922,0.9913945021218131,0.7695145340784482,0.285352734287472,0.06985074224864184,0.16379465553200165,0.06872660650972189,0.17601525658378542,0.2555424215400118
Sacriel,1002681105,163095,66781,5573,672403,136341,60194490,True,False,English,0.08345188002575583,1491.1907070610928,89.5214477032375,0.2027667931285256,2.050216131702382,1.1031463714742293,0.15482553230183588,0.25778797259122305,0.1445790646695466,0.19065385623027653,0.02075276222859938,0.31338582675049625,0.1803308357953296
dakotaz,978947160,132615,43397,7112,4520305,489250,18504106,True,False,English,0.16388229601124502,216.56661663316967,4.093552536831033,0.10823384705235597,3.217735550277118,1.0379462238071955,0.337028005298681,0.01907372108774539,0.00214353877999649,0.09383718783503546,0.032897100003644326,0.23323878749400678,0.11970305674985159
Stray228,972961650,93750,36971,10290,773712,197486,23738903,True,False,Russian,0.27832625571393793,1257.524311371673,30.68183380896251,0.25524484562731353,6.5856,1.008577026239067,0.596282818566636,0.2140264438649076,0.046474676965226676,0.2443996709720429,0.06792905134191873,0.19713681051007226,0.227708245370134
AdmiralBulldog,972317520,154845,16681,6198,694253,66513,17095676,True,True,English,0.37156045800611476,1400.5233250702554,24.62456193923541,0.0958051315586681,2.4016274338854986,1.0131164171697538,0.8074902581574934,0.24080759665900892,0.0363752743925664,0.08110822003621522,0.02440808263165525,0.2027168399446721,0.2321510453036019
pokimane,964334055,56505,112160,16026,5367605,2085831,45579002,True,False,English,0.1428851640513552,179.65816318451152,8.491497045702879,0.3885962174936494,17.01725511016724,1.0649163287253116,0.2894623011796916,0.012161429138054207,0.009476313838237119,0.38097253880196136,0.1764373478165912,0.2663916887521862,0.18915026992112027
lestream,955346835,253395,47638,3652,883706,124020,25815105,True,False,French,0.07666148872748646,1081.0686302910697,29.21232287661281,0.14034079207338188,0.864736873261114,1.0323625915813526,0.1394429674847628,0.18097945679709607,0.04402453392890402,0.12671977087418296,0.008421609263798407,0.226375128327408,0.12099391111269205
ybicanoooobov,938816460,114765,17036,8255,523512,101937,16237397,True,False,Russian,0.4845621037802301,1793.304566084445,31.01628424945369,0.19471759959657084,4.315775715592733,0.9909555098279335,1.0,0.31436848465527373,0.047032312434092664,0.18241021067199184,0.04431872644171922,0.17547562693769092,0.2939342268567947
Method,905107560,230940,148350,4135,401400,132108,22813009,True,False,English,0.027873272665992585,2254.876831091181,56.83360488290982,0.329118086696562,1.074305014289426,0.9478192328728736,0.028920927898241824,0.4008126987441949,0.09007801354053305,0.32005753821041616,0.010601501307600982,0.12245051877150166,0.1621535330787481
Nightblue3,899215845,118980,17738,7234,2641880,175130,19181711,True,False,English,0.4078250084564212,340.36967803231033,7.260629173164564,0.06628991475767257,3.6480080685829552,1.04474784005211,0.8896419005828762,0.04225981599813821,0.007424064834746643,0.050879976061536186,0.037372721320507944,0.24159964899040434,0.2115296879647016
EsfandTV,888938940,189045,29597,4393,471970,216021,24144005,True,False,English,0.14842720546001284,1883.4649236180267,51.1558043943471,0.45770070131576157,1.3942712052685868,1.070398599808012,0.3020169254189907,0.3312539039922715,0.08061131069237022,0.45174644538727937,0.01392973502947696,0.27313075011020327,0.24211484510509865
shroud,888505170,30240,471281,29612,7744066,833587,30621257,True,False,English,0.06283300196697936,114.7336773731009,3.9541575446283646,0.10764203197648367,58.75396825396825,0.9922256086121242,0.10811670297777459,2.2363602715101975e-06,0.0019111229048062927,0.09323107571930953,0.6105755162911157,0.1770368911488703,0.165145590900358
NOBRU,888211260,38655,132224,22070,1549722,1400039,6781403,True,False,Portuguese,0.16691372216844144,573.1423184287246,4.375883545564946,0.9034129992347014,34.25688785409391,1.0411379181385505,0.3438952250659909,0.08585396037372682,0.0026142745464063804,0.9082262393474613,0.35576106597414797,0.23716216589149414,0.3222521551998712
buster,884353800,59295,97838,14195,1087377,1052053,37351933,True,False,Russian,0.14508677609926612,813.2908825549924,34.350490216364705,0.9675144866959665,14.363774348596003,1.0506851061793616,0.2944497074338304,0.13082948309100959,0.05259149634464041,0.9738762874288832,0.1488362937052657,0.2488980113163176,0.3082468798866578
Scarra,864157695,138360,27421,6060,1242014,333090,15626904,True,False,English,0.22099850479559463,695.7712996793917,12.581906484145911,0.2681853827734631,2.6279271465741543,1.030646716558039,0.4664158041954336,0.10882017111124649,0.016296329927048835,0.2576528249859417,0.026762013628915778,0.22426589533065103,0.18336883986320626
Baiano,859718520,85860,107069,9229,425797,363343,19412227,True,False,Portuguese,0.08619675162745519,2019.0807356557232,45.5903329520875,0.8533244715204663,6.449336128581412,1.084952568389724,0.16104360773711227,0.35665231541861325,0.07133189616205358,0.8569276754139142,0.0665116578024924,0.2910211619113097,0.3005813857409159
괴물쥐123 (tmxk319),857951685,116400,71933,7173,427926,367486,17151766,True,False,Korean,0.09971779294621384,2004.9066544215589,40.08114954454742,0.8587606268373504,3.6974226804123713,1.0275643305867794,0.191673402890911,0.353997763995984,0.06214633172380519,0.8624951571068652,0.03788672368100979,0.22047688382865546,0.2881127105378718
WePlayEsport_RU,853324635,92970,115737,8627,346934,243137,28789066,True,False,Russian,0.07453968912275245,2459.6166273700474,82.98139127326812,0.7008162935889823,5.567602452404001,1.0639265694168853,0.13463636378329727,0.43915679375127714,0.13367470637843493,0.7007352123285283,0.05734001455547677,0.2651750307999371,0.2884530202661586
elded,853049385,110940,44758,7699,2601858,1108422,14789437,True,False,Spanish,0.17201394164171768,327.8616223483372,5.684182995382531,0.4260117193175031,4.1638723634396975,0.9987382732025841,0.3554489711143174,0.039917281306705354,0.00479562666555652,0.41929192250129943,0.0427386536922997,0.18504255989768298,0.1745391691963102
LPL,850636305,48765,146577,17573,502467,280538,31029241,True,False,English,0.11988920499123328,1692.919743983187,61.75378880603104,0.5583212429871016,21.621654875422948,0.9926354401623124,0.23736856825103997,0.29556820632210135,0.098281528132552,0.5547977732163548,0.224331528513701,0.1775406750591343,0.2646480465824806
juansguarnizo,849083325,123780,45631,6039,1204773,946280,12708431,True,False,Spanish,0.13234423966163353,704.7662298208875,10.548402894155165,0.7854425688490695,2.927290353853611,1.1358861494645764,0.2655834927967217,0.11050476034204658,0.012905831394053036,0.7874058850353598,0.029875938629889794,0.3536310771944278,0.2599844975654165
Rakin,842581305,144510,51854,5333,1258173,517248,24523589,True,False,Portuguese,0.10284645350406911,669.6863666602287,19.491428444260052,0.4111103957881786,2.2142412289806934,1.0933075171568163,0.19876089191883997,0.10393493058586356,0.02781670500028677,0.4040306135220324,0.022458923302446143,0.30129145163889987,0.17638225266139476
SolaryHS,827452485,460065,17513,1802,149073,35986,10445269,True,False,French,0.10289499229144064,5550.65293513916,70.06814782019548,0.2413985094550992,0.2350102702878941,0.9980885717386385,0.1988708489169109,1.0,0.11214421427634838,0.23021883568320975,0.0018713005916100448,0.18424391678721383,0.28789151937588214
Cellbit,817373955,103095,68813,8264,1293451,547018,18105470,True,False,Portuguese,0.1200935869675788,631.9326785475445,13.997801230970481,0.4229135854392629,4.809544594791212,0.9593849109180261,0.23783156351309176,0.09686434132978769,0.018657077695390375,0.41611894405533034,0.04945482607003374,0.13666758553408875,0.15926572303295378
dota2ti_ru,812538090,6195,457060,126232,541644,108438,12068376,True,False,Russian,0.27618255808865355,1500.1330948002746,22.281011143850943,0.20020160843653764,1222.5859564164648,1.0390416462128917,0.5914266083394658,0.2594627215716036,0.03246782836057374,0.18802670193111148,1.0,0.2345853314159643,0.3843281986031198
uzra,812362125,208785,14181,3683,185506,29752,20715640,True,False,Chinese,0.25971370143149286,4379.169002619861,111.6709971645122,0.1603829525729626,1.0584093684891156,1.0564492866947488,0.5541190005943238,0.7986545562058095,0.18150942236579806,0.14724610891350126,0.010436157512302825,0.2559836087969781,0.32465814239811897
OverwatchLeague,805163370,24480,254493,33132,1796619,83198,27099682,True,False,English,0.13018825665145997,448.15476737137925,15.083711126287765,0.04630809314607048,81.20588235294117,0.9927158197276255,0.2606994519599358,0.06244603177582146,0.02046763555482136,0.030415434574121155,0.8441164957183177,0.1776394813411302,0.23263075515402462
Thijs,794621265,108720,24923,7180,755116,68557,15548337,True,False,English,0.28808730891144724,1052.3168162242623,20.590660242929562,0.09079002431414511,3.9624724061810155,1.0179496447391885,0.6183949512697768,0.17559475724067952,0.029649474718105796,0.07597195807450373,0.04064372570230971,0.20865806697564845,0.19148548899683734
Swagg,790021440,108375,74199,6309,784966,723082,7527027,True,False,English,0.0850281001091659,1006.440329899639,9.588984745836125,0.9211634644048278,3.4928719723183392,1.1554448991142987,0.15839621130014442,0.16700291343603643,0.011306175587976955,0.9264055193928826,0.035759022118451556,0.37767359752719587,0.27942390656044797
TeePee,789698115,170010,78741,4410,520519,238257,17102146,True,True,English,0.056006400731512175,1517.1360027203618,32.85594954266799,0.4577296890219185,1.5563790365272632,1.053290202617133,0.09265211023602073,0.26264706154133033,0.050099620752872054,0.4517761333770335,0.01561595302933572,0.2521003164327302,0.18748186589488705
LVNDMARK,788421150,199350,96236,3688,248829,244295,8815201,True,False,English,0.038322457292489294,3168.5259756700384,35.426742863572976,0.9817786512022313,1.1100075244544771,1.0723859457553753,0.052591914258573486,0.5719228113827475,0.05438595249384695,0.9884850449283635,0.010972872726322788,0.2755736877316479,0.325655380586917
Agraelus,779867430,169515,23555,4642,414951,132125,20334558,True,True,Czech,0.19707068562937805,1879.4205339907603,49.00472103935164,0.318411089502134,1.6430404388992124,0.9910772633733442,0.4122110885777433,0.33049646228854757,0.0770247692201238,0.30909188189789133,0.01651739014954124,0.17562529203098928,0.22016114736080608
BLASTPremier,753808200,25260,113167,24689,501371,315910,21104122,True,False,English,0.2181643058488782,1503.4938199457088,42.09282547255425,0.6300922869491853,58.6437054631829,1.2087152779147416,0.45999537169201404,0.26009212516881,0.06550043658811043,0.6283026585719692,0.6094285815558022,0.44315601273169186,0.4110791977180663
cloakzy,748023225,101670,40497,6743,2138294,558107,14533643,True,False,English,0.16650616095019385,349.8224402257126,6.7968403783577,0.26100573634869667,3.97934493951018,1.0911114143178633,0.34297195914783735,0.04403014896813631,0.0066507811109545855,0.25029973301161973,0.040819230914994065,0.2985919003841433,0.16389395892294756
aceu,744620970,118125,26141,6328,859439,763489,15894732,True,True,English,0.2420718411690448,866.4035143855468,18.494310823688476,0.8883574052376026,3.2142222222222223,0.9961551180944355,0.5141541374427676,0.14077652728076284,0.026154192159683638,0.8928069330419537,0.03286055496470589,0.18186722607918196,0.2981032618281759
蝦愛橘子 (shuteye_orange),728551080,325935,7441,2217,85247,29549,18572922,True,True,Chinese,0.29794382475473724,8546.35447581733,217.87185472802562,0.3466280338311026,0.40811818307331216,1.0082385861364846,0.6407233396011766,1.0,0.35858009661704277,0.3379904897972319,0.003671939562536563,0.19672078427150974,0.42294777497491615
Elraenn,726379485,51150,65543,13224,1223076,672978,20881140,True,False,Turkish,0.2017606761973056,593.8956246382073,17.072643073692884,0.550234000176604,15.512023460410557,1.0738783612129728,0.42283552548184244,0.08974068273777372,0.023783818955282542,0.5465151591869045,0.16078018503753533,0.27740823388755387,0.2535106008811488
Elajjaz,726000045,145755,13080,4922,346566,37883,12800182,True,False,English,0.37629969418960246,2094.839208116203,36.93432708344154,0.1093096264492189,2.026139755068437,1.011979177317015,0.8182262532678927,0.3708405197560809,0.0568995758338752,0.09493895585830842,0.020502323867069794,0.20131889208131812,0.26045442011075753
CDNThe3rd,722562675,134280,55752,4919,2009972,167704,15136396,True,False,English,0.08823001865403932,359.48892571637816,7.530650178211438,0.08343598816301918,2.1979445933869526,1.093924549098433,0.16564965478992633,0.045840508481895983,0.0078742759019883,0.06844026347528445,0.022289408479738686,0.30204993586043594,0.10202400783154496
POW3Rtv,721548885,177885,69009,3836,1080764,495072,23271722,True,False,Italian,0.0555869524264951,667.628534074044,21.53265837870247,0.45807595367721354,1.2938696348764651,1.0574207619051137,0.09170191599007485,0.10354953541781395,0.031220085811758874,0.45213076307705025,0.012885375026047322,0.2571777910896233,0.1581109110687281
IzakOOO,717096330,129165,43050,4463,1461767,286467,23586902,True,False,Polish,0.10367015098722415,490.5681480016993,16.13588348895549,0.19597309283900924,2.073162234351411,1.243958135451081,0.20062684917634319,0.07038929794106383,0.022221942195656885,0.1836960340591915,0.02099144367299955,0.48647816440687913,0.16406728857535569
DreadzTV,715644660,109725,35865,6249,675908,57448,32228705,True,True,Russian,0.17423672103722293,1058.7900424318102,47.682088390727735,0.08499381572640063,3.417088174982912,1.0437135478245214,0.3604843286693567,0.17680707651233923,0.07481951909077827,0.07003572496126567,0.03497073198976102,0.24032824911274525,0.1595742717227077
따효니 (ddahyoni),711864630,152445,17253,4534,322895,46946,15586820,True,False,Korean,0.2627948762534052,2204.6319391752736,48.27210083773363,0.14539091655182024,1.7845124471120732,1.0299181567186229,0.5610989181467747,0.39140273085197325,0.07580325786845697,0.13189189601444568,0.017988957839223257,0.2233703158551475,0.23359267942933684
WePlayEsport_EN,704823000,107745,87751,6127,175061,137229,17857171,True,False,English,0.06982256612460257,4026.156596843386,102.00542096754846,0.7838924717669841,3.411944869831547,1.0676651373029291,0.12395046262062936,0.7325416584116984,0.16539382656470394,0.7858183407832662,0.03491723220719247,0.2697706514825157,0.35206536201166766
ElmiilloR,686456910,126105,45726,5163,426716,189847,20714971,True,False,Spanish,0.1129116913790841,1608.6973771782637,48.54510025403313,0.44490246440255343,2.456524324967289,1.054335548245088,0.22156210722599576,0.2797948662427225,0.07625843489643379,0.4386390292884368,0.024979110725484286,0.2533853036617189,0.21576980867346532
Squeezie,667977780,29775,158972,19260,2149306,875678,21128175,True,False,French,0.12115341066351307,310.7876589001287,9.830231246737318,0.4074236055731478,38.81108312342569,1.1648069765191167,0.24023242761374144,0.036719633909841475,0.011708410386785245,0.40025475800808435,0.40313302807118484,0.3891818963905376,0.24687169239669582
allkeyshop_tv,663185955,487005,6075,1361,67472,26937,55639770,True,False,English,0.2240329218106996,9829.054348470476,824.6349596869812,0.3992322741285274,0.16767794991837867,1.000561469898775,0.47328979928151615,1.0,1.0,0.39186554077634467,0.0011709212842207423,0.18728371766205099,0.5089349965006887
Domingo,662502810,65610,102022,11423,829700,276400,23040428,True,False,French,0.11196604653898179,798.4847655779197,27.769589008075208,0.3331324575147644,10.446273433927756,0.8839699671376718,0.21941989738743875,0.12805656269950164,0.041619036791423016,0.3241688880038339,0.10808711764457363,0.04396404611026504,0.14421925810617267
PlayHearthstone,661075170,41175,43877,13154,825727,39065,28719610,True,False,English,0.29979260204663033,800.5977399309942,34.78099904690049,0.047309825160131616,19.16794171220401,1.2205607497341981,0.6449114541406327,0.1284522849323765,0.05330929176214442,0.031441366381515685,0.19880842287355502,0.45771701495171657,0.25243997250699013
ESL_DOTA2,661049190,212010,99858,4714,337177,91323,14784068,True,False,English,0.047207033988263335,1960.5405766110973,43.84660875445241,0.2708458762015203,1.334088014716287,0.6614360374808811,0.07271852712841394,0.34568879264026936,0.06842455222465835,0.260377590484992,0.01330371975057114,0.0,0.1267521970381508
Kitboga,656365305,80760,20913,7394,772055,331906,8392545,True,False,English,0.35355998661119875,850.1535577128573,10.870397834351179,0.4298994242638154,5.4933135215453195,1.0991826381456231,0.7667130178177894,0.13773320158715954,0.013442699574537349,0.4232735464348472,0.056567273772804266,0.30851342228429157,0.2843738602452382
DansGaming,653181210,187530,33646,3270,817365,29415,13757678,True,False,English,0.09718837306069072,799.1303885045237,16.83174346834034,0.035987594281624485,1.0462326027835547,1.0651608036292175,0.1859433994743819,0.12817747630441087,0.02338216254190449,0.01984561359945873,0.01030949687318777,0.26669220861942083,0.10572505956879412
老皮 (mobilmobil),652685055,126120,16497,5303,446426,34362,20520762,True,True,Chinese,0.3214523852821725,1462.0229444521601,45.9667716486047,0.07697132335482253,2.522835394862036,0.9758837340155196,0.6939782906319844,0.2523253733264587,0.071959539434771,0.061819425608692906,0.025668867159693756,0.15694870252225282,0.2104500331139756
Destiny,650910525,162690,24101,3894,571183,115692,8579344,True,True,English,0.1615700593336376,1139.583154610694,15.020306976923333,0.20254804502234836,1.436105476673428,1.0274589691550409,0.33178999632344347,0.19193817865080878,0.020361920631836183,0.19042982361797664,0.014364887982336195,0.22034736868018073,0.16153869598109702
우왁굳 (woowakgood),650364705,158850,14177,4100,591500,207575,18626351,True,False,Korean,0.28920081822670524,1099.5176754015215,31.490027049873202,0.35092983939137784,1.5486307837582625,0.9985869550196919,0.6209174317077946,0.1844346323485144,0.04782219265744008,0.3423962181672585,0.015535357026137724,0.18485655258361336,0.23266039741512642
RATIRL,649761570,145050,14480,4420,423002,249048,14109245,True,True,English,0.3052486187845304,1536.0720989498868,33.35503141829117,0.5887631736965783,1.828335056876939,1.0134772843191846,0.6572712030015229,0.26619345303963576,0.050931749289784486,0.585975118609098,0.018444793148427962,0.2031604345472413,0.29699612527261837
bratishkinoff,646333065,60795,56790,10626,1128907,389268,25254350,True,False,Russian,0.18711040676175383,572.529947108132,22.370620431975354,0.34481848371920804,10.487046632124352,1.0005037014498606,0.38964764141433733,0.0857392741987712,0.03261723560107436,0.3361372246616388,0.10851123349497448,0.18721270601087223,0.18997755256361137
Yogscast,644580630,443130,54885,1384,961860,127684,20999649,True,False,English,0.02521636148310103,670.1397604641008,21.832334227434345,0.13274696941342815,0.18739421840092071,1.0510176458871332,0.02290211297450511,0.10401984312073595,0.03171974095399755,0.11894249701530402,0.0013760065447363783,0.24930678451648303,0.08804449752096033
앰비션_ (lol_ambition),639445965,113415,57254,5332,362297,108498,17248420,True,False,Korean,0.09312886435882209,1764.9772562290054,47.608509040924986,0.29947253220424125,2.8207909006745138,1.0574095134020247,0.17674722019854522,0.3090632871307407,0.07469683886597171,0.2896958078527964,0.02876814949020813,0.25716396390899704,0.18935587790787656
jukes,628079220,76605,24263,8165,1327059,353576,19915875,True,False,Portuguese,0.33652062811688577,473.2865833395501,15.00752792453086,0.266435780172547,6.395143920109653,1.004155841477381,0.7281130277779052,0.06715277055694,0.020340613878996886,0.2558609555703851,0.06594795969693103,0.19170208556949977,0.22151956884177634
木棉花官方頻道 (muse_tw),625892895,446655,16702,1397,121053,120954,13670649,True,True,Chinese,0.08364267752364986,5170.403831379644,112.93110455750787,0.9991821764020719,0.18766161802733652,1.003070401461169,0.15525775406187467,0.9468386610954812,0.1836104229681075,1.0,0.00137878799002324,0.1903678124627245,0.41290890642970185
Shlorox,625142130,115650,13945,5216,331632,77979,13181386,True,False,German,0.3740408748655432,1885.047673324649,39.747026824914364,0.23513713996236793,2.7060959792477304,1.0363239816826209,0.8131092529160493,0.33155032465022943,0.06158924267004964,0.2238062043304389,0.027575112488228762,0.23124465239011419,0.2814791315741851
coscu,622424175,77160,80444,8919,1865296,1061265,19438119,True,False,Spanish,0.11087215951469345,333.6865435834313,10.420929975725032,0.5689525951913262,6.935458786936237,0.9044364765871938,0.21694186816724356,0.04100818467432911,0.012693293415235882,0.5656859571106776,0.0715682227462864,0.0691224268039874,0.16283665881962664
dogdog,622199835,103335,24727,5856,594239,50345,12089717,True,False,English,0.23682614146479558,1047.0531806226115,20.344873022470757,0.08472180385333174,3.4002032225286687,1.0282089497631053,0.5022708287839456,0.17460897261423858,0.02923966909273265,0.06975714183858102,0.0347950975954567,0.22126927955595221,0.17199016491348448
chocoTaco,620395515,160830,30514,3846,1134153,250201,17922897,True,False,English,0.12604050599724717,547.0121888316655,15.802891673345659,0.2206060381623996,1.434806939003917,1.002980080031405,0.25130337440255757,0.0809602553392043,0.02166673871931098,0.20892406087908114,0.014351380815070907,0.190256785180793,0.12791043255600298
Locklear,619247415,108450,50103,5512,824676,469017,17854413,True,False,French,0.11001337245274734,750.8978253277651,21.65021535730396,0.5687288098598723,3.049515905947441,1.0359181376180124,0.21499642098103847,0.11914438152509545,0.03141609075881362,0.5654567655840574,0.031147307967096076,0.230745770081683,0.19881778948296402
餐餐自由配 (blusewilly_retry),618755280,100515,17585,5941,374480,42764,18366224,True,False,Chinese,0.33784475405174863,1652.3052766502883,49.044605853450115,0.11419568468276009,3.5463363677063127,1.0361639743504758,0.7311126270829094,0.2879618443818289,0.0770912699159452,0.09994305124929977,0.03631514963650409,0.23104796397161173,0.2439119843730165
Amouranth,618067800,235170,13495,2560,1707804,532750,48015117,True,False,English,0.18969988884772138,361.9079238601151,28.115121524484074,0.31195031748373936,0.6531445337415487,1.026630668771527,0.3955137063110978,0.04629354348696685,0.04219514961254272,0.30247503086292876,0.00622066185268423,0.21932918351144962,0.16867121260627835
UberHaxorNova,615472275,181950,7808,3247,421256,65267,7518457,True,False,English,0.41585553278688525,1461.0409703363275,17.84771492868944,0.15493429173709097,1.0707337180544105,1.041775514261246,0.9078337919779904,0.25214146717105407,0.02507611074186558,0.14166581959384258,0.010564353293544207,0.23794592855621113,0.26253791188908465
Sfory,612617325,73590,75219,3197,457502,450299,12391816,True,False,Russian,0.04250255919382071,1339.0484085315475,27.085818204073426,0.9842558065319933,2.6066041581736648,2.6039211878339366,0.062061278484400774,0.22929444639142713,0.0404789729531861,0.9910220432562462,0.02654021554197258,1.0,0.3915661594378721
Giantwaffle,612594165,165525,36340,3429,878934,15334,10831070,True,False,English,0.09435883324160704,696.9740219402139,12.322961678578825,0.01744613361185254,1.2429542365201631,1.079298998665795,0.17953352149273494,0.10904541943851007,0.015864586414166184,0.0008562292235364935,0.012355761740176037,0.2840715323350543,0.10028784177402968
ZanoXVII,610609920,95730,30648,6073,514866,322929,6034891,True,False,Italian,0.19815322370138344,1185.958909696892,11.721284761471917,0.6272097982776101,3.8063303039799434,1.0502979445266958,0.41466340852929257,0.2006235265478454,0.014861399247529468,0.6253505348790921,0.039019562198159795,0.2484220942933489,0.25715675428254464
침착맨 (zilioner),601906185,97545,43164,5843,465887,121506,18265409,True,False,Korean,0.13536743582615143,1291.9574596415011,39.20566360512313,0.26080573186201805,3.5940335229893896,1.0560583302447146,0.2724320688084275,0.2204751555108492,0.06068661765795,0.2500948968262678,0.036811287307065135,0.25550302703344463,0.18266717552400072
SkipNhOLIVE,600910875,498765,7940,1196,324765,271487,6544645,True,False,Portuguese,0.15062972292191434,1850.294443674657,20.15194063399689,0.8359490708666266,0.14387537216925808,1.007355852903159,0.30700638274629827,0.32504166749748326,0.028917989316356647,0.8391325206751441,0.0009233309319720653,0.19563568772440282,0.28277626314860954
Kamet0,600882645,130620,70983,4560,565661,221911,14071951,True,False,French,0.06424073369680064,1062.2663485727317,24.877004071343084,0.3923038710464395,2.0946256316031238,1.0088233797919235,0.11130569807803417,0.17745812635884606,0.03679617587648328,0.38476976166916876,0.02121470226885483,0.19743963969954892,0.15483068399182265
MYM_ALKAPONE,599850495,97830,26221,5948,770535,153803,7831334,True,False,Spanish,0.22684108157583616,778.4857209601121,10.16350198238886,0.19960546892743353,3.6479607482367373,1.0308607595171646,0.4796512441094334,0.1243111000155806,0.012264078911728506,0.1874161609127058,0.03737222910234098,0.22452900684283986,0.17759063664910488
김진우 (jinu6734),597275955,121545,12810,4710,274875,90213,9977487,True,False,Korean,0.36768149882903983,2172.9002455661666,36.29827012278308,0.3281964529331514,2.3250647908182156,1.0433187834025457,0.7987030854684405,0.38545995325525245,0.05583906617821038,0.31911363966332035,0.023611691082558485,0.23984298641385185,0.30376173701027237
imaqtpie,596368095,167190,26087,3478,2652018,50312,13182700,True,False,English,0.13332311112814813,224.87332099555886,4.970818448441904,0.018971213619213747,1.248160775165979,1.0255917666371184,0.2678009723380085,0.020629417962784592,0.0036062206267383564,0.0024181520396299506,0.01240991926676416,0.21805211692296092,0.08748613319281441
x2Twins,595707975,125745,31874,4167,1288969,1035561,15264996,True,False,English,0.13073351320825752,462.15849644172977,11.842795288327338,0.8034025643750936,1.988309674340928,1.1368919425966382,0.26193464503769115,0.06506867929079502,0.015063996019462744,0.8057997572608381,0.020108821822390377,0.35486744466480424,0.2538072240159969
C_a_k_e,588662010,129660,17317,4403,302633,45957,18161823,True,False,Russian,0.2542588208119189,1945.1348993665595,60.012698549067686,0.15185719997488709,2.037482646922721,1.031124975472636,0.5417618254310342,0.34280358535448885,0.09537857581365573,0.13851439159832682,0.020620310692670004,0.2248537933243597,0.2273220803690892
SmiteGame,586925850,344055,33245,1588,535211,73678,8305604,True,False,English,0.04776658144081817,1096.6251627862655,15.518373127607616,0.13766159514658705,0.27693246719274534,1.0742487718796936,0.07398609398562091,0.1838929165680733,0.021192355631578477,0.12397585003818108,0.002307368130517422,0.2778635598232911,0.11386969069621038
RatedEpicz,582401145,175920,11860,3336,134757,74221,7251200,True,True,English,0.2812816188870152,4321.861906988134,53.80944960187597,0.5507765830346476,1.1377899045020463,0.99238676078237,0.6029777295917839,0.7879219641088147,0.08503578293205724,0.5470708497352751,0.011261860302995587,0.17723498685535427,0.36858386225438006
wtcN,582125625,77385,73861,7438,1852272,566210,25333548,True,True,Turkish,0.10070267123380404,314.2765344398663,13.67701287931794,0.30568404640355196,5.767009110292692,1.0113553036040626,0.19390448994176257,0.037373037779509156,0.01812222128253052,0.29605737951039013,0.059414208585542125,0.2005519976377895,0.134237222456254
Anton,581034300,142890,137531,3199,207484,128050,6176254,True,True,English,0.023260210425285935,2800.3812342156502,29.76737483372212,0.6171560216691407,1.3432710476590384,1.2711174898044784,0.018470760035169228,0.5029758982801389,0.044949982428517506,0.6150538796237093,0.0133992400923161,0.5198636998301869,0.2857855767150063
benjyfishy,580787955,34350,75491,14423,1739112,1455278,20411553,True,False,English,0.19105588745678292,333.9566140651091,11.736767384734279,0.8367937200134321,25.19301310043668,1.172290528198683,0.39858550815277755,0.041058764036017825,0.0148872137145982,0.8399975748150066,0.26148018737986223,0.3983810244861237,0.32573171209739765
StarLadder5,580541850,41715,189859,13089,1029203,104382,21525216,True,False,Russian,0.06894063489220949,564.0693332607852,20.91445127929087,0.10142022516452051,18.826321467098165,1.063248593584227,0.1219525859518805,0.08415475283518134,0.030189337563287788,0.08685896280062688,0.1952549473755426,0.2643416315267866,0.1304587030088843
Reborn_Live,578122875,32100,57849,17488,697007,682512,9965787,True,True,Spanish,0.30230427492264345,829.4362538683256,14.297972617204705,0.9792039391283014,32.68785046728972,1.0298523794153107,0.6506012544949072,0.13385322182092338,0.019157559056566173,0.9858481330852263,0.33944020680566794,0.2232894593494588,0.39203163910212496
CasinoDaddy,577240710,267465,6524,2168,151098,42680,7493491,False,True,English,0.3323114653586757,3820.3067545566455,49.593581648996015,0.2824656845226277,0.4863440076271662,0.9954758194040355,0.7185778307458462,0.6939896716788171,0.07800658751784677,0.2722781095710518,0.004485631241663522,0.1810322006880678,0.3247283385738822
H2P_Gucio,575998575,157995,10011,3581,220488,78264,13401489,True,False,Polish,0.3577065228248926,2612.3806057472516,60.78103570262327,0.35495809295743985,1.3599164530523118,1.018060868684325,0.7761063442509425,0.467766749446344,0.09665963870668373,0.3465217860872843,0.013572382758966769,0.2087947885969345,0.3182369483078593
Xayoo_,575138175,91260,23935,6091,572789,215098,12984472,True,False,Polish,0.25448088573219135,1004.1012920988356,22.668857118415332,0.37552746299248063,4.0046022353714665,1.0346730353392137,0.5422648786248258,0.1665648535703472,0.033114491201132024,0.3675880699644094,0.04108195299682304,0.22921523273187758,0.2299715798482358
Jinnytty,569601090,151815,15190,3607,372334,213291,15165872,True,False,English,0.23745885450954576,1529.8121847588457,40.73190200196598,0.5728485714439187,1.4255508348977375,1.0401835599065556,0.5037041407970483,0.26502108328622187,0.06323134345581352,0.5696760521683207,0.014255100399552294,0.23598902458090903,0.27531279078131093
KendineMuzisyen,567374295,58545,43422,9583,1372290,486410,17629667,True,True,Turkish,0.22069457878494772,413.45072470104714,12.84689606424298,0.35445131859883844,9.82116320778888,1.011296158708752,0.4657273075605545,0.055946586462959205,0.01673815200545607,0.34600276909834593,0.10158482773651135,0.20047929399499265,0.19774648947646992
Jahrein,566176425,61890,43683,8929,1422862,247212,18410268,True,False,Turkish,0.2044044594006822,397.91379979224973,12.938899204560949,0.17374278039613117,8.656325739214736,1.0245389559158649,0.42882460103019776,0.05303679884155614,0.016891550560449765,0.1609286828082261,0.08946838714774424,0.21675795325577307,0.1609846622739912
Mathil1,561997440,134715,25866,3953,293595,66982,13159849,True,False,English,0.15282610376556097,1914.1928166351606,44.82313731500877,0.22814421226519524,1.7606057231934082,1.0553379787382042,0.3119819385289205,0.3370086877257262,0.07005273654077745,0.2166443418256615,0.017740284176289717,0.254617537620666,0.20134092106967358
Greekgodx,561616335,89745,45741,7083,1278824,403108,12441822,True,True,English,0.15485013445267923,439.1662457069933,9.729112059204395,0.31521773129062325,4.73541701487548,0.8835115419142887,0.31656706210556573,0.060762642737947306,0.01153981247593048,0.3058213786938344,0.04868376363233806,0.043400528607785066,0.13112919804223352
Brunenger,559915035,183225,64308,2844,659652,649562,12736000,True,False,Spanish,0.044224668781489083,848.8036646595477,19.307149830516696,0.9847040560780532,0.9313139582480556,1.0745034321201308,0.06596244723754217,0.13748039080769095,0.027509453824220646,0.9914811215930648,0.009114132741606015,0.27817659997761124,0.25162069103028933
ClassyBeef,558883590,273660,33624,1941,108623,88671,6626543,False,True,English,0.057726623840114205,5145.168058330188,61.00497132283218,0.8163188275043038,0.4255645691734269,1.052166572290823,0.09654900546717506,0.9421124530158975,0.09703301075064814,0.8190280508472755,0.003853413893826308,0.25071909802917025,0.36821583866733215
Diegosaurs,558587535,128580,32463,4150,521201,270255,9851921,True,True,English,0.1278378461633244,1071.7315104921133,18.90234477677518,0.51852356384581,1.9365375641623892,1.0468144814442089,0.2553749662134828,0.17923078157532316,0.026834514794058354,0.514038663675666,0.01957029716632722,0.24414006024265344,0.20653154727791848
BobRoss,558170835,238035,11659,2175,1519266,216326,7491995,True,False,English,0.1865511621922978,367.3950677498213,4.931325390023867,0.1423884954971677,0.5482387043922112,1.0781198939883514,0.3883807606912123,0.04732118721060253,0.0035403731124831785,0.12881694261780693,0.005129449316155422,0.28262212229148825,0.14263513920662477
Nick28T,556741020,183660,15155,3024,977377,78054,6777975,True,True,English,0.1995381062355658,569.6277076297068,6.934862391891768,0.07986068835260089,0.9879124469127736,1.002436459537897,0.4178006423660999,0.08519573675115909,0.00688090779315558,0.06477859174572756,0.009702860563144504,0.1895885417090707,0.12899121348805953
녹두로 (nokduro),555637890,140670,15858,4040,165823,95603,9518923,True,False,Korean,0.2547610039096986,3350.7890340905665,57.404117643511455,0.576536427395476,1.7231819151204948,0.9777076220098018,0.5428994423535822,0.6060574161609955,0.09102924012670496,0.5734529991648065,0.01735100811044001,0.15919071006223084,0.33166346932979335
GMHikaru,554249955,68355,46106,7155,505361,425023,20086431,True,False,English,0.1551858760248124,1096.740656679087,39.74669790506193,0.8410284925033787,6.280447662936142,1.1332500340818459,0.3173276318972419,0.1839145465046053,0.06158869425583358,0.8443346507330479,0.06475490880074211,0.35039064215518073,0.3037185123911086
SkipNhO,553663800,131580,23408,3875,1076499,281967,13901197,True,False,Portuguese,0.1655416951469583,514.3189171564488,12.913339445740311,0.26192964415201503,1.7669858641130871,1.0858867658090994,0.34078711337379447,0.07483739140170483,0.016848934296966555,0.25124596053476894,0.017806649313475663,0.2921695206178934,0.16561592825643398
jovirone,553283745,96450,29272,5632,1089830,300545,17980307,True,False,Portuguese,0.19240229570921016,507.6789453400989,16.498267619720508,0.2757723681675124,3.5035769828926906,1.0185515947529338,0.40163558454800424,0.07359384366551538,0.02282615202827653,0.2654230964045786,0.035870373811821295,0.2093980117933882,0.16812451037526407
Chap,550951215,157545,22571,3430,1272899,273926,13683195,True,False,English,0.15196491072615304,432.8318389754411,10.749631353312399,0.21519853499767067,1.3062934399695325,1.0195637842193637,0.31003104097871875,0.059576321866565196,0.013241343364097165,0.20338592351558524,0.013014605326718227,0.21064224193401992,0.13498191283095076
김도 (kimdoe),549244755,134985,11759,4062,287639,10062,14188002,True,True,Korean,0.3454375372055447,1909.4933406109742,49.3257242585324,0.034981348148199656,1.8055339482164685,1.0017064919243448,0.7483128846048899,0.3361285600786835,0.07755998388562839,0.01881505862082421,0.018207619906756067,0.18869123173244143,0.2312858898048706
RebirthzTV,548041425,118920,14578,4629,276694,76546,8434367,True,False,Thai,0.31753326930991904,1980.676939145771,30.482652316277186,0.276644957968008,2.3355196770938447,0.9955688635612062,0.6851001490314877,0.34945997250935024,0.04614257794063013,0.2663167661870858,0.023720441025652295,0.1811465748725471,0.25864774692779224
Klean,545108145,169605,101124,2801,276242,154466,7844435,True,False,English,0.027698666983109844,1973.2992991652247,28.396967151989923,0.5591691343097719,0.9908905987441408,1.1474424461541313,0.02852538615161853,0.3480782727446557,0.04266507609376138,0.5556661478564091,0.009733838790324351,0.3678366119605046,0.2254175555995456
接接 (godjj),544706325,126705,12461,4378,331744,19325,20264128,True,False,Chinese,0.351336168846802,1641.9477820246937,61.08363075142278,0.05825274910774573,2.0731620693737423,0.9819579888746011,0.7616753080011387,0.2860220712396392,0.09716416108574243,0.04264864895426914,0.02099144195692999,0.16441545773776087,0.22881951482924667
Gladd,543954570,171195,54477,2779,337972,157424,9290817,True,False,English,0.05101235383739927,1609.4663759127975,27.489901530304287,0.4657900654492088,0.9739770437220713,1.1433600320739274,0.08133888148766082,0.27993888592562344,0.041152708633583904,0.46003123198649604,0.009557906876990038,0.3628183196213789,0.2058063224219555
CSRuHub,540556545,110880,106003,5044,511431,121099,23271913,True,False,Russian,0.04758355895587861,1056.949119236026,45.503524424604684,0.23678462979365741,2.7294372294372296,0.966524428106258,0.07357148529609193,0.17646230458620257,0.07118715868210482,0.22549349414104067,0.027817904189919817,0.14544381050952576,0.11999602623414758
CriticalRole,539495145,21300,110800,17689,571210,237069,7827030,True,False,English,0.15964801444043322,944.4777664956846,13.702543722974038,0.4150294987832846,49.82816901408451,1.4318735125434046,0.3274359055424636,0.15539843564898478,0.018164789335219596,0.4080443940169114,0.5177308756309067,0.7174724434632664,0.3573744739396254
Vinesauce,536989080,86790,19065,6125,442493,80616,5560969,True,True,English,0.32126934172567534,1213.5538415296965,12.567360387621951,0.182185932884814,4.23435879709644,1.0101588492984472,0.6935636342081516,0.20579156279259098,0.01627207694851068,0.1695758045645777,0.043471841547907925,0.1990812606282592,0.22129269678166633
울프 (lol_woolf),532969650,50910,73800,9633,308528,141297,9294132,True,False,Korean,0.13052845528455284,1727.4595822745423,30.12411191204688,0.4579713996784733,11.352975839717148,1.0867704507946039,0.26147011852307844,0.3020368990972426,0.045544776825084475,0.45202368326788744,0.11751848135653178,0.2932557871028298,0.24530829102877574
Mithrain,530456265,105540,40183,4990,1258713,371005,24222810,True,False,Turkish,0.12418186795410995,421.42749379723574,19.24410886357732,0.2947494782368975,2.8368391131324615,1.007237641855627,0.24709292188013474,0.05744049237491593,0.027404344442079075,0.2848586545771469,0.028935080257846173,0.1954903772334592,0.140203645127597
EWROON,526660590,101235,21341,5172,514693,232079,13289271,True,False,Polish,0.24235040532308702,1023.2518996761177,25.819801318455855,0.45090762843092874,3.0653430137798194,1.0058694496517888,0.5147851807754781,0.1701514192001502,0.03836811934340525,0.44478926577768974,0.03131193884214662,0.19380853205066234,0.23220240933158867
ludwig,525883695,94575,60346,5368,542580,505089,8508355,True,False,English,0.08895370032810791,969.2279387371448,15.681291238158428,0.9309023554130267,3.4055511498810467,1.0358594886607393,0.1672890419429355,0.16003369939895737,0.021463992041536078,0.9363796820569602,0.03485072582324495,0.23067367606887604,0.2584484695554184
RduLIVE,525737445,127380,11854,3953,234884,62490,7653194,True,False,English,0.333473932849671,2238.2854728291413,32.582866436198294,0.2660462185589482,1.861987753179463,1.0440970081929464,0.721211218240398,0.39770543465065405,0.04964430418671066,0.2554619829462492,0.018794842753117,0.24079961634581368,0.2806028998538238
Hiko,523057245,79665,41644,5268,1001350,479830,11106951,True,False,English,0.12650081644414563,522.3520697058971,11.091976831277774,0.47918310281120485,3.967614385238185,1.2463381683579031,0.25234613541210293,0.07634185692409345,0.013812142376468042,0.47374781769447405,0.04069721169107271,0.4894038110141377,0.22439149585205811
FENGRUSH,521568750,100605,16128,4985,95643,23288,44675247,True,False,English,0.30908978174603174,5453.287224365609,467.1041999937267,0.24348880733561265,2.973013269718205,1.039984423226441,0.6659727543014153,0.9998176514711754,0.7741298429552369,0.23235963087837783,0.030351540598889545,0.23574423655680732,0.48972927612698375
Chess,521511525,96315,83666,5767,326118,181232,84500786,True,False,English,0.06892883608634331,1599.1497709418063,259.11107635886395,0.5557252282916,3.5925868244821677,0.9389014938654855,0.12192585761060704,0.27800677068301854,0.42733902142517755,0.5521390441239489,0.03679623899604706,0.11148842123217904,0.25461589234516296
72hrs,519458565,136515,30702,3756,1024814,315190,12051692,True,False,English,0.1223373070158296,506.88082422761596,11.759882281077347,0.3075582495945606,1.6508076035600483,1.013082828965067,0.24291435882746204,0.07344436988308317,0.01492575361318863,0.2979768596110418,0.01659818287101112,0.20267555176886418,0.14142251276244183
TwitchRivals,516113670,36555,109148,14509,999480,644684,71159574,True,False,English,0.13292960017590794,516.3821887381438,71.19659623003962,0.6450194100932485,23.814526056627,0.9731081125682238,0.26690953509040755,0.07522380519614938,0.11402569739591122,0.6435903904318144,0.24714140036509505,0.15353678017149947,0.2500712681084795
狂暴小建 (a541021),516009420,166575,8337,3105,207369,18023,18201933,True,False,Chinese,0.3724361281036344,2488.363352285057,87.77557397682392,0.08691270151276227,1.1184151283205763,0.9976683697772906,0.8094739512087175,0.444540540200757,0.14166813678265355,0.07200096709723829,0.011060327187125955,0.18372738508756498,0.2770785512606762
hashinshin,515812965,192255,12540,2483,570621,159892,11386166,True,False,English,0.19800637958532696,903.9501963650129,19.95399047704168,0.2802070025463486,0.7749083248810174,1.0805326418601,0.4143307562513862,0.14780834799753453,0.028587943320831265,0.2699648624653124,0.007487228031234754,0.2855879836478241,0.19229452028568725
JoshOG,510984165,159300,85051,2957,1748928,120782,20688501,True,False,English,0.03476737486919613,292.16992637775826,11.829246830058183,0.06906059025871848,1.1137476459510358,1.0847766829897711,0.04453843347900752,0.03323286622896582,0.015041406421828378,0.05371758540674204,0.01101177683194303,0.29080495543695234,0.07472450396757319
B0aty,510323715,151215,22375,3152,516113,49577,8448691,True,True,English,0.14087150837988827,988.7829118817003,16.369847300881784,0.0960584213147121,1.2506695764309097,1.0706922720381156,0.28490068057124424,0.1636959954534796,0.022612034431055306,0.08136762875388137,0.012436015389438481,0.2734917456078645,0.13975068336782726
AustinShow,509643945,21000,72199,24739,840624,378656,11648873,True,True,English,0.342650175210183,606.2686111745561,13.857411874988104,0.45044633510344695,70.68285714285715,0.9809919271479965,0.7419985538573782,0.0920579213982289,0.0184230038988899,0.4443168285484114,0.7346577830550359,0.16322792994991336,0.365780336784643
39daph,509052375,135495,12648,3766,505362,470589,8983449,True,False,English,0.2977545857052498,1007.3024386479395,17.776265330594704,0.9311918980849372,1.6676630133953283,0.9976056107249167,0.6402946482611939,0.16716437095603048,0.024956981491877656,0.9366762194866732,0.01677350996803392,0.1836502387556273,0.3282526614865728
scump,506838930,71355,79976,6789,893010,275270,8661072,True,False,English,0.08488796638991697,567.5624349111432,9.698740215675077,0.308249627663744,5.708639899096069,1.0462602994562082,0.1580787603721024,0.08480894817963841,0.011489172933695398,0.29868493995803463,0.0588070620103699,0.2434588340930694,0.14255461959115168
플러리 (flurry1989),505333050,128790,12084,3859,169505,51935,10969148,True,False,Korean,0.3193478980470043,2981.2279873750035,64.71282853013186,0.30639214182472496,1.7978103890053576,1.0167654522597065,0.6892109053842551,0.536845254462459,0.10321519035622467,0.29678258106634986,0.018127280761733713,0.20720240277033147,0.3085639358002256
Kyle,501208575,161295,9339,3059,182260,60506,5692219,True,True,English,0.32755112967127104,2749.9647481619663,31.231312410841653,0.33197629759683966,1.1379150004649865,1.015823161265623,0.7077940380237404,0.4935337938807938,0.04739083290552295,0.3229847976307761,0.011263161529856631,0.20604409506711088,0.2981684531729668
SummonersInnLive,499421415,64875,110095,6328,503346,46779,13724263,True,False,German,0.05747763295335846,992.2030074739841,27.2660615163327,0.09293607180746445,5.852485549132948,1.2165313899870656,0.09598495572598313,0.16433651807149185,0.04077949599568546,0.07816984967891563,0.06030331991728448,0.4527639394543855,0.14872301314062433
Aydan,495563580,140595,51268,3507,1701314,425036,11009240,True,True,English,0.06840524303659203,291.28284373137467,6.4710218102008215,0.24982807406510496,1.49663928304705,1.0050640515314495,0.12073973980505129,0.03306673154538072,0.006107537724124018,0.2388520413055713,0.014994550307188891,0.19281849940384096,0.10109651668185954
Faker,492835710,17115,56325,29414,2716270,750480,26508938,True,False,Korean,0.5222192632046161,181.43841002551292,9.759316268264937,0.27629064857322727,103.11656441717791,0.9789740431962053,1.0,0.012494837470230329,0.01159017251808341,0.26595389740315767,1.0,0.16074745359999512,0.4084643934985777
Mongraal,492733995,27060,89706,18180,2951980,1454481,19515587,True,False,English,0.2026620292956993,166.9164408295449,6.611015996043333,0.49271370402238496,40.310421286031044,1.0015920189579934,0.42487739933713037,0.009775132866335513,0.0063409526460662695,0.48760529051242213,0.4187288878025141,0.18855051626389951,0.2559796965713947
탬탬버린 (2chamcham2),490230510,95055,16243,5107,489270,144698,13076008,True,False,Korean,0.3144123622483531,1001.9631491814336,26.725546221922457,0.29574263698980113,3.223607385198043,1.0098561449336418,0.6780302243314437,0.16616441771638202,0.0398782847454176,0.2858758060109573,0.032958177828564854,0.19870916241257625,0.23360267884089028
EmadGG,487281450,132630,67732,2741,702744,623391,9556065,True,False,English,0.04046831630543908,693.3982360575117,13.598216420204228,0.887081213073324,1.2399909522732413,1.3403835018118972,0.05745302076997781,0.1083757388189955,0.017990842473884543,0.8914999106893654,0.012324938163072693,0.6050086877196234,0.28210885643915323
쌍베 (pacific8815),483895050,120435,20936,3992,171858,54326,14452008,True,False,Korean,0.19067634696217042,2815.667876968195,84.09272771706874,0.31610981158863716,1.9887906339519243,1.0064864440551298,0.39772571878238167,0.5058388125386083,0.1355276583972646,0.3067350098243521,0.02011382468219653,0.19456697012841234,0.26008466572553596
FolagorLives,482387190,79995,57813,5032,786983,417899,9640983,True,False,Spanish,0.08703924722813208,612.9575734164524,12.250560685554834,0.5310140117385,3.774235889743109,1.198373760641439,0.16295214917695747,0.09331064416323896,0.015743870885635253,0.5268308552017846,0.03868572157762422,0.4304437410493055,0.21132783034242433
lilypichu,477949200,56280,33075,8407,1363222,657630,14729189,True,False,English,0.2541798941798942,350.60261644838477,10.804688451330744,0.48240858788957336,8.962686567164178,1.0101517087877068,0.5415830295443784,0.04417626199427053,0.013333141092402653,0.47705122388467763,0.09265510020490467,0.19907248318196336,0.22797853998376624
mistermv,476597370,71655,39961,6627,479900,150486,12959273,True,True,French,0.16583669077350416,993.1180871014794,27.004111273181913,0.3135778287143155,5.549089386644337,1.0036635923876855,0.34145537962632266,0.1645078960879471,0.04034274146056084,0.30414185943075167,0.057147444804378805,0.19109699020503418,0.1831153852691659
Bonjwa,473157810,251250,11063,1802,123954,20250,14247514,True,False,German,0.16288529332007592,3817.2048501863596,114.94194620585056,0.16336705552059635,0.4303283582089552,1.0450694584789704,0.3347694523160843,0.6934087405748557,0.18696313682233964,0.15030230167518172,0.0039029660145157748,0.2419949972465897,0.26855693244159445
KingGeorge,472786395,160140,12621,2914,767727,250434,6445996,True,False,English,0.2308850328817051,615.8261921229812,8.396208548090662,0.3262018920788249,1.0917946796553015,1.0131543165858905,0.48881218054846753,0.0938478850427425,0.009317437545637575,0.3170708943047671,0.010783425822428314,0.2027634276611359,0.1870992084875298
KingRichard,472405995,137175,17327,3312,1536757,109795,9570639,True,False,English,0.1911467651641946,307.40448554976484,6.227815458136843,0.07144590849431627,1.4486604702022963,1.0398006949231782,0.3987913773233868,0.03608602616611251,0.005702035228850857,0.05616052804440103,0.014495482882731267,0.23551838922269797,0.12445897314469674
melharucos,468792120,130275,13825,3519,328473,59167,17845821,True,True,Russian,0.2545388788426763,1427.18616141966,54.32964353234512,0.1801274381760449,1.6207253886010362,1.0225862629433475,0.5423962529067771,0.24580106812240407,0.08590311199250754,0.16746758084063204,0.01628527280401649,0.21435761267489817,0.21203514989020592
INSCOPE21TV,468467130,59925,51244,7554,658658,491663,10630158,True,True,German,0.14741237998594958,711.2448797403205,16.13911620294599,0.7464617449419881,7.563454317897372,1.0348897864453945,0.2997179977214406,0.11171809537775212,0.022227332160098714,0.7474833642779479,0.07810052510278251,0.2294816732237715,0.24812149797729888
JohnPitterTV,461605275,508965,4148,900,286184,211365,19054606,True,False,Portuguese,0.21697203471552556,1612.966745170939,66.58166074972745,0.7385633019316244,0.1060976687984439,1.0077210613696423,0.4572944687274093,0.28059444236278647,0.10633112923636354,0.7393941110650317,0.0005303737076196948,0.19608461887482787,0.2967048573290065
Zizaran,460519830,156195,20745,2552,267004,47149,16917944,True,False,English,0.1230175946011087,1724.7675315725608,63.36213689682552,0.17658536950757292,0.9803130702007107,1.1553153355749248,0.2444554434888825,0.3015327262409794,0.10096315695741681,0.16383994304933427,0.009623813143287654,0.3775143320278378,0.19965490248462303
imls,460332570,78945,32758,5621,392024,177673,8610645,True,False,English,0.17159167226326394,1174.2458880068568,21.96458635185601,0.4532197008346428,4.272088162644879,1.037369534179781,0.35449238616964923,0.1984298874768609,0.03194024739226711,0.44715719311421653,0.043864295970479965,0.23252989391230464,0.21806898400596306
TSM_ImperialHal,459076530,120975,23107,3550,302593,287810,8907366,True,False,English,0.15363309819535206,1517.1419365286044,29.43678802880437,0.9511455982127809,1.7606943583384997,1.0689591435781458,0.3138100576428281,0.26264817283728326,0.04439878887143777,0.9571119601328913,0.017741206143944907,0.2713613038882061,0.31117858158609857
악어 (jdm2088),458883255,32625,65622,15405,276488,132821,5377506,True,False,Korean,0.23475358873548505,1659.6859719047482,19.449328723127223,0.48038612887358584,28.33103448275862,0.9130403847086518,0.49757578614280257,0.28934411634457846,0.027746511348579948,0.47497990640202925,0.294121350349771,0.07969874889287708,0.2772444032467731
Ramee,457242510,159825,10845,2825,132642,74094,6606894,True,False,English,0.260488704472107,3447.1925182069026,49.809969692857464,0.5586013479893247,1.0605349601126233,1.0127061207709207,0.555874648241421,0.6241120612332007,0.07836737534673544,0.5550846449816146,0.010458267553675153,0.20221248462093874,0.33768491366293096
Towelliee,453487500,183090,15495,2392,705098,21398,17009119,True,False,English,0.15437237818651178,643.1552777060778,24.12305665311772,0.030347554524335626,0.7838767819105358,1.03547476787829,0.31548478033294436,0.09896613304875121,0.03553910525805339,0.014069322035696046,0.00758051639094393,0.23020075947655158,0.11697343609049009
SPYGEA,452479680,143730,17228,3131,222046,92067,10569192,True,False,Japanese,0.1817390294868818,2037.774515190546,47.599110094304784,0.4146303018293507,1.3070340221248173,1.0054687735927732,0.37747962996134043,0.36015332534219635,0.0746811678266461,0.40763555328235657,0.013022308735929982,0.19331600249390343,0.23771466460706214
FollowGrubby,451910415,132015,15296,3365,430649,46282,12249560,True,False,English,0.21999215481171547,1049.3706359471403,28.444417611558368,0.107470352885993,1.529371662311101,1.0172881880739948,0.4641360763895225,0.17504299046886887,0.042744191131644106,0.09305524921369064,0.015335026931079894,0.20784497382772374,0.16635975132708827
Amar,449223195,100800,45549,4207,604374,281928,11787544,True,False,German,0.09236207161518364,743.2867644868905,19.503724514952662,0.4664793654260441,2.504166666666667,1.05932477192208,0.17501017168953134,0.11771896621604787,0.027837206468713044,0.4607371840386868,0.025474678234500683,0.2595182883282776,0.17771608249595952
mch_AGG,443328990,499575,11191,884,219431,124548,11142208,True,True,Portuguese,0.07899204718077026,2020.3571509950737,50.777729673564814,0.5675952805209838,0.1061702447080018,1.0038600457447655,0.14472248156471756,0.35689136513894165,0.0799809396458254,0.5642958524984649,0.000531128629847094,0.19133847976426593,0.22296004120701043
IWillDominate,442870530,93480,23813,4591,797244,79514,8695968,True,False,English,0.19279385209759375,555.5018664298508,10.907536463115433,0.09973609083291941,2.9467265725288834,1.0319312999788335,0.4025225940382209,0.08255021982251816,0.013504621504236647,0.08513414323365512,0.03007811086009586,0.22584496472755516,0.13993910903104698
Nadeshot,440331540,50175,40327,7985,1472104,428800,7844647,True,True,English,0.19800629850968335,299.1171411802427,5.328867389803981,0.29128376799465255,9.548579970104633,1.0990501060939186,0.41433057258725137,0.0345339550708158,0.004203202317060499,0.28130921987522756,0.09874946340972868,0.3083505077521812,0.19024615350204419
buddha,438460680,135090,11971,3184,247303,24901,6326808,True,True,English,0.26597610892991397,1772.969515129214,25.58322381855457,0.10069024637792505,1.4141683322229626,1.0193759715745059,0.5683055010512177,0.31056009400542073,0.037973669257207576,0.08611134922196588,0.014136701548956243,0.21041137393818113,0.20458311483715821
Deadlyslob,438143850,119085,104568,3088,315637,130944,6321235,True,False,English,0.029531022875066943,1388.1257583870079,20.02691382822673,0.4148563064532992,1.5558634588739135,1.191467958076708,0.03267630058907658,0.23848575457750368,0.02870952978688475,0.40786701771503153,0.015610590078559975,0.42195480890639697,0.1908840002755756
懶貓 (failverde),437353350,184845,14610,2348,169973,29861,13001718,True,False,Chinese,0.16071184120465434,2573.0754296270584,76.49284298094403,0.17568084342807386,0.76215207335876,1.0076893237545173,0.3298458379654948,0.46040559428835987,0.12285622856768401,0.1629135654727469,0.0073545396795336405,0.19604560552936232,0.21323689525053025
嬌兔 (zrush),436243530,137910,10628,3084,180412,49296,13297850,True,True,Chinese,0.29017689123071133,2418.0405405405404,73.70823448551094,0.2732412478105669,1.3417446160539481,1.025696494104456,0.6231285717718651,0.431370337711036,0.11821339879093574,0.26283082936500723,0.01338336241121907,0.21818085277305138,0.2778512254705191
HoneyMad,434971635,67995,21369,6394,533250,74407,14755893,True,True,Russian,0.2992184940802097,815.6992686357244,27.67162306610408,0.1395349273323957,5.642179572027355,1.0004867167756888,0.6436109027265021,0.13128053064684256,0.04145569634581398,0.12589443809193146,0.058115753028504975,0.1871918276632563,0.19792485808380855
ESAMarathon,433329345,301395,22132,1460,244440,35038,32500708,True,False,English,0.0659678293873125,1772.7431885125184,132.95985927016855,0.1433398789068892,0.2906484845468571,0.9847572827448257,0.11521816206392511,0.31051770708577475,0.21700473995149566,0.12979130950172404,0.002450039802634068,0.16785647932644016,0.15713973962199898
Nmplol,429213420,63870,24687,6767,455444,130564,8859183,True,False,English,0.27411188074695186,942.4065746831664,19.451750379849113,0.2866741026339133,6.35697510568342,0.9930707715023236,0.5867358140943553,0.15501053853723365,0.027750549022082665,0.27658819444263266,0.06555093420211651,0.17807580449128887,0.2149519724649516
relaxing234,428279160,51180,19194,8405,258402,88247,12225523,True,False,Chinese,0.43789725956027925,1657.414261499524,47.312029318658524,0.34151051462449983,9.85345838218054,0.9956092958121701,0.9577658615567144,0.2889186656936075,0.07420251268511062,0.33274934181023574,0.10192075662992119,0.18119627606681088,0.3227922357404001
Doigby,428267280,59655,93577,6829,1068260,611786,11805401,True,False,French,0.07297733417399575,400.9017280437347,11.051055922715443,0.572693913466759,6.868493839577571,1.0512619181320562,0.13109709406954012,0.0535963842608619,0.013743914180986926,0.5695176579712619,0.07087166479027011,0.24960705526591587,0.18140562842313945
Sequisha,426325350,163530,19755,2540,252495,86220,7404102,True,True,English,0.12857504429258415,1688.4506623893542,29.32375690607735,0.3414721083585814,0.9319390937442671,1.0263843085932365,0.25704497277249416,0.29473122742330965,0.04421032996845124,0.33271000772761095,0.00912063529436906,0.21902634617768285,0.19280725322731962
HusKerrs,425044665,107610,39433,3247,361360,288952,6298662,True,False,English,0.08234220069484949,1176.2360665264557,17.43043502324552,0.7996236440115121,1.8104265402843602,1.216465088101311,0.15231172809173332,0.19880261225056642,0.024380372158358733,0.8019295459226862,0.018258511814610173,0.45268243810767866,0.27472753472427225
얍얍 (yapyap30),422278350,46800,36933,9306,301033,26768,9798569,True,False,Korean,0.2519697831207863,1402.7643148757777,32.54981679749396,0.08892048380077931,11.930769230769231,0.969593989540798,0.5365763701154407,0.2412272938921536,0.04958919990654384,0.07405725329223488,0.1235285896198197,0.14921705749741057,0.19569929405393385
Elwind,421436625,58965,18270,7165,703464,200170,14369324,True,False,Turkish,0.3921729611384784,599.0876931868581,20.42652360319789,0.28454903164909645,7.290765708471127,0.997520380790549,0.8541846460871723,0.09071306413763398,0.029375806631675896,0.27441178609619665,0.07526406471711944,0.18354547017549344,0.25124913964088197
Shiphtur,420316860,118410,19688,3414,709343,58604,7906425,True,False,English,0.17340511986997156,592.5438892045174,11.146123948498822,0.08261729515904154,1.7299214593362047,1.0397403855330345,0.3586004668570841,0.08948752691347443,0.013902422876786585,0.06760179252548731,0.01742111169938532,0.23544425412895456,0.1304095958335287
BarbarousKing,419187600,188895,13419,2244,159402,42931,4822422,True,True,English,0.1672255756762799,2629.751195091655,30.25320886814469,0.26932535350873893,0.7127769395696022,0.988928999261537,0.34460168020046594,0.4710199495581757,0.0457600225922512,0.25882033507886265,0.006840947962870314,0.17298454635382302,0.2166712469577415
alexelcapo,418413015,72930,74670,5772,680023,211908,13364167,True,False,Spanish,0.07730012053033347,615.2924459907973,19.652522047048407,0.3116188717146332,4.748663101604278,0.9939685635386993,0.14088968751458525,0.09374792395665132,0.028085299374359853,0.3021355780430336,0.04882154716627572,0.17917941201609133,0.13214324134516617
moistcr1tikal,415091820,103170,42135,3977,1166681,724159,7780736,True,False,English,0.09438708911831019,355.7886174541284,6.669120350807119,0.6207000885417694,2.3128816516429196,1.0116613388279496,0.17959753074282928,0.045147507052071656,0.006437831122483505,0.6186835638916827,0.023484964147698767,0.20092819029962217,0.17904659787606467
Rush,412717875,86265,15405,4731,542991,120906,7575905,True,False,English,0.3071080817916261,760.082349431206,13.952174161266024,0.22266667403327128,3.2905581637976002,1.0112666941365476,0.661483524350204,0.12086447830753777,0.018581002829499153,0.21103447749121945,0.03365458840356655,0.20044307477909157,0.20767685769351973
LosPollosTV,411900525,69900,54323,5671,476096,138468,6201733,True,False,English,0.10439408721904166,865.1627507897567,13.026223702782632,0.29084050275574674,4.8678111587982835,1.0390956398149458,0.20226681298994528,0.1405441544931417,0.017037148328052705,0.2808552462562133,0.05006090492665523,0.23465170285066603,0.1542359949741124
DreamLeague,411414600,244560,147514,1751,349054,61032,7424007,True,False,English,0.011870059790935097,1178.6560245692644,21.26893546557266,0.17484973671695497,0.42958783120706573,0.9607449885639441,0.0,0.1992558270275325,0.030780375670854683,0.16206238092607445,0.0038952631790002286,0.13833945592671323,0.08905555045502918
Voyboy,411274050,80670,21187,4632,1251182,139443,8151140,True,False,English,0.2186246283098126,328.7084133243605,6.514751650838966,0.11144901381253887,3.445146894756415,1.100653705912465,0.46103815991747066,0.04007587008243878,0.0061804493045419535,0.09713002643762397,0.03526259400511039,0.31032172687065757,0.1583348044363072
BastiGHG,410621295,144135,10455,2733,507730,236118,8093220,True,False,German,0.26140602582496414,808.7394776751423,15.940007484292833,0.46504638292005596,1.13768342179207,1.0423951551396904,0.5579526956688212,0.12997708651593942,0.02189535447300583,0.4592695836109306,0.011260752688015845,0.23870761980364866,0.23651051546006022
DatModz,409985220,228615,14288,1753,270720,36757,9812812,True,False,English,0.12269036954087346,1514.4253102836878,36.24708924349882,0.13577497044917258,0.4600747982415852,1.023013965430039,0.24371416651709416,0.2621393974222099,0.05575373134183002,0.12204364835297524,0.0042123834080203554,0.21488336436745592,0.1504577819015976
dafran,408885990,92565,19611,4319,599036,142689,7944645,True,False,English,0.22023354239967366,682.573317797261,13.26238322905468,0.23819770431159396,2.7995462647869065,1.0227564350411662,0.4646829020516533,0.10634842560603516,0.017430901519008227,0.22694070564453694,0.028547166412734436,0.21456679609383586,0.17641948288796735
yeTz,408478725,87990,21212,4221,849972,281059,10731565,True,False,Portuguese,0.19899113709221194,480.57903672120966,12.625786496496355,0.33066853966954207,2.8782816229116945,1.0998178703676107,0.416561569692523,0.0685185163981648,0.016369491891568746,0.3216454469509993,0.029366158173123172,0.30929427913284696,0.1936259103732043
Aurateur,407829960,163815,15547,2492,142427,26782,4368785,True,True,English,0.16028815848716793,2863.4315122834855,30.673853974316668,0.1880401890091064,0.9127369288526692,0.999027452815588,0.32888605132326265,0.5147840855324263,0.046461372037813004,0.17557148752393176,0.008920897651683551,0.18539803286246764,0.21000365448859745
pokelawls,407214675,118335,22496,3352,668807,182123,5999354,True,False,English,0.14900426742532005,608.867244212456,8.97023206993946,0.27231024794895986,1.6995816960324504,1.0266116667690217,0.3033241686535696,0.09254459880000797,0.010274517689637854,0.26187733845396977,0.017105522658454844,0.21930582537047547,0.15073866193768592
ziGueira,407188275,117555,36519,3203,529814,212042,7967420,True,False,Portuguese,0.08770776855883239,768.5494815161547,15.038145462369814,0.40021969974368365,1.634809238228914,1.0814270276075792,0.1644665792369327,0.1224502204202269,0.020391663071945388,0.39287682057154455,0.01643177060468064,0.28668740400465725,0.16721740965166457
A_Seagull,407156655,95160,28779,4193,1028544,55228,7374161,True,True,English,0.1456965148198339,395.857304111443,7.169514381494618,0.05369532076410927,2.6437578814627996,1.020427706478912,0.2958309747244214,0.05265165405192714,0.007272147440053192,0.037981122478098595,0.02692668223198672,0.21170421516150673,0.10539446601466562
koil,403848390,145035,13421,2791,299033,50231,7743238,True,True,English,0.20795767826540495,1350.5144582704918,25.894259162032284,0.16797811612765146,1.1546178508635847,0.9976672132798052,0.4368738602105597,0.23144183204158758,0.03849226429729592,0.1550247560603852,0.011436901729650693,0.18372596346732833,0.1761659296344679
PAGO3,402836460,156135,20284,2326,425072,150470,12693893,True,False,Polish,0.11467166239400513,947.6899442917905,29.862924398690105,0.35398708924605715,0.8938418676145643,1.1092228127537294,0.22554904509511273,0.15600001898955707,0.04510929400359755,0.3455273249154116,0.008724354448799756,0.3208552696151798,0.18362755117794308
Llobeti4,402468465,112545,37469,3410,648084,606080,9957496,True,False,Spanish,0.09100856708212123,621.0128085248209,15.364514476518476,0.9351874139772005,1.8179394908703186,1.04870001168643,0.17194401978524546,0.09481924535320482,0.02093582422766352,0.940768258857767,0.018336660244650402,0.24645784128686732,0.24887697495923308
殺梗 (xargon0731),401439255,155325,8406,2549,283232,16999,17013239,True,False,Chinese,0.3032357839638354,1417.3513409501752,60.06820910066659,0.060017935826460284,0.9846450989859971,1.0139315575985433,0.6527114419015558,0.24395918248359116,0.09547112959358918,0.044456478967984873,0.009668874167526514,0.2037188482879565,0.20833099256703402
itsHafu,400822020,123375,34345,3276,787371,36756,10008765,True,False,English,0.09538506332799535,509.06373234472693,12.71162514240428,0.04668193265944517,1.593191489361702,0.9917004575971141,0.18185828454801303,0.07385318945678357,0.016512612269844792,0.030798305284299516,0.015998869882312004,0.17639135121496496,0.08256876877603632
shongxbong,400635750,50310,94869,7656,845158,671127,4198232,True,False,Arabic,0.0807007557790216,474.0365115161899,4.967393079163896,0.7940846563601125,9.130590339892665,1.0401439756892845,0.14859329248143016,0.06729321866608239,0.003600509444535769,0.7962567476766779,0.09440160659895536,0.235940365828911,0.22434762344943207
StaysafeTV,399746130,135180,15608,2876,149648,73218,7427189,True,True,English,0.1842644797539723,2671.2427162407785,49.631060889554156,0.4892681492569229,1.276520195295162,1.0282126535659146,0.3832006408308783,0.4787905679618562,0.07806907735595459,0.48407649820231474,0.01270490911590401,0.22127383244179344,0.27635258765145015
Loeya,398289900,150495,7955,2635,1233300,337821,19024045,True,False,English,0.3312382149591452,322.9464850401362,15.425318251844644,0.27391632206275845,1.050533240306987,1.0043766386862631,0.7161465505573341,0.038996764165710386,0.021037203498424934,0.2635222120281894,0.010354231370877197,0.19197349971810523,0.20700507688977354
RiotGamesJP,390922410,26325,60682,13675,141684,36105,9101692,True,False,Japanese,0.22535513002208232,2759.1147200813075,64.23937777024929,0.2548276446175997,31.16809116809117,1.0859125507169383,0.4762850542852219,0.4952474196583123,0.10242579705752147,0.2439723912406033,0.32363192989600953,0.2922012166200458,0.32229396812628575
btssmash,389890800,362970,94083,1061,216558,81658,6933788,True,False,English,0.011277276447392195,1800.3989693292328,32.01815679864055,0.3770721931307086,0.1753863955698818,1.0124110396486292,0.0,0.31569713925482296,0.04870275325602515,0.36917011761827656,0.001251103220574924,0.20184975724779045,0.15611181176624836
PietSmiet,387717165,84495,39004,4147,576903,122061,11483357,True,False,German,0.10632242846887499,672.0664739132922,19.905178166866875,0.21157976297575157,2.9447896325226344,1.1064963428376078,0.2066351671778044,0.10438068202401682,0.028506557643985443,0.19967972937495393,0.030057963140656126,0.31750376660149077,0.1477939776604846
Payo,385755615,137400,12274,2772,175503,112595,11672019,True,False,English,0.22584324588561186,2198.0001196560743,66.50609391292457,0.6415559847979807,1.210480349344978,1.012820067487098,0.47739080409832885,0.390160709894955,0.10620513523734412,0.6400432958765104,0.012017973906886218,0.20235255319840953,0.3046950787020724
Shotz,385739280,153105,10316,2523,159763,48388,5464553,True,True,English,0.24457153935633966,2414.4468994698395,34.20412110438587,0.3028736315667583,0.9887332222984226,0.9985900655480309,0.5198168110207959,0.43069731313476545,0.05234745238923121,0.293179070808494,0.00971139812865492,0.18486037618901635,0.24843540361182634
실프_ (silphtv),385176540,197055,9401,1891,309065,87400,7215989,True,False,Korean,0.20114881395596212,1246.2638603530002,23.347803860029444,0.2827884102049731,0.5757783359975641,1.0336674480428703,0.4214494476885076,0.21191756317082652,0.03424651179000908,0.2726086316447539,0.0054159118649531055,0.22797911828429301,0.19560286407389052
m0xyy,384746505,136095,25387,2431,461534,269311,6207063,True,False,English,0.09575767124906448,833.6254858796968,13.44876650474288,0.5835128072904705,1.0717513501598148,1.162913881523071,0.1827023692620503,0.13463778990768624,0.017741661837262033,0.5805979141064046,0.010574938529063325,0.3868548164007932,0.2188515816738766
LexVeldhuis,380251830,73935,58416,4939,244467,66680,14339774,True,False,English,0.08454875376609149,1555.4321442157836,58.657299349196414,0.27275665018182416,4.008115236356259,1.0413152039380338,0.1573103274580677,0.26981924259549644,0.09311869340115006,0.2623345248502902,0.041118494633634074,0.23738009380177078,0.17684689612340154
NateHill,379971075,111555,41610,3311,1055613,449635,14221498,True,False,English,0.07957221821677482,359.95300834680893,13.472264930424313,0.42594681952571634,1.7808256017211241,1.0287321585481946,0.14603676791057266,0.04592742284244432,0.017780841201484834,0.41922545486349544,0.01795060790256292,0.22191243201094416,0.14480558778858404
Shaunz,379800060,97860,20861,3791,148568,84393,10605782,True,False,French,0.18172666698624226,2556.405551666577,71.3867185396586,0.5680429163749933,2.324340895156346,1.0237549936350914,0.37745162465810594,0.45728362486233515,0.11434269187530423,0.5647543023176901,0.023604161243403973,0.21579427053508918,0.2922051125819881
Emongg,379682235,155910,21922,2228,504653,156093,5794763,True,False,English,0.10163306267676307,752.3629801071231,11.482668288903465,0.3093075836267693,0.8574177410044256,1.0930275770201632,0.19601214560517258,0.11941877876041976,0.014463549544104233,0.29976845396982116,0.008345476898947499,0.3009473362660884,0.1564926235074256
fl0m,379633995,188070,19318,1931,658323,183265,11489901,True,False,English,0.09995858784553266,576.6682844135781,17.453288127560484,0.2783815847236083,0.6160472164619557,1.0453537868391225,0.1922188859100319,0.08651431061912228,0.024418475566208946,0.26809534628748577,0.005834781888356639,0.2423445068268321,0.13657105118300625
AsmodaiTV,379345935,132360,11751,2796,247056,30588,6547592,True,False,English,0.23793719683431197,1535.4653803186322,26.502460980506445,0.12380998639984457,1.2674524025385312,1.0250416425096336,0.504787750193364,0.26607982551209974,0.0395063305539045,0.10978961480022048,0.012610587482911334,0.21737587888333823,0.19169166457097306
Homyatol,378734925,70725,26274,4826,375749,249186,6981248,True,True,Italian,0.18367968333713938,1007.9465946682493,18.579551775254224,0.6631714256059231,4.094167550371156,1.1096220586703607,0.38187587641133486,0.167285009835677,0.02629631599101464,0.6621809214534528,0.042013596120679925,0.3213460411747268,0.26683296016448105
Grimmmz,377312595,176580,21993,2153,1001739,37734,7803917,True,True,English,0.09789478470422407,376.657587455415,7.7903695473571455,0.03766849448808522,0.7315664288141353,0.9924662802884785,0.1875436640860776,0.04905589117168544,0.008307310859198837,0.021567120911452107,0.007036393023891007,0.17733273591276874,0.0751405193275123
aXtLOL,376430955,73815,25340,4991,763886,193266,8969210,True,False,Portuguese,0.19696132596685084,492.7842047111742,11.741555677156015,0.2530037204504337,4.056899004267425,1.0217699723757998,0.4119633514410592,0.0708043256521076,0.014895197324025477,0.24210440480200973,0.04162593506334088,0.21335419052781876,0.16579123413506028
boyMinORu,376358805,142830,22141,2717,367223,73551,17822170,True,True,Thai,0.12271351790795357,1024.8780849783375,48.53228147474423,0.20028974220024345,1.1413568578029825,0.969824176420535,0.24376660550645105,0.17045597456681916,0.07623706190619775,0.18811696482599952,0.011298963142593118,0.1495000138640253,0.13989593063534764
just_ns,376209315,93615,37023,3969,341549,66811,12351240,True,False,Russian,0.10720363017583664,1101.4797730340304,36.162424717976045,0.19561175702461434,2.543823105271591,1.0125185860988273,0.2086313912212859,0.18480209807526357,0.05561256859641138,0.18332596911174548,0.025887177742184634,0.20198195832208768,0.14337352717816312
BurkeBlack,372767025,171675,4922,2154,276421,13471,5367772,True,True,English,0.4376269809020723,1348.5481385278254,19.41882852605265,0.048733634564667665,0.7528178243774574,1.008056171111038,0.957153587713291,0.23107357558926403,0.027695657800080486,0.032899572104480475,0.007257446414358067,0.19649655127927632,0.24209606515012502
Trick2g,371417130,132945,28917,2650,1476226,115863,8688676,True,True,English,0.09164159490956876,251.59909797009402,5.885735652942029,0.07848594998326815,1.1959833013652261,1.0542510628242492,0.17337804488910133,0.025634677077401805,0.005131679177654614,0.06337064251365074,0.011867178087471014,0.253281450272074,0.08877727866955891
FORMAL,369971310,137190,16518,2391,512592,176173,4803076,True,False,English,0.14475118053033054,721.7656732840154,9.370173549333582,0.34369049848612543,1.0457030395801443,1.1278881014095152,0.2936894683894634,0.11368845148106616,0.010941347591411528,0.3349819896160909,0.010303988447106683,0.3437995063409712,0.18456745864435165
Fortnite,369166335,12030,169084,28584,3558217,1163448,21509520,True,False,English,0.16905206879420878,103.75037132361517,6.045027607928353,0.3269749989952833,142.5635910224439,1.0735776445396445,0.34873931344431736,0.0,0.005397269630682348,0.3178626779005572,1.0,0.27703857903423357,0.32483964000163174
Magic,362552205,43350,114234,5123,365714,50355,18694298,True,False,Spanish,0.04484654306073498,991.3544600425469,51.11726102911018,0.1376895606949693,7.090657439446367,1.6325146719421944,0.06737120573000323,0.1641776003431342,0.0805470466193016,0.12400449117692264,0.07318257264773448,0.9641098431348787,0.24556545994199577
Xari,361741665,80535,28830,4841,269447,147894,5746209,True,False,French,0.16791536593825876,1342.5336522581435,21.32593422825268,0.5488797425838847,3.606630657478115,0.9278521694677483,0.34616429168322094,0.2299471700875737,0.030875410772931915,0.5451281855050477,0.036942320550534015,0.09790608027206972,0.2144939098118963
RocketBeansTV,360858030,518415,5223,696,416018,27024,5973152,True,False,German,0.13325674899483056,867.4096553514512,14.357917205505531,0.06495872774735709,0.08055322473308064,1.0001141576429748,0.2676506393494785,0.14096495945412793,0.01925750578874574,0.04951663030009212,0.0002646647591687824,0.18673386073368006,0.1107313767308822
ANGRYPUG,360278835,184845,9822,1892,366463,48331,4962556,True,True,English,0.1926287925066178,983.1247220046771,13.541765471548286,0.13188507434584118,0.6141361681408748,1.0301723997427248,0.4021486774632638,0.16263631788147898,0.01789672075236594,0.11805978032854356,0.005814903489808056,0.22368284314783782,0.15503987384388304
MarcaoRX,359273445,336690,5210,1258,166594,65904,4541683,True,True,Portuguese,0.24145873320537428,2156.5809392895303,27.261984225122152,0.39559648006530845,0.22418248240220975,0.8482312327894667,0.5127652376611852,0.38240363962354057,0.04077269785186313,0.3881419133767667,0.0017586717895976412,3.233970661363765e-05,0.22097908333492777
yamatonjp,359095725,159420,8247,2269,179920,67794,10882318,True,False,Japanese,0.2751303504304596,1995.8633003557136,60.48420409070698,0.37680080035571367,0.8539706435829884,0.9927340869134527,0.589042997175951,0.352304105831886,0.09616472581363418,0.36889216854980705,0.008309620779757186,0.17766193621143317,0.2653959257270781
btscsgo,357966315,57165,74949,6530,219539,166599,9173781,True,False,English,0.08712591228702184,1630.5363283972324,41.78656639594787,0.7588583349655414,6.853844135397534,0.9589562011795467,0.16314847525408455,0.28388491046282416,0.06498980510702447,0.7601794305210867,0.07071928106710768,0.13614059568101328,0.24651041634885684
Skyyart,356907810,111165,32577,2311,598579,239491,8203617,True,False,French,0.07093961997728458,596.2584888544369,13.705153371568331,0.4000992350216095,1.2473350425043854,1.3892744018285705,0.12648097265138733,0.0901832048641147,0.018169140451083924,0.39275344566856646,0.012401330136515242,0.6651076449019343,0.21751595644560032
gratis150ml,356697420,198075,9601,1801,741652,129328,12187175,True,False,Portuguese,0.1875846266013957,480.949852491465,16.432471024146096,0.17437827984014065,0.5455509276789096,0.9999000513198839,0.3907219119681848,0.0685879635470983,0.02271644813502096,0.16157953461693256,0.005101491521406207,0.1864706713315722,0.13919633685336916
ShivFPS,355389630,203175,7216,1782,236407,174213,6900666,True,False,English,0.24695121951219512,1503.2957145938994,29.189770184470003,0.7369198035591162,0.5262458471760797,0.9815824460096639,0.5252076026016403,0.26005502358636606,0.04398693140388186,0.7377109091386785,0.004900683368093429,0.1639538230664359,0.289302495527516
Ponce,355091505,111360,23255,3043,242969,196880,13687141,True,False,French,0.13085357987529564,1461.4683560454214,56.33286962534315,0.8103091340870646,1.6395474137931034,1.047874104431312,0.2622066372111841,0.25222150885582667,0.08924312828901165,0.8128731755484024,0.016481056298411737,0.24544259786232472,0.2797446840108602
Distortion2,354144315,170220,11495,1953,314170,44982,5500067,True,True,English,0.16989995650282733,1127.2378489352898,17.506658815291086,0.14317726071871917,0.6884032428621784,1.065289006131218,0.35066006985768466,0.18962612411958116,0.024507461511129952,0.1296247627912639,0.006587416928668926,0.2668498010686447,0.16130927271282888
boxbox,353396640,117720,25314,2717,1717150,145809,9971842,True,False,English,0.10733191119538595,205.80417552339634,5.80720496170981,0.08491337390443468,1.3848114169215087,1.104898856709576,0.20892199172004072,0.017058108725509814,0.005000743488763504,0.06995333982967238,0.013831335925239706,0.31554006271436313,0.10505093040059821
강지 (rkdwl12),353381040,141450,29993,2484,507418,270927,12873339,True,False,Korean,0.0828193245090521,696.4298467929793,25.370284459755073,0.5339325762980422,1.053658536585366,1.0057468967884386,0.15339257714377713,0.10894350518478269,0.03761863148536374,0.5298199263021777,0.01038674016948721,0.19365788439875697,0.17230321078072422
TheKAIRI78,353046060,50310,47081,6795,885915,650990,5134322,True,False,French,0.14432573649667593,398.51008279575353,5.795501825795928,0.7348221894877048,8.103756708407872,1.0327318966776844,0.2927256917621287,0.05314847196301571,0.004981230631573197,0.7355626210084283,0.08372065837562685,0.22682909524485248,0.2328279614976042
RiotGamesRU,352700745,17880,73049,19753,173861,75538,6832561,True,False,Russian,0.2704075346685102,2028.6363531786888,39.298985971551986,0.43447351619972274,66.28523489932886,0.9986327367824852,0.5783441999511435,0.3584419113487219,0.06084221578328902,0.42795813906154123,0.6889144668559316,0.18491282964541647,0.383235627107674
FPSThailand,351025410,158640,38563,2260,390579,74894,18596656,True,False,Thai,0.05860539895754998,898.7308841489174,47.61304627232903,0.19175122062374064,0.8547655068078669,0.9790782770808509,0.09853973245326669,0.14683086434695494,0.07470440387667295,0.17937217006003722,0.00831788881139273,0.1608755827153955,0.11144010704395334
김나성 (naseongkim),350120640,215505,7628,1584,103260,20536,8471746,True,False,Korean,0.2076560041950708,3390.670540383498,82.04286267673832,0.1988766221189231,0.4410106494048862,1.0256641728765346,0.43619046499271297,0.6135265076327816,0.1321098801123926,0.1866697066584014,0.004014081384787854,0.2181411220237245,0.2651086271341334
오킹 (obm1025),346276365,96000,19328,3563,428179,244442,8920133,True,False,Korean,0.1843439569536424,808.7187017579097,20.832719493482866,0.5708874092377253,2.226875,1.012361905346618,0.3833806839420486,0.1299731955589359,0.03005306462959583,0.5676675123008198,0.022590337632854743,0.2017893590896107,0.2225756921923109
singsing,346171920,126795,11839,2735,572005,45761,6526670,True,True,English,0.2310161331193513,605.1903742100156,11.410162498579558,0.08000104894187988,1.294215071572223,0.9982340464783118,0.48910916754296374,0.09185598693624392,0.014342659285076938,0.0649223431593039,0.012888968199613805,0.18442274107041892,0.14292364436560354
BlackUFA,345166455,88035,10349,3889,279922,34803,12888906,True,False,Russian,0.37578510000966275,1233.0808403769622,46.04463386229021,0.12433106365344632,2.650536718350656,1.0081734830943587,0.817060520988307,0.2094486197625164,0.07208936055855752,0.11032328021280177,0.026997194536603084,0.19664075659887886,0.23875995544294407
QuattroAce,342273825,185715,48810,1696,157620,136490,7245324,True,False,Russian,0.03474697807826265,2171.5126570232205,45.96703464027408,0.8659434081969293,0.5479363540909458,1.0866779571711371,0.04449222775317926,0.3852000827860595,0.07195997792569553,0.8698514597496024,0.005126304319912501,0.29314208965986044,0.27829535703238495
bateson87,342162660,98730,20204,3344,598678,254821,16648694,True,False,English,0.16551177984557514,571.5303719194626,27.809096041611685,0.4256394923481404,2.032209054998481,1.0363756671449902,0.3407193449577584,0.08555207167782673,0.0416849076066543,0.418910703290893,0.02056545568932119,0.23130818655268479,0.18979011162918977
Staiy,341874270,91545,15429,3711,259624,90591,5503882,True,False,German,0.24052109663620455,1316.805341570887,21.19943456691215,0.3489315317536129,2.432246436178928,1.0063309574746957,0.5106411693024462,0.22512871853446095,0.030664495523846227,0.34034963551065456,0.02472657626890903,0.19437583882715292,0.22098107232791162
polsatgames,340417455,57870,66706,5695,141026,74586,16290334,True,False,Polish,0.08537462896890835,2413.8630819848822,115.51298342149674,0.5288811992114929,5.904613789528253,1.0329150605949304,0.1591812179973775,0.4305879745815537,0.18791523784220712,0.5246465182933582,0.060845548979094985,0.22705424880954775,0.2650384577505232
NymN,340095510,100125,23488,3402,241746,111122,4409296,True,True,English,0.1448399182561308,1406.8299372068204,18.23937521199937,0.45966427572741636,2.0386516853932584,0.9984448011414303,0.2938904897678912,0.24198871210081532,0.02572913325066827,0.4537574557341841,0.020632470831364363,0.1846818104569594,0.20344667869031377
orangemorange,338213940,122835,18387,2653,261139,85861,9889442,True,False,German,0.14428672431609288,1295.1490968411458,37.870413840904654,0.3287942436786539,1.2958847234094517,1.0378441067437278,0.2926373157952493,0.22107289196578161,0.058460330776014216,0.3197258718086131,0.01290633563312749,0.23311326047317404,0.1896526677419933
MinosTV_,338084550,167190,24576,2034,204605,192534,5554989,True,True,French,0.082763671875,1652.376774761125,27.149820385621076,0.9410033967889347,0.7299479633949398,0.9941778391073269,0.15326650484353052,0.2879752346967778,0.040585684986404996,0.9467247438997374,0.007019558022763631,0.1794366632312247,0.2691680649467399
NairoMK,335695215,106200,22074,3054,339545,69474,6132895,True,False,English,0.13835281326447404,988.6619299356491,18.062097807359848,0.20460910924914225,1.7254237288135594,1.0350268148838793,0.2791949724366955,0.1636733377029209,0.025433555321363342,0.1925406789342387,0.017374327073948585,0.22965011492262433,0.15131116439863188
철면수심 (109ace),335311860,145425,12180,2202,166726,35165,7631326,True,False,Korean,0.1807881773399015,2011.155188752804,45.771661288581264,0.21091491429051257,0.9085095410005157,1.0471105315201756,0.37532562378704154,0.3551680025055795,0.07163422828573351,0.19899881930747404,0.008876925084575977,0.24450397869850676,0.2090845962781519
UnknownxArmy,333869670,92250,41700,3735,850944,836664,11325781,True,False,English,0.08956834532374101,392.35210542644404,13.309666676067991,0.9832186371841155,2.4292682926829268,0.96899154340941,0.16868142362898436,0.05199519314965471,0.01750973809373704,0.9899598180216462,0.024695598128432233,0.14847650282890187,0.23355304564189275
s1mple,333097410,24615,34971,12723,1681884,740732,20277843,True,False,English,0.36381573303594406,198.0501687393423,12.056624000228316,0.4404180074250067,31.012797074954296,1.0636087183321092,0.7899458003183085,0.015605922202825369,0.015420516626350848,0.4340462370170731,0.32201658723744736,0.2647843135350106,0.30696989615616926
bysTaXx,331965075,48945,259210,6210,1093212,795296,10207313,True,False,Spanish,0.023957409050576754,303.6602918738543,9.33699319070775,0.7274856112080731,7.612626417407294,1.0921755810894906,0.020050154001264173,0.03538480578471444,0.010886025359477003,0.7280488060271146,0.07861200489151751,0.2999000234340577,0.1954803032496909
Sjow,331726155,149700,8140,2189,240206,21662,3365340,True,False,English,0.2689189189189189,1381.0069482027925,14.010224557255023,0.09018092803676844,0.8773547094188376,1.0123067972399802,0.5749719748097676,0.2371525289955599,0.01867779133944293,0.07534814727884696,0.008552857842495825,0.20172161765429059,0.18607081965340064
hardgamechannel,331308960,55125,27529,5711,786562,256678,10562872,True,False,Russian,0.20745395764466562,421.21150017417574,13.429166422990178,0.32632901157187866,6.216054421768708,1.0523795944572891,0.43573276027126845,0.057400040639815755,0.017708982254714838,0.3172010847443588,0.0640851012937099,0.2509809547357753,0.19051815398994051
scoped,330160515,63360,47343,5165,731808,728892,8279834,True,True,English,0.10909743784720022,451.15729125672306,11.314216297170843,0.9960153482880756,4.891098484848484,1.0088802931297487,0.21292151501183168,0.06300835069580243,0.014182686390647847,1.0,0.05030313571865052,0.1975096002085985,0.2563208813375885
VooDooSh,329448660,137670,7560,2519,85678,66129,9003037,True,True,Russian,0.3332010582010582,3845.1954994280914,105.07991549756063,0.7718317421041574,1.0978426672477664,0.9499926944413999,0.7205930635885016,0.698650887599233,0.1705199887436246,0.773466248599133,0.010846335957380791,0.125122238328714,0.41653312713609786
WELOVEGAMES,328935150,116520,27956,2761,413458,49713,23682775,True,False,Russian,0.0987623408212906,795.5708923276367,57.27975997562026,0.12023712202932342,1.42173017507724,1.022453114235316,0.18950897618917026,0.127510846454892,0.09082189626332196,0.10613043734579947,0.014215358548028911,0.214193940120289,0.12373024248691693
StereOnline,327697680,400770,4227,785,327645,91352,4620985,True,False,Portuguese,0.18571090607996216,1000.1607837751225,14.103633505776068,0.27881396023134797,0.11752376674900816,1.041618069928763,0.386477292460414,0.16582686697327714,0.018833533824722106,0.2685381671017374,0.0006492260288357283,0.23775239069551996,0.1796795795140844
keanelol,327242790,147255,7208,2176,162917,85035,4068823,True,False,English,0.3018867924528302,2008.647286655168,24.974821534892,0.5219528962600588,0.886625241927269,1.0212713427787332,0.6496555135398122,0.3546983173830583,0.03695926876124454,0.5175508417357875,0.008649288339792704,0.21274125194837518,0.2967090802846784
살인마협회장 (sal_gu),326488155,122925,16252,2663,164092,45255,6226900,True,False,Korean,0.16385675609155798,1989.6652792336006,37.94761475269971,0.2757904102576603,1.299816961561928,0.9973694152828045,0.3369701486225703,0.35114332754118915,0.0585890492988019,0.2654415743546639,0.012947238103421205,0.18335989638603878,0.20140853905111422
sips_,325731015,108990,7872,2984,430755,84034,4331397,True,True,English,0.3790650406504065,756.1862659748581,10.055360936030922,0.19508537335608409,1.6427195155518854,1.0015523197764904,0.8244907112801759,0.12013481169205356,0.012083773324446564,0.18278686909212163,0.016514051959642357,0.18850171619254655,0.2240853222568311
ESL_CSGOb,325637220,52530,89949,5114,575769,183662,13742820,True,False,English,0.056854439738073796,565.569212652991,23.868634817088104,0.31898556539167616,5.841233580810965,1.2121766499371163,0.09457320939111141,0.08443565336824416,0.03511490297679534,0.3096802359480661,0.06018627886275275,0.44741089142882773,0.17190019532929957
kyo1984123,325018110,204975,5967,1516,135687,12731,12070678,True,False,Chinese,0.25406401876990115,2395.3518760087554,88.95972348124728,0.09382623243199423,0.4437614343212587,1.045941666739074,0.5413205320053373,0.4271211574138864,0.14364249137802135,0.07908151476057043,0.004042694580114154,0.2430671560094709,0.23971259102456674
midbeast,324433515,118005,16153,2652,330060,143256,10000927,True,False,English,0.16418002847768218,982.9531448827486,30.300330242986124,0.4340301763315761,1.3484174399389857,1.0366968594205974,0.3377024714320663,0.162604184561119,0.045838588941019415,0.42750408901039655,0.013452771986669396,0.23170301096402565,0.20313418614921605
Alexby11,323225055,54810,53526,5331,1448018,1145810,8378248,True,False,Spanish,0.0995964577962112,223.2189482451185,5.786010947377726,0.7912954120736069,5.835796387520525,1.1062073339351977,0.19139853716852165,0.02031958359216907,0.004965406312642979,0.7934001209621953,0.06012972210590846,0.3171485034820692,0.23122697893725108
Tumblurr,322841490,81210,17165,3846,353687,236441,4008897,True,False,Italian,0.22406058840664142,912.7886803868957,11.33458962302827,0.6685035073384094,2.8415219800517177,1.0336429637458864,0.47335247360861293,0.14946363767356824,0.014216655217539453,0.6676418153574096,0.028983790640490135,0.22794902105320153,0.260267898925137
Veritas,320121405,135150,103833,1595,182492,131913,4176079,True,False,English,0.0153612050118941,1754.1667853933322,22.88362777546413,0.722842645157048,0.7081021087680355,1.4850394024055473,0.0005768040870225072,0.30703867966151305,0.033472582330765985,0.7232936754277756,0.006792321170551333,0.782826416028605,0.3090000797843722
daltoosh,319194420,154440,16445,2038,241602,163486,3665065,True,False,English,0.1239282456673761,1321.1580202150644,15.169845448299268,0.6766748619630633,0.7917637917637917,1.014124600729115,0.24651838042981628,0.22594389724666553,0.020611248919389806,0.6760105731701366,0.007662555721655856,0.20395614583892427,0.2301171335544314
ELoTRiX,319051995,56310,31194,5620,895851,318247,5587147,True,True,German,0.18016285183048023,356.14404069426723,6.236692262440964,0.3552454593453599,5.988279168886521,1.0081835840109814,0.373909047074755,0.04521407145594087,0.005716835690536272,0.346816094658444,0.061715821979131634,0.19665317311310546,0.17167084066198554
TSM_Viss,316437645,117795,18844,2668,762778,101135,7091125,True,False,English,0.14158352791339418,414.84894032077483,9.296446672557416,0.13258772539323369,1.3589710938494843,1.006874777942749,0.2865136489767569,0.056208447193201415,0.010818421392125549,0.11877940598580548,0.013562549293848133,0.1950443281168418,0.11348780015976322
Anthony_Kongphan,316366395,163920,49085,1858,462128,44534,6805829,True,False,English,0.037852704492207394,684.5860778831839,14.72715135200637,0.0963672402451269,0.6800878477306003,1.0387539558271224,0.051527763080690764,0.10672537950246265,0.019873136780598943,0.08168390811701527,0.006500921607388422,0.23423168907822417,0.08342379969439669
modestal,316203420,55455,25985,5660,323364,193939,11440074,True,False,Russian,0.21781797190686936,977.8559765465543,35.378316695736075,0.5997544562783736,6.1238842304571275,1.0074173405807976,0.4592108065502878,0.16164957627048693,0.054305210639336444,0.5972319280615681,0.06312636269093376,0.1957112712236712,0.2552058592393807
소풍왔니 (yumyumyu77),315613800,66315,24521,4496,309322,46911,13030325,True,False,Korean,0.18335304432935035,1020.3406159277388,42.125438863061795,0.15165749607205437,4.0678579506898895,1.0585659192095958,0.38113592704930327,0.16960618792284463,0.06555481350350714,0.1383098632583107,0.04173992815407294,0.25858547145111405,0.1758220318898588
XEWER,315398565,189315,17100,1660,455056,215059,6449741,True,False,French,0.09707602339181287,693.0983549277452,14.173510512991808,0.4725989768292254,0.5261072815149355,1.0036137418702622,0.1856888889479958,0.10831957645711185,0.01895004106455254,0.46700463271686665,0.004899242031730037,0.19103571164172034,0.16264968214332953
blxckoutz,314656260,152970,18483,2566,482061,402587,8381945,True,False,Portuguese,0.13883027647026996,652.7312103654932,17.387726864442467,0.8351370469712339,1.0064718572269071,0.8016290694444848,0.2802765903270805,0.10075953363987972,0.024309164047155274,0.8383008799459332,0.009895912382390166,0.0,0.2089236800570731
EASPORTSFIFA,313078095,12165,106126,24395,1287954,427684,11286667,True,False,English,0.2298682697925108,243.08173661481698,8.763253190719544,0.3320646544830017,120.32059186189889,1.054969118259917,0.48650886348820843,0.02403952792246389,0.009929417936772687,0.3230752890383018,1.0,0.25416411724830085,0.34961953593900796
ALOHADANCETV,312898725,70320,18317,4288,555334,92209,12461610,True,True,Russian,0.23409947043729867,563.4424058314456,22.439847010987982,0.16604241771618522,3.6587030716723548,1.0376960288415007,0.49609398389048615,0.08403734056189568,0.03273265836980805,0.15304229514072745,0.03748396891772682,0.23293123626207216,0.17272024719045273
연두는말안드뤄 (rudbeckia7),311520135,126300,7111,2478,212053,24606,9675073,True,False,Korean,0.34847419490929543,1469.067332223548,45.625730359862864,0.11603702847872938,1.1771971496437055,0.9953629469018574,0.7551919556191207,0.2536446609240927,0.0713909149214622,0.10182887813924299,0.011671767742795205,0.18089345258416406,0.22910360498847962
Flashpoint,311325840,19320,77708,11713,93616,93120,27828448,True,False,English,0.1507309414732074,3325.5622970432405,297.26166467270554,0.9947017603828405,36.37577639751553,1.375751209173011,0.3072356774743285,0.60133290036269,0.4909482101906595,1.0,0.37780138305118505,0.6484843105780121,0.5709670802761458
Steelmage,311218875,178485,10815,1696,60987,37839,7005761,True,False,English,0.1568192325473879,5103.036302818634,114.87302211946809,0.6204437011166314,0.5701319438608287,1.0281070967593597,0.32102774452319766,0.934221930188817,0.18684821840522048,0.618420982671583,0.0053571790574058155,0.22114407712955167,0.38117002199596267
RoyalPhunk,311093010,104565,12141,2934,204451,34597,4921311,True,True,German,0.24166048925129727,1521.6018018987434,24.070858054008053,0.16921903047674014,1.6835461196385024,1.014013651062142,0.5132222842903593,0.26348342570252725,0.03545207355839135,0.15629564835803786,0.0169387233289984,0.20381976137305186,0.19820198610189432
Overpow,309892665,153015,10858,2004,254516,29344,9020762,True,True,Polish,0.18456437649659238,1217.576360621729,35.44280909648116,0.11529334108661145,0.7858053132045878,1.0106006494999413,0.3838800097919804,0.20654490853697482,0.05441274002418331,0.10106722478323324,0.007600576644394193,0.1996243418843554,0.15885496694418688
NeVeR_LosEs,309559170,82635,9671,3680,200953,23806,10608507,True,False,Chinese,0.3805190776548444,1540.4555791652774,52.790985951939014,0.11846551183610098,2.671991286984934,1.0179626026975621,0.8277846037062117,0.2670144003341796,0.08333767945782806,0.10431602867959072,0.027220361298686258,0.20867399549783155,0.25305784482905463
AvoidingThePuddle,309117315,80955,13108,3893,336181,67040,4202354,True,True,English,0.29699420201403726,919.4966848215694,12.500272174810593,0.19941638581597412,2.885306651843617,0.9808334119844053,0.6385721184536843,0.15071992670005882,0.016160219517701205,0.18722250994062506,0.0294392313253735,0.16303307577406126,0.19752451361858403
Ko0416,307823730,200625,5448,1515,108784,12127,11705657,True,True,Chinese,0.27808370044052866,2829.6783534343285,107.60458339461685,0.11147779085159583,0.4530841121495327,1.012755041485457,0.5957333476965416,0.5084627237199021,0.17472941470353137,0.09715949867099252,0.0041396674841303405,0.20227262022750842,0.2637495454171011
Dota2ruhub2,307331445,55230,54508,5158,248277,71813,13417924,True,False,Russian,0.09462831144052249,1237.857091071666,54.04416840867257,0.28924547984710625,5.603476371537208,1.0788240434428495,0.1801439820213736,0.21034312592958282,0.08542713398451052,0.2792216908616291,0.057713168941037354,0.2834876953920325,0.18272279952169435
Slushpuppy,307001595,150525,118125,1560,122486,85852,5065635,True,False,English,0.013206349206349206,2506.42191760691,41.35684894600199,0.7009127573763532,0.6218236173393124,1.3073967396164705,0.0,0.44792258588497563,0.06427332917316549,0.7008340064833883,0.00589486702464013,0.5644598328593132,0.2972307702375805
itmeJP,306920835,145950,24603,2079,369273,6134,10677522,True,False,English,0.084501890013413,831.1488654735115,28.914981598979615,0.01661101678162227,0.8546762589928057,1.0115044142793372,0.1572041649879709,0.13417396328542125,0.04352877126068123,9.376814899599952e-07,0.008316960470849058,0.2007352913813226,0.0906600148446225
JesusAVGN,306076605,78315,43859,3838,682899,181914,13548535,True,False,Russian,0.08750769511388769,448.2018644045459,19.839734719189806,0.26638492661433094,2.940432867266807,1.0183104788165083,0.16401334427596345,0.062454852206178024,0.028397442560817922,0.25580887349438003,0.03001264481187155,0.20910162092444803,0.12496479637894319
tarzaned,306010080,72390,14602,4159,388878,172683,7744943,True,True,English,0.2848239967127791,786.9050961998364,19.916125365795956,0.4440544335241387,3.447161210111894,1.016408376244449,0.6110024301013499,0.12588789812693824,0.028524810113315792,0.4377705117212571,0.035283546569730054,0.2067634684053581,0.2408721108396582
Mickalow,305967975,157260,37872,1830,864324,260914,8191116,True,False,French,0.04832065906210393,353.9968518749913,9.476904494148028,0.3018705948232376,0.6982067913010301,1.0631795418675973,0.07524126979931667,0.04481194146665281,0.011119302090041295,0.292151802752049,0.0066893917667241,0.26425674996069387,0.11571174297257962
UNLOSTV,304599090,19995,128345,12171,1585519,571237,11452750,True,False,Turkish,0.09483034009895204,192.11317555954864,7.223344532610458,0.36028391965028483,36.522130532633156,1.2516443135925712,0.1806016462113579,0.014494029768233229,0.007361899456861793,0.3519762738426562,0.37932373379188,0.4959263703278891,0.23828065889981306
resttpowered,304222200,148335,9248,2072,252184,37681,8585834,True,False,Slovak,0.22404844290657439,1206.3501253053325,34.0459109221838,0.14941867842527679,0.8381029426635656,0.9898229419920187,0.4733249598860879,0.20444243583080166,0.05208366559618033,0.13601696036357994,0.008144567662341713,0.17408342213365804,0.17468266857877493
Felps,303435945,96930,15553,3109,844681,284169,6099521,True,False,Portuguese,0.19989712595640713,359.2314080700288,7.221094117187436,0.3364216787165806,1.9244815846487155,1.0069040581556585,0.41861394514702455,0.04579228004132368,0.007358147297176438,0.32753757005165923,0.019444892924570103,0.19508032070976486,0.16897119269525315
Doublelift,301917225,20370,52584,13364,1389835,166536,7617972,True,False,English,0.2541457477559714,217.23242327326625,5.481206042443887,0.11982429568977612,39.36377025036819,1.1090736703226174,0.541505676184875,0.019198414740509585,0.004457199399158844,0.10570763796759573,0.4088819852591541,0.3206719368359017,0.23340380839786581
쉐리 (kss7749),301790445,115380,12295,2403,170718,19597,7546887,True,False,Korean,0.19544530296868645,1767.7716760974238,44.20674445576916,0.1147916447006174,1.249609984399376,1.0884818205878464,0.4085290394833108,0.30958663189747265,0.06902501320884545,0.10055340844031783,0.012424993693927498,0.29535948206226204,0.1992464281310227
Kiwo,299469345,234330,10836,1243,296481,38195,4900030,True,True,English,0.11471022517534145,1010.0793811407814,16.527298545269343,0.1288278169596028,0.3182691076686724,1.0281425940457962,0.22563640301859259,0.1676844425235029,0.022874555832906783,0.11492866586688437,0.002737344811366194,0.221187712037007,0.12584152068170995
adolfz,299235990,62520,15928,4926,294217,154653,2743587,True,True,Portuguese,0.30926670015067803,1017.0588035361654,9.325045799528919,0.5256426379169117,4.727447216890595,0.9716289569311024,0.6663735351558999,0.16899156327035883,0.010866105250919368,0.5213297199923458,0.04860086315360729,0.1517185336006444,0.2613133867372959
LigaPro1,298828170,232620,11533,1149,30986,29434,60922719,False,False,Other,0.09962715685424434,9643.973730071646,1966.1369328083651,0.9499128638740076,0.29636316739747226,1.1180325693939825,0.19146808106213178,1.0,1.0,0.955849445457846,0.0025094829585345065,0.33168463023093026,0.5802519399515736
knekro,298811910,102210,13731,2912,260728,97206,10900480,True,False,Spanish,0.21207486708906853,1146.0675876775797,41.80786106593845,0.37282531987358475,1.7094217786909305,1.0039524516428684,0.4462007047416363,0.19315259676640106,0.06502531010820521,0.36482064860331237,0.01720787751922866,0.1914520693711577,0.21297653451832355
Savjz,298693050,86205,12708,3401,542892,13967,4072337,True,False,English,0.26762669184765503,550.1887115669415,7.501191765581368,0.025727032264244085,2.3671480772576996,1.0187931808713258,0.5720446373694115,0.08155516112580417,0.007825159340159612,0.009337177423301687,0.024049434247317973,0.20969498063176364,0.15075109168962642
BobbyPoffGaming,298668465,224295,6453,1254,125803,81131,2208405,True,False,English,0.19432821943282194,2374.096523930272,17.554470084179233,0.6449051294484234,0.3354510800508259,1.0618721755599763,0.40599846220996566,0.4231404108549895,0.02458717813313339,0.6434733490007232,0.0029160687562793286,0.26264967478481205,0.2937941906233172
The_Happy_Hob,295999245,106125,8560,2834,216106,38712,4158704,True,True,English,0.33107476635514016,1369.6947100034242,19.24381553496895,0.17913431371641694,1.60226148409894,0.9841766435334691,0.7157762834202978,0.2350339494905353,0.027403855369809292,0.16645046452855256,0.016093214419931227,0.16714273073335256,0.22131674966041312
Smurfdomuca,294868035,107055,18282,2843,267948,251923,5976634,True,False,Portuguese,0.15550815009298763,1100.467385462851,22.30520100915103,0.9401936196575454,1.5933865769931344,0.9688217500503068,0.3180576931742453,0.18461249602466656,0.03250816057499274,0.9458954042117454,0.016000899150565837,0.14826778497312296,0.2742237396848898
Timmac,294663825,191970,13500,1460,393639,32867,4232938,True,False,English,0.10814814814814815,748.5635950706104,10.753350150772663,0.0834952837498317,0.45632130020315675,1.0513337379342234,0.21077104831787696,0.11870722202618281,0.013247543784590936,0.06850099152200272,0.004173340161894059,0.24969533949087014,0.11084924755056962
Nikolarn,293952480,129510,30044,2279,526389,214216,3964166,True,False,English,0.07585541206230861,558.4320341040561,7.5308678562811915,0.4069537927274316,1.055825804957146,0.9959315716927973,0.13761692742241932,0.08309898772074044,0.007874638840701465,0.399773595446464,0.010409283725283653,0.1815924324955963,0.13672764427520087
소우릎 (so_urf),293688270,167895,9665,1756,95477,44040,8120712,True,False,Korean,0.18168649767201242,3076.0106622537364,85.05411774563507,0.4612629219602627,0.6275350665594568,0.9961490534577928,0.37736062738671816,0.5545963510085615,0.13713060195612292,0.45539472198506425,0.005954276544868175,0.18185977114712326,0.28538272500474304
RiffTrax,293583075,521445,24765,562,79099,17200,3313465,True,False,English,0.02269331718150616,3711.5902223795497,41.89009974841654,0.21744901958305415,0.064666455714409,1.001811913370077,0.01718655244185635,0.6736290133485666,0.06516242820018692,0.20569077519825804,9.94132986385629e-05,0.18882082065289477,0.19176483385673357
pimpimenta,293014110,164940,20855,1744,828298,254312,12258152,True,False,Portuguese,0.08362502996883242,353.75445793663636,14.799205116998955,0.3070295956286264,0.6344125136413241,1.01862906361279,0.1552177762986033,0.04476654542557849,0.01999327336934492,0.29743543444827963,0.00602581457589652,0.20949324010151651,0.1221553473698699
FACEIT TV (faceittv),292881510,35910,145470,9722,1681615,23166,17259602,True,False,English,0.06683164913727917,174.1668039355025,10.263706020700338,0.0137760426732635,16.24394319131161,0.8389207435375107,0.1171750100142806,0.011132995953158257,0.012431150977186167,0.0,0.16839348918894154,0.0,0.05152210768892776
crokeyz,292698660,163095,5916,1796,68907,36715,3476636,True,False,English,0.3035835023664638,4247.734772954852,50.45403224636104,0.532819597428418,0.6607192127287778,0.999249074708873,0.6534991433213377,0.7740392802259828,0.0794412328769409,0.5286800601430875,0.006299452371021598,0.1856704607513111,0.3712716049482803
Letshe,291144945,80745,28808,3073,884661,687813,11561585,True,False,English,0.10667175784504304,329.1034023202108,13.068943923152485,0.7774876478108563,2.283485045513654,1.1733593947367418,0.20742651800508033,0.040149844443353976,0.017108376549731873,0.7792587894011409,0.023179185666763885,0.399694924706461,0.24446960646208862
SaltyBet,290991045,508140,3467,571,224099,69465,4509671,True,False,English,0.1646957023363138,1298.4932775246655,20.123565923988952,0.3099746094360082,0.06742236391545638,1.0029057762739932,0.3388706495541272,0.22169919708173996,0.028870679632159564,0.30045159375615677,0.0001280797854978505,0.1901654475630839,0.18003094122879423
소니쇼 (sonycast_),290499225,100605,7998,2840,255949,54706,10802748,True,False,Korean,0.35508877219304824,1134.988708688059,42.20664272960629,0.2137378930958902,1.6937527955867004,1.0167333582529918,0.7701762414040649,0.1910777212596992,0.06569020622754651,0.20188999549769687,0.017044891430619068,0.2071629513318287,0.2421736678585759
HGmony,290461620,111360,21999,2465,34358,32326,90310969,False,False,Russian,0.11205054775217055,8453.973455963676,2628.5281157226846,0.9408580243320332,1.328125,1.0581387266559419,0.21961132161203809,1.0,1.0,0.946575859542084,0.013241693488977515,0.25806034659184796,0.5729148702058245
jakenbakeLIVE,289531305,120435,23432,2375,489623,116554,7920696,True,False,English,0.10135711847046773,591.3351803326233,16.17713220171438,0.2380484576909173,1.1832108606302154,1.0122299821043454,0.19538703735252805,0.08926115740123419,0.022290716945200167,0.2267878535312481,0.011734321338341248,0.20162719293423242,0.12451471325046404
Syndicate,289369785,58695,22845,4281,3000509,282047,13227099,True,False,English,0.18739330269205515,96.44023230725188,4.408285060967989,0.09399971804783788,4.376181957577306,1.151613763810436,0.3902884977057053,0.0,0.0026682981984823316,0.07925919143349403,0.04494706186356368,0.3729641886902147,0.14835453964857667
RakanooLive,289110855,104535,22607,2726,1234662,471456,3836302,True,False,Arabic,0.12058212058212059,234.16194472657295,3.107167791670919,0.38185025537353545,1.5646434208638256,1.0145578674745206,0.23893825967549456,0.022369010740057503,0.000498921063117997,0.3740636080566561,0.015701917745030578,0.20448873737583143,0.14267674244269804
공혁준 (rhdgurwns),289103100,76590,40001,3828,289455,67061,12487303,True,False,Korean,0.09569760755981101,998.7842669845054,43.14074035687758,0.23168022663280993,2.99882491186839,0.9860722791757275,0.18256630440915597,0.16556907004489507,0.06724764465574844,0.22026577905659595,0.03062002889622605,0.1694729338030137,0.13929029347760588
limit_maximum,288857850,85905,124818,1886,162040,70116,5965543,True,True,English,0.015110000160233299,1782.6329918538631,36.81524932115527,0.43270797333991606,1.3172690763052208,1.7828879259025128,7.73895611903034e-06,0.3123698900312211,0.05670103525576594,0.42614994430309416,0.013128772023079795,1.0,0.3013928967615467
ElRichMC,288441015,31155,95938,9062,688715,431071,8120275,True,False,Spanish,0.09445683670703996,418.8104150483146,11.790472111105464,0.6259062166498479,17.4520943668753,1.0216572040446348,0.17975553294879107,0.0569503604220006,0.014976756608386387,0.624015461389692,0.18096047156707992,0.21321557047574577,0.2116456922352826
guit88man,287764245,140685,7681,1989,144898,25130,8666012,True,True,Russian,0.2589506574664757,1985.9780328230893,59.80767160347279,0.17343234551201536,0.8482780680243096,1.0283814953885135,0.5523904443543993,0.3504527723621335,0.09503673055619677,0.16061074845326015,0.008250407580135243,0.2214813806248601,0.23137041398849753
RaizQT,286839210,121965,15185,2164,167584,31194,5190502,True,False,English,0.14250905498847546,1711.614533607027,30.972539144548406,0.18613948825663548,1.064567703849465,1.086791019786668,0.2886102851788595,0.29906940541725713,0.0469593754032769,0.17362486973501517,0.010500215465907901,0.2932810714598966,0.18534087044336886
ReventXz,286819950,84330,47282,3073,362062,219868,8050871,True,False,Spanish,0.06499302059980543,792.1846258375638,22.23616673387431,0.6072661588346747,2.186410530060477,1.1067886457403235,0.11300988588374362,0.12687665942152307,0.032393058437871255,0.6049250979633196,0.022169433121104844,0.3178630788585486,0.20287286894768516
PatoPapao,286740930,100470,11694,2795,656860,116753,8955254,True,False,Portuguese,0.23901145886779546,436.5327923758487,13.633428736717109,0.17774411594555917,1.6691549716333234,1.021107520948501,0.5072213220796841,0.060269444119205935,0.018049552627172664,0.16502668242747964,0.01678902906304871,0.21253987457227255,0.16331598414814394
Replays,285932205,140220,16193,1983,871405,449727,5185473,True,False,English,0.12246032236151423,328.1277993585072,5.950703748544018,0.5160941238574486,0.8485237483953787,1.0283250051626243,0.24319303076923524,0.039967131490949735,0.0052400016974250745,0.5115505333940834,0.008252963105434004,0.2214119402245856,0.17160260011361883
cdewx,284645955,139140,23448,1904,380159,50596,8015709,True,False,English,0.08120095530535654,748.7550077730634,21.085148582566767,0.13309168006018535,0.8210435532557137,1.0744496618181554,0.14972641593445968,0.11874307019533124,0.030473944366635454,0.11929553516512016,0.0079671188046106,0.2781105030337015,0.11738609791664312
亞洲統神 (asiagodtonegg3be0),284354865,63645,18594,4426,494643,22853,11106574,True,False,Chinese,0.23803377433580725,574.8688751281227,22.453717125280253,0.04620099748707654,4.1725194437897715,1.0094503490451672,0.505006531352117,0.08617731350448145,0.032755784270540114,0.030305751703399754,0.04282859914662666,0.19821033932447846,0.1492140532169406
BotezLive,283479405,115845,36278,1985,330772,280964,12851602,True,False,English,0.054716357020783944,857.0235842211554,38.853355181212436,0.8494189350972876,1.0280978894212094,1.2327746849265386,0.08972971885598464,0.1390198344446845,0.06009920723964004,0.8529277892315482,0.010120862679167428,0.4727309494037651,0.270771393642465
Conterstine,283398825,92805,18090,2557,386804,375789,5308302,True,False,Spanish,0.14134881149806522,732.6677723084559,13.723493035232314,0.9715230452632341,1.6531436883788588,1.1942519035364942,0.2859819358082759,0.11573021926811809,0.018199718515000032,0.9779816845592905,0.01662248242668397,0.42537696351857474,0.3066488340159906
BeyondTheSummit_PT,282753480,339000,49496,807,203549,60955,9694977,True,False,Portuguese,0.016304347826086956,1389.1175097887979,47.62969604370446,0.2994610634294445,0.14283185840707965,1.033557697579805,0.002713345978912578,0.23867149184336403,0.07473216435159956,0.28968406201589525,0.000912476479875437,0.2278442079353683,0.13909295810083586
AlphaCast,281533785,84165,28898,3046,411993,152951,8864009,True,True,French,0.10540521835421136,683.3460398599005,21.51495049673174,0.37124659884998046,2.171448939582962,1.0981687785448173,0.20455737174305763,0.10649314260157014,0.031190561129265194,0.36320378891391125,0.02201380520989404,0.307267139137184,0.17245430145581372
DownToQuest,281365035,513540,20723,543,82299,53724,3524088,True,True,English,0.026202769869227427,3418.8147486603725,42.820544599569864,0.652790434877702,0.06344199088678584,1.009011278447057,0.02513666622323481,0.6187974135127392,0.06671377628651275,0.6515491472555087,8.667662443534411e-05,0.19767061342319964,0.2599923822209384
똘똘똘이_ (jungtaejune),280810635,165945,6787,1649,124835,15713,8660860,True,False,Korean,0.242964490938559,2249.4543597548764,69.37845956662795,0.12587014859614692,0.5962216396999006,1.026192235910906,0.5161762952736422,0.3997971670309111,0.11099428416387891,0.11189954629478222,0.005628559621769074,0.2187902415466096,0.22721434898859885
PENTA,280798065,116745,7172,2322,152821,40474,2786097,True,True,English,0.3237590630228667,1837.4311449342695,18.23111352497366,0.2648457999882215,1.1933701657458564,1.0358422135835041,0.699203706708871,0.32263260214736394,0.025715358385515037,0.254232564722005,0.01183999669664467,0.2306524407443735,0.2573794449007955
thedarkness,280707810,155595,7440,1914,536792,138160,7628946,True,False,Portuguese,0.25725806451612904,522.9359044099018,14.212108228140508,0.25738088496102773,0.7380699893955461,0.9425771895346421,0.5485561409064869,0.07645119870212423,0.019014395756244654,0.2465873126402161,0.007104041951338859,0.11600675647576246,0.16895330773869555
uhSnow,280296045,88500,8375,3150,134611,43869,3334788,True,True,English,0.3761194029850746,2082.2670138398794,24.773517766007235,0.3258946148531695,2.135593220338983,1.0054561743341404,0.817817831865093,0.3684859730556327,0.03662363122588448,0.31675619389082127,0.021640840136475707,0.1933005149020439,0.2924374975126585
JERICHO,280176915,112860,21935,2401,1191987,66665,7582522,True,False,English,0.10945976749487121,235.05031095137784,6.3612455504967755,0.055927623371731405,1.2764486975013292,1.0339514414625661,0.21374231591204884,0.022535385814879818,0.005924505715075031,0.04026735294367451,0.012704165408052422,0.22832821614022406,0.08725032365565911
T90Official,279691620,76395,51422,3379,160226,69044,6886631,True,False,English,0.06571117420559294,1745.6069551758142,42.980733463982126,0.4309163306829104,2.653838602002749,1.0834935427447814,0.11463675006643907,0.3054355768496984,0.06698086217338571,0.4243150192298153,0.02703154016694289,0.2892276600585436,0.20460456809080418
DanucD,278223765,135030,4439,2045,546052,223147,12048648,True,False,English,0.46068934444694754,509.5188095639243,22.065019448697193,0.4086552196494107,0.908686958453677,1.007559363336265,1.0,0.07393841726518041,0.032107701371291465,0.40151612535737213,0.008878770550650544,0.19588585216811766,0.2853878111187687
DisguisedToast,277695945,20325,38169,9892,1340283,192604,5928269,False,False,English,0.25916319526317166,207.19202213263915,4.423147201001579,0.14370397893579193,29.201476014760146,1.3811946140084126,0.5528719153462973,0.017318027525895747,0.0026930781222695792,0.1301642054414377,0.3031755346398779,0.6551755957459516,0.27689972613695496
DesertHeartsRecords,276313155,64620,24264,3620,85097,84304,58418224,False,False,English,0.1491922189251566,3247.037557140675,686.4898175023797,0.9906812226047922,3.361188486536676,1.1812070694634678,0.30374994325207305,0.5866266237034649,1.0,0.9976026842183969,0.03438927296885703,0.40934164970480147,0.5552850289745989
Jankos,274889760,45045,18826,5858,573657,271355,9284513,True,False,English,0.3111654095399979,479.1883651729169,16.184781149711412,0.47302656465448867,7.802863802863802,1.0417478276815935,0.6706747630184888,0.06825806853731632,0.022303470179121442,0.4674425501880412,0.08059082171432085,0.23791189493104795,0.2578635947613894
GarenaTW,273964050,12435,85416,22130,401222,21388,7818029,True,False,Chinese,0.25908494895569917,682.8240973824965,19.48554416258331,0.05330714666693252,106.77925211097708,0.995557559044946,0.5526946606280457,0.10639539212850356,0.027806894027495314,0.037583570889939036,1.0,0.1811326788379383,0.3176021994186537
개복어 (dogswellfish),273920670,161235,10929,1601,215413,37690,10626908,True,False,Korean,0.14649098728154453,1271.6069596542457,49.33271436728517,0.174966227664997,0.5957763512884919,1.0611435812427448,0.29763072728665707,0.21666387153413708,0.07757163862456685,0.16218168605678035,0.005623927807694357,0.26175405292758225,0.17023765070623634
Sykkuno,272813670,91035,29658,2530,334591,305734,5285377,True,False,English,0.08530581967765864,815.3646392162372,15.796530689707733,0.913754404631326,1.6674905256220136,1.1845058507011268,0.15902534135696428,0.1312178605529664,0.02165613293243214,0.918817471913291,0.01677171577964795,0.4133966642839618,0.2768141978032106
JokerdTV,271815660,120165,319862,2013,159384,157656,9070954,True,True,English,0.006293339002444804,1705.4137178135823,56.912575917281536,0.9891582592982985,1.0051179628011484,1.1237060219545367,0.0,0.29790810373469895,0.09020968342176876,0.9960429292383277,0.00988182940359206,0.3386587007102288,0.2887835410847694
A1taOda,269877405,140625,11974,1844,537519,67361,10306828,True,False,Russian,0.15400033405712377,502.079749739079,19.17481614603391,0.12531836083933778,0.7867733333333333,1.0407419812002892,0.3146419728003974,0.07254521466426192,0.027288811399337164,0.11133442847614893,0.007610645824597533,0.23667546188131333,0.12834942250767603
livekiss,269518965,517260,7435,520,31323,2447,1641644,True,False,Chinese,0.0699394754539341,8604.506752226798,52.41017782460173,0.07812150815694538,0.06031782855817191,1.0020216176063816,0.12421530234151867,1.0,0.08270275095145851,0.06299739651939158,5.4179620977298504e-05,0.18907859880617744,0.2431747047065872
Jerma985,269372580,57495,15921,4773,334594,92752,3411872,True,True,English,0.2997927265875259,805.0729540876406,10.19705075404819,0.27720760085357177,4.9809548656404905,0.9815939505356381,0.6449117362684681,0.12929041235029073,0.012320015405597833,0.2668930013721469,0.05123780645921374,0.1639679649622425,0.21143682280299328
KamoLRF,269229795,66330,19264,3948,688868,184854,5731570,True,False,German,0.20494186046511628,390.82929530766415,8.32027325989885,0.2683445885133291,3.57123473541384,1.0281014678839384,0.4300419987239843,0.05170999810241186,0.009190829220732612,0.25781587681033746,0.03657413820892254,0.22113715785535515,0.16774499982029067
GoldGlove,268632360,119895,22448,2196,1433703,23684,16902968,True,False,English,0.09782608695652174,187.36960165389902,11.789727719060362,0.01651946044613145,1.0989615913924684,1.0202930296249655,0.18738804013004912,0.013605643378204767,0.014975515469620119,0.0,0.010857974815408955,0.21153866413920974,0.07306097298874879
harbleu,266439435,65775,13230,3926,349467,112349,3527460,True,False,English,0.29674981103552533,762.4165801062761,10.093828601842233,0.32148672120686644,3.5812998859749143,1.031780586227187,0.6380184890820418,0.12130163788471848,0.012147911182448387,0.3122418145639382,0.036678834187615195,0.22565970040834848,0.22434139788485177
runthefutmarket,265426125,84945,20746,2999,292812,146753,4266359,True,False,English,0.1445579870818471,906.4728392279005,14.570301080556808,0.5011850607215551,2.118311848843369,1.0419080184300646,0.2932518189797324,0.14828079380124018,0.019611617392156576,0.49628129783520786,0.021461082258945094,0.23810880881338778,0.2028325698467783
웁_게임방송 (alenenwooptv),265229580,189900,4290,1418,125615,22295,5390604,True,False,Korean,0.3305361305361305,2111.448314293675,42.91369661266568,0.1774867651156311,0.4480252764612954,0.9849649173234224,0.7145560885839818,0.3739511077161484,0.06686909037855643,0.1647631145287038,0.004087046338503997,0.1681117133606755,0.2487230268177617
KarmikKoala,262630950,120450,10587,2205,151920,71165,8619663,True,False,Russian,0.20827429866817795,1728.7450631911533,56.73817140600316,0.4684373354397051,1.0983810709838107,0.988850201766053,0.4375911139967008,0.3022776466377412,0.08991889552124684,0.4627424545968232,0.01085193634117385,0.17288768482528596,0.2460449553198287
JustCooman,262612740,76035,10776,3287,159117,89413,7809170,True,False,Russian,0.30502969561989607,1650.437979599917,49.0781626099034,0.5619324145125913,2.5938054843164333,1.050757592080521,0.6567752669616065,0.28761213310533457,0.07714721972301068,0.5584961832481332,0.0264070859203817,0.24898711434098303,0.3092375005499083
IamCristinini,262492530,135240,7943,1906,398634,218848,12690137,True,False,Spanish,0.23995971295480298,658.4800343171933,31.834055800558907,0.5489948173010832,0.8456078083407276,1.0183308256465595,0.5093694427572311,0.10183618534994948,0.048395798221870664,0.5452460401916742,0.008222631994540194,0.20912663218968613,0.2370327884508253
Xop0,262276575,235920,4074,1110,94751,50725,18709302,False,False,Russian,0.27245949926362295,2768.0612869521165,197.4575677301559,0.5353505503899695,0.2822990844354018,1.0015479938229175,0.5829926034083501,0.4969229513151587,0.3245429744505913,0.5312721557433352,0.0023631907673552425,0.18849639853019093,0.35443171236916354
Warframe,262160025,13740,346131,12843,1254031,282680,5405191,True,False,English,0.037104448893626976,209.0538631022678,4.310253095816611,0.22541707501648683,56.082969432314414,1.4856388728231817,0.049832707561896936,0.0176667169762373,0.0025048476711911774,0.2138513225277781,0.5827922423079646,0.7835633128120388,0.2750351916428511
Smoke,261617925,100050,25500,2331,166007,53212,2955403,True,False,English,0.09141176470588236,1575.9451408675538,17.802881806188896,0.32054070009096003,1.3979010494752624,1.121781130027007,0.17285740066554559,0.2736609592856123,0.025001359638982888,0.3112729395158697,0.013967492049544747,0.3362925344606051,0.18884211426936004
Moondye7,261610875,97350,22231,2530,306920,39732,6839587,True,False,German,0.11380504700643246,852.3748045093184,22.28459207611104,0.12945392936270037,1.5593220338983051,1.0621829266064544,0.2235858640669138,0.13814920130849204,0.03247379891584316,0.11556990386300058,0.015646565585817764,0.26303166435404235,0.13140949968235163
jean_mago,261252810,113445,11418,2012,342691,269837,7609872,True,False,Portuguese,0.17621299702224558,762.3567878934667,22.206220764478786,0.7874061472288446,1.0641279915377495,1.1445839047429032,0.3649612714699555,0.12129043987470618,0.03234312896353719,0.7894168994462465,0.010495641653470729,0.364322760552192,0.2804716903266847
mL7support,260845395,115380,9038,2124,342850,140872,5387428,True,False,English,0.23500774507634434,760.8149190608137,15.71365903456322,0.41088522677555783,1.1045241809672386,1.0643834840022603,0.4981515374088503,0.12100167547187764,0.021517959473296183,0.4038000048873431,0.010915835923006137,0.26573669135625866,0.22018728408677202
KriszhAdvice,258011790,147675,28709,1593,284899,97984,6927865,True,False,Hungarian,0.05548782611724546,905.6254672708574,24.316915819290344,0.3439253911035139,0.6472320975114271,1.0967731157485916,0.09147736090773394,0.14812209621817263,0.035862330268204005,0.33522255675791957,0.006159161699873355,0.3055515258307669,0.1537325052804451
QuickyBaby,255820995,118710,11077,2207,416329,45998,5642381,True,False,English,0.1992416719328338,614.4683531533955,13.55269750605891,0.11048473683072763,1.1154915339903968,0.9764422114074283,0.41712911701866645,0.09359358613554226,0.017914947937778036,0.09614245449932893,0.01102991645776417,0.1576352087811304,0.13224087180503505
aDrive,255087615,101085,14637,1692,461081,117274,3858228,True,False,English,0.11559745849559336,553.2381837464567,8.367787872412872,0.2543457657114477,1.0043033090963052,1.4914280236736375,0.22764629073450673,0.08212627261999322,0.009270051222020249,0.24347887112724523,0.009873355514760828,0.7906796049843005,0.2271790743671378
Ampeterby7,254852265,27480,43882,9301,1194476,1185647,6513197,False,False,Spanish,0.21195478784011668,213.3590503283448,5.452765061834645,0.9926084743435615,20.307860262008735,0.9971078261294156,0.4459286840657942,0.01847300139685442,0.004409779220749897,0.999576494411049,0.21066566112126459,0.18303833889121834,0.31034865985115506
KabajiOW,254772135,72240,13865,3252,369667,87338,4098475,True,True,English,0.23454742156509195,689.1936120887177,11.086937703392513,0.23626128380407233,2.700996677740864,1.0844852567088794,0.49710874680406336,0.10758828809442363,0.013803740544385396,0.22495750518446236,0.02752207042406183,0.2904467207640144,0.1935711786359018
SNEUX,254717640,57510,30067,3748,196635,155555,4540889,True,False,Spanish,0.12465493730668174,1295.3830192997177,23.09298446360007,0.7910850052127038,3.9102764736567552,1.1817240452080442,0.24816458618624934,0.2211167014504973,0.033821646648867824,0.7931846311025675,0.040100792518524296,0.40997714021790305,0.2910609163541016
TrU3Ta1ent,254345355,113745,10901,2204,595939,101235,6614948,True,False,English,0.20218328593707,426.79763365042396,11.100042118404737,0.1698747690619342,1.1626005538704998,1.0145650685349525,0.4237928814615942,0.0584462233391663,0.01382558978040023,0.15696722824411843,0.0115199364442186,0.20449758925261052,0.1448415747536847
OgamingSC2,253498875,484455,11457,547,105368,11075,15776556,True,False,French,0.04774373745308545,2405.8430927795916,149.72815275985118,0.10510781261863185,0.06774623030002787,0.9566107729907845,0.07393434451986208,0.42908597431764517,0.24496282901386643,0.09063563481331843,0.00013144858836797342,0.13325748679484964,0.1620012863413183
머독 (ajehr),252452325,76575,11117,3292,362794,86655,5623906,True,False,Korean,0.29612305478096607,695.855843812191,15.501651074714577,0.23885455658031832,2.579431929480901,1.001457544660549,0.6365986712413938,0.10883600471233072,0.02116447464032693,0.22761342611846047,0.026257574655580707,0.18838521423343,0.2014758942669204
cyr,252345645,146190,19267,1678,182107,49771,4106827,True,True,English,0.08709191882493382,1385.6998632672,22.551725084702948,0.2733063528584843,0.6886927970449415,1.0286939637471146,0.16307146840558984,0.23803142789240514,0.03291919477263128,0.26289750721750954,0.006590428821870621,0.2218654811936365,0.15422925138394047
MrSavage,251627985,33030,31525,6883,1651212,734583,9931629,True,False,English,0.21833465503568597,152.38987180325725,6.014750982914368,0.44487503724536887,12.503178928247047,1.106808782527421,0.46038127101541154,0.007054566796648514,0.005346788848057102,0.43861093954732133,0.12948269762118217,0.31788783192926634,0.2264606826263145
Perxitaa,251497200,30330,55418,8010,689582,669977,7036771,True,False,Spanish,0.14453787578043234,364.709635692347,10.204400636907575,0.9715697335487296,15.845697329376854,1.0352094501062594,0.2932062599855626,0.04681825390785269,0.012332270002626869,0.9780295007381189,0.16425100368685566,0.22987461859112018,0.2874186511520228
IlloJuan,251067885,60495,24315,4087,275174,178705,5676686,True,False,Spanish,0.16808554390294056,912.3968289155225,20.629441735047642,0.6494254544397363,4.053558145301264,1.015469877790101,0.3465498031297885,0.1493902509147647,0.02971413582457295,0.6481028757835873,0.04159118401843459,0.2056098226675156,0.2368263453897773
masondota2,250624350,83205,8377,2882,104526,39906,3406472,True,False,English,0.34403724483705383,2397.7225762011367,32.58970973729024,0.3817806096090925,2.078240490355147,1.0451529776396942,0.7451407422091118,0.4275651470781438,0.049655714150493024,0.37399227979321903,0.021044266825433967,0.24209766286457857,0.30991596882016337
Annoying,250297065,64290,17361,3884,431285,158587,1799471,True,False,English,0.22371983180692356,580.3518902813685,4.172347751486836,0.36770812803598546,3.624825011665889,1.0023816555037766,0.47258054305972963,0.08720418398976301,0.002274915513734543,0.35957983589388415,0.0371315751182438,0.18952117405376273,0.1913820379381863
고차비 (kumikomii),249821475,152370,5227,1615,177741,62122,5979126,True,False,Korean,0.3089726420508896,1405.5365672523503,33.63954293044374,0.3495085545822292,0.6359519590470565,1.0152144110667551,0.6657073927229691,0.24174648708489335,0.051406120650288496,0.34094059802873383,0.006041827624327249,0.20529579114707655,0.2518563695430481
Manyrin,249488880,109125,17140,2284,449520,146381,11128490,True,False,Russian,0.13325554259043174,555.0117458622531,24.756384588004984,0.3256384588004983,1.255807560137457,1.0009925313400858,0.2676479064298211,0.08245842902292541,0.03659506475805619,0.31649384963267324,0.012489459819246047,0.18781359833709374,0.15058305133330263
1DrakoNz,249476295,99180,15242,2655,373375,252999,6950267,True,True,Portuguese,0.17418973887941214,668.1655038500168,18.614709072648143,0.6776002678272515,1.6061705989110708,0.9474158722997507,0.3603778979710323,0.10365010023462068,0.026354934409897647,0.6769583349442374,0.016133876365184267,0.12195468928575111,0.2175716388684539
Pace22,247862850,156975,10350,1524,171871,112723,3080537,True,True,English,0.1472463768115942,1442.1446899127834,17.9235414933293,0.6558581726992919,0.5825131390348781,1.036086417291484,0.2993419436065603,0.24860253245972927,0.025202537789960792,0.6546909953383675,0.005485966136969741,0.23095262724502377,0.24404610042943523
Rammus53,247730100,104520,16370,2217,978645,332303,11041262,True,True,Turkish,0.1354306658521686,253.1358153365112,11.282193236566886,0.3395541795032928,1.272675086107922,1.0690885636354504,0.2725753064998757,0.025922476702916114,0.014129293743330103,0.33074574564020576,0.012664912946239632,0.27152039301276354,0.15459302142422182
SaltyTeemo,247613265,517980,1803,476,173196,36103,2117741,False,False,English,0.26400443704936216,1429.6708064851382,12.227424420887319,0.2084516963440264,0.05513726398702653,1.0042780317269964,0.5638389881260615,0.24626639761955668,0.015705295359238185,0.19647609506149527,2.922722818703171e-07,0.19185228747981897,0.20235655931974209
Odablock,247535550,101595,29397,2336,131966,92477,4228405,True,False,English,0.07946389087321835,1875.752466544413,32.041624357789125,0.700763833108528,1.3795954525321128,1.0430194476861188,0.14579136933035486,0.32980949898580225,0.048741881155900946,0.7006814845103355,0.013777080353675203,0.23947502909667126,0.24637939057212332
MckyTV,247481385,65025,49791,3599,722041,256660,9947455,True,False,German,0.07228213934245145,342.7525375982804,13.776856161907704,0.35546457888125466,3.320876585928489,1.057499888633681,0.1295222393834118,0.0427060828951788,0.018288691853232397,0.34704050767344247,0.03396995545725837,0.2572750573267047,0.1381337557648714
Calebhart42,246974370,124830,6763,1808,177595,13410,2533119,True,False,English,0.26733698062989797,1390.6606041836762,14.263458993777977,0.07550888256989217,0.8690218697428502,1.0942951883588228,0.5713883421148924,0.23896048577203594,0.019100013847316154,0.06032165525032289,0.008466181066040985,0.30250554279409125,0.20012370347411665
MacieJay,246761880,107805,7318,2249,835787,195140,5353692,True,False,English,0.3073244055752938,295.24493680806233,6.4055698401626255,0.23348053989832337,1.2517044663976624,1.0177701537711703,0.6619735719008645,0.03380876057989479,0.005998408431464546,0.22210958420252175,0.012446780138286593,0.208437428370144,0.19079575560386272
R6esportsBR,246712590,47100,60386,4021,323856,98848,5855733,True,False,Portuguese,0.06658828205213128,761.7971876389506,18.08128612716763,0.30522207400820117,5.122292993630573,1.3026757611710496,0.11662370011221597,0.12118563677479527,0.025465548365525722,0.2955842468083542,0.05270798154966276,0.5586565876469484,0.19503728354291705
chistor_,246342825,128430,7099,1838,89608,30354,5658271,True,False,Russian,0.25890970559233695,2749.1164293366664,63.1447080617802,0.33874207660030353,0.8586778790002336,1.043585239737596,0.5522976743164663,0.49337491896626917,0.10060063379793939,0.3299140239947365,0.008358584639359169,0.2401705268736446,0.2874527270980692
Kephrii,245934495,165135,8709,1297,559647,102990,5923710,True,False,English,0.14892639797910207,439.44574883810685,10.584725728896965,0.18402671684115166,0.4712507948042511,1.1482602760074414,0.3031477676552909,0.06081498866584691,0.012966393135135028,0.17146105809031065,0.00432863421727494,0.36884192626888795,0.15359346133879104
FEDMYSTER,245399790,24945,35011,9086,609723,284967,5176805,True,False,English,0.25951843706263744,402.47750207881285,8.490421060055139,0.4673712489113909,21.854479855682502,1.082724454729306,0.5536766598398007,0.05389149850054021,0.009474519827261116,0.46165061360194654,0.22675333423081012,0.28828226147320934,0.26562148124559465
Gosu,244854375,64590,16362,3502,1751290,185952,9377658,True,False,English,0.21403251436254736,139.8137230270258,5.354714524721777,0.10618001587401286,3.2531351602415235,1.0824963533544496,0.45063544712252523,0.004699279489230224,0.0042462977280803196,0.09173374030285728,0.03326532070616369,0.28800186870572,0.14543032567576278
supertf,244635645,90585,9118,2526,196136,139939,3551440,True,False,English,0.2770344373766177,1247.275589386956,18.107027776644777,0.7134794224415711,1.6731246895181322,1.0691289804447393,0.5933564070488231,0.21210704188920226,0.025508467898699285,0.7137042564327865,0.01683032139112288,0.27157007522540577,0.3055127616476733
MoMaN,244502235,145755,16550,1363,360418,120693,8390437,True,True,French,0.08235649546827795,678.3851944131536,23.279739080734036,0.3348695126214562,0.5610785221776269,1.230732065207666,0.15234411065543987,0.10556406514529276,0.03413302611165293,0.32594790680341024,0.005263006909866772,0.4702200667040725,0.1822453637216225
Kotton,244412715,73005,58818,2757,253065,80920,4459178,True,True,English,0.04687340610017342,965.8100290439215,17.620682433366923,0.3197597455199257,2.26587220053421,1.2143235676540407,0.07196274555590954,0.15939358616066893,0.02469757522015702,0.31047311868224564,0.022995979858614683,0.45004998205508706,0.1732621645887805
saintvicious,244262295,168030,5370,1422,247236,44436,3133396,True,False,English,0.264804469273743,987.9722006503907,12.673704476694333,0.17973110712032228,0.5077664702731655,1.0222803417412654,0.5656513354572709,0.16354416376739986,0.016449386435333044,0.1670616752385183,0.004708464042734954,0.21398156017394548,0.18856609751920042
winstrike_tv,243711495,19695,153252,12058,148183,148055,8767404,True,False,Russian,0.07868086550257093,1644.665683647922,59.16605818481202,0.9991362032081953,36.734196496572736,1.0262301010967934,0.14401754835475564,0.28653108551021617,0.09396695651427849,1.0,0.3815296077633954,0.21883678718566663,0.3541469975547187
pijack11,243578730,148140,8181,1569,252717,144993,6752832,True,True,Portuguese,0.19178584525119177,963.8399078811477,26.72092498723869,0.5737366303018792,0.6354799513973268,1.0479584837969147,0.4002391128705327,0.15902461777047883,0.03987057967447843,0.5705855647090315,0.006036917881294693,0.2455463208839647,0.2368838522982968
pqueen,243465255,88965,11976,2602,485787,328149,8544093,True,False,Turkish,0.2172678690714763,501.1769664482582,17.588146656868133,0.6754997560659302,1.7548474119035575,1.0517451460434506,0.4579646349896524,0.07237613953132153,0.024643327712047372,0.674807079121825,0.01768038720480879,0.25020106138047477,0.24961210499002165
Northernlion,242833140,60855,9312,3968,359260,22629,3384340,True,False,English,0.4261168384879725,675.9259032455603,9.420308411735233,0.06298780827256026,3.9122504313532165,1.005634178679622,0.9310791681457828,0.10510348397888468,0.011024938384297965,0.04749809744836679,0.04012132528966119,0.19351932608231898,0.22139105655488542
Nattank,241616550,144480,8770,1537,86544,67207,8232442,True,True,Portuguese,0.17525655644241733,2791.8347892401553,95.12435293030136,0.7765645220928082,0.6382890365448505,1.0880405425852233,0.36279460557889903,0.5013753022842983,0.15392089324874322,0.7783133628568399,0.006066137505677502,0.29481704271718767,0.3495478906986076
bmkibler,241615470,103230,15034,2247,475075,23971,5087052,True,False,English,0.1494612212318744,508.5838446561069,10.7078924380361,0.050457296216386886,1.3060156931124673,1.0416354163716237,0.30435932572169355,0.07376331509205522,0.013171751290736836,0.034664873890649615,0.013011716251303727,0.23777371374595266,0.1127907826653986
Arteezy,240834885,12285,31009,19681,634982,99726,3776042,True,True,English,0.6346867038601697,379.27828662859736,5.94669140227597,0.15705327080137704,96.12210012210012,0.9960865425018669,1.0,0.04954670116518868,0.005233311837518927,0.14383598885142757,0.9992724477588687,0.18178292978682237,0.3966118965666377
선바 (sunbaking),240663180,86235,8260,2762,251416,98720,3298202,True,False,Korean,0.33438256658595644,957.2309638209183,13.118504788875807,0.39265599643618543,1.921725517481301,1.0104211052540826,0.7232695852371501,0.15778688097700871,0.017191010307231015,0.3851303936869746,0.019416224784169787,0.19940363778726342,0.250366288796633
flamuu,239018790,126915,5242,1851,117425,36301,3225407,True,True,English,0.35310950019076687,2035.5017245050033,27.467804981903342,0.3091420055354482,0.875073868337076,1.0174490500827165,0.765692511596996,0.3597276723740799,0.0411158666455459,0.2995988758510134,0.008529132922749372,0.20804271285423231,0.2804511287074362
Mixwell,238993935,52905,23552,4219,331208,271798,6539837,True,False,Spanish,0.17913552989130435,721.5826157580735,19.7454077196203,0.8206263133740731,4.784802948681599,1.0707316389672787,0.3715818105985004,0.11365416808675763,0.028240169391871236,0.8234395967514369,0.04919746768893498,0.2735401372592632,0.27660889162946073
AntoineDanielLive,238217145,54870,16671,3964,416920,272263,6778234,True,False,French,0.2377781776738048,571.3737527583229,16.257876810898974,0.653034155233618,4.334609075997813,1.09522767510106,0.5044275172647724,0.08552273971548321,0.022425343940861844,0.6517987553959435,0.04451462784306607,0.3036517986571592,0.26872346380288104
G4G_REVENANT,237767160,82110,14376,2947,284620,69353,6608568,True,False,Spanish,0.20499443516972732,835.3845829527089,23.218916450003512,0.2436687513175462,2.153452685421995,0.9825975624164774,0.43016109845857897,0.13496723726731136,0.03403161540292351,0.2325439219382856,0.02182661124486077,0.16520165113765858,0.1697886892416031
maxim,236707830,71685,21262,3173,312566,129119,5439874,True,True,German,0.14923337409462892,757.3051131601006,17.4039210918654,0.41309355464125974,2.655785729232057,1.040672940965131,0.3038431738236495,0.12034435172066096,0.024336164985137736,0.4060616814303481,0.02705179385213861,0.2365905944287769,0.18637129337345196
양띵 (yd0821),236218920,28275,38412,8075,279864,56233,1901665,True,False,Korean,0.21022076434447567,844.0489666409399,6.794961123974502,0.20092973730097477,17.135278514588858,1.0345929983329365,0.442000526225638,0.136589921070644,0.006647647795006325,0.18877242089728452,0.17766500713073485,0.2291168475393036,0.19679872844310187
c9judite,235689105,364425,8210,644,105341,84754,7982996,True,False,Portuguese,0.07844092570036541,2237.3919461558175,75.78242089974464,0.8045680219477697,0.10603004733484256,1.0042584101475267,0.1434740024238219,0.39753809311629684,0.12167172855697819,0.8069933699009391,0.0005296703206937453,0.19182816772616348,0.2770058386741489
WOKE,235303170,51600,50598,3827,107484,105725,3460437,True,True,English,0.07563540060871972,2189.1925309813555,32.194903427486885,0.9836347735476908,4.45,1.1915701472402331,0.13711852603483035,0.38851120636381575,0.048997446212932186,0.9903860073872777,0.045714904545074,0.42208042455595746,0.3388014191833146
Amaz,235255500,84525,12652,2764,915023,-5405,4237993,True,False,English,0.2184634840341448,257.10337335782816,4.631569916821763,-0.005906955344291892,1.9620230700976042,1.0069700818098586,0.46067311287430657,0.026665529223630142,0.0030405852108774485,0.0,0.0198353930504051,0.19516148004136719,0.11756268340009775
ESL_SC2,234726075,278745,40072,1414,305311,36130,5674624,True,False,English,0.035286484328209224,768.8097546436256,18.586372584020882,0.11833835007582433,0.3043642038422214,0.5955316417090006,0.04571439441405111,0.12249896491303638,0.02630768845292276,0.10418579495168659,0.002592708374394481,0.0,0.050216591851015215
CooLifeGame,234307740,47010,15459,4415,395859,167356,5764214,True,False,Spanish,0.2855941522737564,591.8969633126947,14.56128065801207,0.42276669218080176,5.634971282705807,1.1289265217419584,0.6127470965447965,0.08936636928652825,0.019596577473094977,0.41596850215666714,0.05804077363295197,0.34507598067618406,0.2567992166283705
BruceGrannec,234104805,78270,11287,3011,463188,95268,5973378,True,False,French,0.26676707716842385,505.42070390424624,12.896227881551335,0.20567890359853883,2.3081640475277885,0.9933544424245379,0.5700973153462533,0.0731709155111505,0.016820403866253004,0.19363631732355938,0.023435892434670615,0.17842450591838896,0.17593089173337928
CuteDog_,234058290,207090,7016,1104,113658,22074,3489772,True,True,English,0.1573546180159635,2059.3208573087686,30.70414753031023,0.19421422161220503,0.31986093003042154,1.0237545060223763,0.3222405762011869,0.3641885691211387,0.04651188104977687,0.18189467210673288,0.0027539026759561902,0.21579367113897094,0.18889721204896046
大丸 (wtf_winds123),233395950,92775,11975,2410,259338,32952,9883708,True,False,Chinese,0.2012526096033403,899.9681882331166,38.11129876840263,0.12706198088980403,1.5586095392077608,1.04386734067497,0.4216845804228953,0.14706258923004784,0.05886196271673107,0.11312017081509247,0.015639154337621603,0.24051729840271324,0.16614762598751695
theRealShooKon3,233210205,166260,6148,1333,126282,37207,2944974,True,True,English,0.216818477553676,1846.7414595904404,23.32061576471706,0.2946342313235457,0.4810537712017322,1.0522759027902049,0.4569466090987781,0.3243762572462281,0.0342011805706666,0.2847406235344608,0.004430603105053386,0.2508534921392976,0.22592479428241408
Albralelie,232815960,128580,18730,1668,240030,216977,5392597,True,False,English,0.08905499199145755,969.9452568428947,22.466345873432488,0.9039578386035079,0.7783481101259916,1.0855336262954172,0.16751850229484513,0.16016804022617842,0.03277684041831113,0.9087842409192721,0.007523008090413195,0.2917354251828548,0.2614176761886458
룩삼 (looksam),232224165,75030,32222,3302,285474,14351,7901792,True,False,Korean,0.10247656880392278,813.4687046806364,27.67955050197216,0.05027077772406594,2.640543782487005,0.9373362102766404,0.19792297623402597,0.1308627859886581,0.041468913907766386,0.03447384949365191,0.02689324972287083,0.10956430219669197,0.09019767959061087
GTimeTV,232140015,187335,14110,1022,665021,155419,5838039,True,True,German,0.07243090007087172,349.0717060062765,8.77872879202311,0.23370540178430455,0.3273280486828409,1.2124956458748277,0.12985923344555708,0.04388954990162206,0.009955220695998307,0.2223398782910211,0.0028315743700441753,0.4478030159999711,0.1427797454507023
WagamamaTV,231985905,178470,7377,1268,312799,20933,3880798,True,False,English,0.1718855903483801,741.6452897867321,12.406682885814853,0.06692156944235755,0.4262901327954278,1.0251257004199206,0.3551582114213342,0.11741154741912346,0.016004176347378784,0.051526890229409164,0.003860961082817495,0.2174792067572258,0.12690683220954815
sleepy,231452460,107280,8855,2103,317125,254462,3295029,True,False,English,0.23749294184076794,729.8461489948759,10.390316121403233,0.802402837997635,1.1761744966442953,1.0258970087474908,0.5037813602913209,0.11520177978357965,0.012642250363884357,0.8047758795421177,0.011661130280793365,0.2184273346529527,0.27774828915244143
FifaTargrean,231025755,170820,6721,1353,396862,66121,7798628,True,False,Thai,0.20130932896890344,582.1312068174832,19.650729976666952,0.16660955193492952,0.47523709167544786,0.9995945603195854,0.4218130692358126,0.08753741809250445,0.02808231142192679,0.15362313016037785,0.0043700989971366035,0.18609514765456356,0.14692019592705363
GrandPOObear,231011760,101175,13295,2230,253619,44926,3877237,True,True,English,0.16773223016171493,910.8614102255746,15.287644064521979,0.17713972533603556,1.3224610822831728,1.0238963922786186,0.3457494263493589,0.14910269450808145,0.02080765675336558,0.16440769097897134,0.013182778383336547,0.2159680842922522,0.15153638854422768
Pun1shers_TV,230552955,123345,6289,1961,82289,51159,4148542,True,False,Greek,0.31181427889966606,2801.746952812648,50.41429595693228,0.6216991335415426,0.9539097652924723,0.9531726008497329,0.6721446746251223,0.5032316729003543,0.07937497981907661,0.6197067437720286,0.009349170470898883,0.1290311264656267,0.3354730613421845
gamelifeow,229805670,99600,37939,1659,234471,169229,8373012,True,False,Russian,0.04372808982840876,980.1027419169109,35.71022429212994,0.7217481053093986,0.9993975903614458,1.3907690436247704,0.06483752562448297,0.16207035516342982,0.0548586063767242,0.7221726937396574,0.009822327065556765,0.6669449277762948,0.28011773929102435
Sh4dowehhh,229762950,112875,11788,2012,84234,70619,6477747,True,False,Russian,0.17068204954190702,2727.6746919296247,76.90180924567277,0.8383669302182016,1.069501661129568,1.011705844666222,0.35243177878257254,0.4893592657752663,0.12353810566268036,0.8416087905554793,0.010551537647641171,0.20098289893594873,0.33641206289326475
LuluLuvely,229749045,107070,10110,2178,431852,360592,6019198,True,False,English,0.21543026706231455,532.0087553143206,13.938103794818595,0.8349897650120874,1.2205099467637994,0.985208242798859,0.45380183629775395,0.07815038109551825,0.018557543044606946,0.8381500399563723,0.012122300067859693,0.16841082029723511,0.26153215345989106
Swifty,229431480,122160,19884,1572,615027,71011,8647522,True,False,English,0.07905853952926976,373.0429395782624,14.06039409651934,0.11545997167604023,0.7721021611001965,1.1947345990991667,0.14487310953528737,0.048378932396998045,0.018761439949710454,0.10123788082634684,0.007458038794409907,0.42597031524544515,0.12444661945803297
Mibrtv,228640020,82620,151094,3310,250709,242229,6671227,True,False,Portuguese,0.021906892398109785,911.973722522925,26.609443617899636,0.9661759250764831,2.403776325344953,0.8360631172016754,0.015405030630671404,0.14931101066928862,0.039684704704273856,0.9725053889028212,0.02443043503394538,0.0,0.20022276165683342
PsheroTV,228376905,184215,10739,1166,202779,59927,5384623,True,True,English,0.10857621752490922,1126.2354829642122,26.554145153097707,0.2955286296904512,0.3797736340688869,1.0632334765817535,0.21174077224761712,0.1894383989351011,0.039592504540619994,0.2856566287336657,0.0033771044002989426,0.2643230490076659,0.16568807631082813
bytarifaaa,228077640,15390,121009,13435,638657,629175,3651549,True,False,Spanish,0.11102479980827873,357.12070798566367,5.717543219599879,0.9851532199600098,52.37816764132553,1.1030785001207895,0.21728765077484838,0.04539698373822432,0.0048512487907526915,0.9919411363542621,0.5442555262383634,0.3133023961414688,0.3528391570063199
Alderiate,227675805,69030,11480,3337,319860,80730,5471250,True,False,French,0.2906794425087108,711.7983023822923,17.10513974864003,0.25239167135621837,2.900478053020426,0.9883773872208628,0.6242670227488655,0.11182174152153325,0.0238380012686445,0.24147756985550858,0.0295970416516778,0.1723064793024408,0.20055130939144505
Solaaaa,227479455,96375,16718,2227,309594,107558,5135340,True,False,German,0.13320971408063165,734.7670012984747,16.58733696389465,0.34741629359742116,1.3864591439688716,1.0598821327919292,0.2675440891398441,0.11612336724080273,0.02297465901013964,0.338797792304693,0.01384847530083029,0.26020342210656233,0.16991530085047868
Strippin,227458650,121575,9127,1816,293665,19904,3115313,True,False,English,0.19897008874767175,774.5514446733523,10.608390512999506,0.06777791020380365,0.8962368908081432,1.0302493158353874,0.4165138879743481,0.12357428056735689,0.013005849871861857,0.05240391842937082,0.008749267071390133,0.2237773919689473,0.13967076598054584
Mendo,226473345,99480,25321,1959,518090,176007,5487693,True,True,English,0.0773666126930216,437.1312802794881,10.592161593545523,0.3397228280800633,1.1815440289505428,1.1621090466751764,0.14104031506422854,0.06038153017895019,0.01297879109120778,0.33091846842110123,0.011716983239625254,0.38586547615453154,0.15715026069160742
Pikabooirl,225939795,103740,21309,2146,237214,78399,5574448,True,False,English,0.10070862077056643,952.4724299577597,23.49965853617409,0.3304990430581669,1.2411798727588201,1.0148848490500033,0.19391796768271433,0.15689569285501384,0.034499701929053446,0.3214718556487204,0.012337305111094994,0.20489067826253302,0.15400220024818834
Skadoodle,225401640,89955,30357,2318,611890,219104,5373229,True,True,English,0.07635800639061831,368.3695435454085,8.781364297504453,0.35807743221820915,1.5461063865265967,1.0809816757674207,0.13875547592313497,0.047503689064991424,0.009959614923533573,0.3497164821943835,0.015509098676878606,0.28613995690992944,0.1412640529488086
MasterSnakou,225243465,124275,12948,1786,448316,73137,6565757,True,False,French,0.1379363608279271,502.4212051320943,14.645377367749534,0.16313716218024787,0.8622812311406156,1.0148152228051477,0.2782515648601624,0.07260916314066183,0.01973679348864474,0.1500668545826849,0.008396066093473783,0.20480509045975345,0.12231092210423018
루시아 (lucia94),224762820,141705,8886,1603,82578,37026,5801449,True,False,Korean,0.1803961287418411,2721.8244568771343,70.25417181331589,0.448376080796338,0.6787339896263364,0.9894771638944947,0.37443749927312087,0.48826362158325526,0.11245437555606348,0.4421965611383205,0.006486839006400308,0.17365837569207915,0.2662495453748733
Otzdarva,222546390,91905,14940,2387,262104,146762,3176930,True,False,English,0.15977242302543507,849.0766642248878,12.120875682935019,0.5599380398620395,1.5583482944344704,1.0144461434204874,0.3277177336490528,0.13753151873426187,0.015527644657514337,0.5564536285916564,0.015636436914066732,0.20435140099754256,0.2095363939240158
꽃핀 (cherrypach),222377040,94125,10985,2369,240835,90457,6606649,True,False,Korean,0.2156577150659991,923.3584819482218,27.432262752506904,0.37559740071002967,1.5101195219123507,0.9972863968356208,0.4543170840214136,0.15144317210038513,0.04105660642234238,0.36765969723394154,0.015134769451696438,0.18325784626830857,0.2021448625830146
Opat04,222161730,116775,9497,1814,178477,109720,6632006,True,False,Czech,0.19100768663788564,1244.7639191604521,37.158883217445386,0.614757083545779,0.9320488118175979,1.0487744290995815,0.3984763167691952,0.21163665106366705,0.057273982472084636,0.6125969880696993,0.009121776563046358,0.24654931861547214,0.25594250559219406
icebergdoto,221837100,52380,16441,3746,171113,84551,6944929,True,False,Russian,0.22784502159236056,1296.4362731060762,40.5867993665005,0.49412376616621767,4.290950744558992,1.1305789940732505,0.4819255125128722,0.22131395701464063,0.06298941112036002,0.4890494168690273,0.044060501328977625,0.34710727614935816,0.27440767916587266
P4wnyhof,221823735,181830,7196,1205,489174,6719,6891131,True,False,German,0.16745414118954974,453.4659139692625,14.08727978183632,0.013735398856030779,0.3976241544299621,1.012407672754383,0.34511945946654693,0.06344071436048318,0.018806266955216856,0.0,0.0035627824672126857,0.20184561850554852,0.1054624736258347
Mazarin1k,220905615,202410,9605,780,205378,68292,9980766,True,False,Czech,0.08120770432066632,1075.6050550691896,48.59705518604719,0.33251857550467917,0.23121387283236994,1.399201259439143,0.14974170476847437,0.17995622706260533,0.07634506032539423,0.3235401758619703,0.0018318111130671616,0.6773101977346543,0.2347875294776943
김뚜띠_ (kimdduddi),219998175,90750,7244,2318,149158,67954,3549865,True,False,Korean,0.31998895637769187,1474.9337950361362,23.799360409766823,0.45558401158503065,1.5325619834710744,1.045824984490762,0.6906631223317291,0.25474334428477663,0.03499940046302893,0.44957862076885835,0.01536821210741288,0.24292372478928803,0.28137940412418233
옥냥이 (rooftopcat99),218888325,92805,8794,2256,214028,59213,5969221,True,False,Korean,0.2565385490106891,1022.7088278169211,27.889906928065486,0.27666006316930497,1.4585421044124778,1.045471329727053,0.5469261915540631,0.17004971157250198,0.04181964510764537,0.2663322362991019,0.01459826995565583,0.24248899598506835,0.2137025084123394
KingGothalion,218707740,34875,41994,5792,1015521,44907,3349456,True,False,English,0.13792446539981904,215.365058920495,3.2982636498900564,0.04422065127161329,9.964731182795699,1.0827330244163251,0.27822461763637785,0.01884869085948172,0.0008175387582834659,0.028277564380264915,0.10307819731514369,0.28829279572913535,0.11958990077978116
ItsSlikeR,218576850,95655,12762,2317,283503,154360,5243404,True,True,English,0.1815546152640652,770.9860213119438,18.495056489702048,0.5444739561838852,1.4533479692645443,0.9862123869979708,0.3770618685082722,0.12290654066238937,0.026155435422561345,0.5406159643312219,0.014544241448136236,0.1696451608229097,0.20848820186591513
Alinity,218509065,90150,17341,2441,1203324,255987,13908506,True,False,English,0.14076466178421082,181.58788904733888,11.558404885134843,0.21273322895579244,1.6246256239600665,0.9929695898069651,0.2846586363927429,0.012522832212428144,0.014589826586190865,0.20086106073010737,0.0163258423867135,0.17795142726822882,0.11781827092940193
TidesofTime,218415420,88485,12457,2104,251700,27110,2240586,True,False,English,0.16890101950710443,867.760905840286,8.90181168057211,0.10770758839888757,1.4266824885573826,1.1731887920682567,0.34839713501197167,0.14103074237645155,0.010160439095963938,0.09329821585058125,0.014266871667822823,0.39948521201013143,0.16777310266882042
GernaderJake,218318010,146295,21162,1347,295771,70693,8847646,True,False,English,0.06365182874964559,738.1318993410442,29.913838746868354,0.23901261448891203,0.5524454014149492,1.107879394617962,0.10997162642843478,0.1167535523468663,0.04519418444768453,0.22777530238233185,0.005173206660785948,0.31920387786350635,0.13734529168826828
スタンミ (sutanmi),217833015,80190,7854,2683,53124,16505,3473483,True,False,Japanese,0.3416093710211357,4100.463349898351,65.38444017769746,0.31068820118966944,2.007482229704452,1.0124715215823843,0.7396407754619003,0.7464579817186073,0.1043349810057334,0.301182424424738,0.020308251471817213,0.20192410444012707,0.3523080864204873
DarioMocciaTwitch,217475940,103995,8160,1749,114376,96707,4356099,True,False,Italian,0.21433823529411763,1901.4123592362034,38.08577848499685,0.8455182905504651,1.0090869753353526,1.1956634344720856,0.45132800986880084,0.3346151370743809,0.058819412271344684,0.8489329131032497,0.0099231143947296,0.42711208267634604,0.3551217782314753
bebe872,217343400,212205,4965,1087,70232,51251,2383295,True,False,English,0.218932527693857,3094.6491627748037,33.934602460416905,0.7297385807039526,0.30734431328196793,0.9422394857934389,0.461735657605624,0.5580870081634409,0.05189807891800171,0.7303562026506305,0.002623706964282659,0.11559163540668911,0.3200487149514448
Lasqa,216969405,72210,10010,2863,135446,25351,5298356,True,True,Russian,0.28601398601398603,1601.8886124359524,39.11784770314369,0.18716684139804793,2.3788948899044455,1.0494936253136409,0.6136981639336704,0.2785197066161863,0.060540200563679536,0.17467704162371095,0.02417162258807928,0.247433387889298,0.23317335386910407
六希夫 (qttsix),216951540,154035,9671,1412,118305,23620,8174656,True,False,Chinese,0.14600351566539138,1833.83238240142,69.0981446261781,0.199653438147162,0.550004869023274,0.9974901771248597,0.29652643691477965,0.32195861841300705,0.11052690982579065,0.1874652889705142,0.005147820659282328,0.18350834243167208,0.18418890286917433
Flight23white,216792240,31455,74388,7522,828896,704583,2016920,True,False,English,0.10111845996666129,261.54335405165426,2.4332606261822955,0.8500258174728796,14.348116356700048,0.9162641912447061,0.19484639400184456,0.027497058045324357,0.0,0.8535493326420885,0.14867342194532912,0.08366160109867225,0.21803796795554312
Heelmike,216316170,101400,18963,2115,308927,208795,3406743,True,True,English,0.1115329852871381,700.217753708805,11.027663493317192,0.6758716460523037,1.2514792899408285,1.0086503839858996,0.218438865148848,0.10965291227269722,0.013704911546347695,0.6751879532084236,0.012444437891205069,0.19722698524779195,0.20444267755255222
OGADotaPIT,216072855,18705,60846,10161,157820,48664,8333671,True,False,English,0.16699536534858495,1369.1094601444684,52.80491065771132,0.30835128627550373,32.593424218123495,1.1368575398789986,0.3440801748656806,0.23492434267934106,0.08336089637995488,0.2987890544335989,0.338458001074045,0.3548251552519755,0.2757396041140993
SoloRenektonOnly,215806260,122985,5118,1735,391603,74554,4581141,True,False,English,0.3389996092223525,551.0842868925928,11.698431830195377,0.19038158543218514,0.8464446883766313,1.0113754647101478,0.7337287700613964,0.0817228863360315,0.014823296128189452,0.1779694472880585,0.00823133707787458,0.20057678060253248,0.20284208624901381
OfficialAndyPyro,215726910,209625,9676,1027,255595,29422,10284627,True,True,Finnish,0.10613890037205456,844.018505839316,40.23798196365344,0.11511179796161897,0.293953488372093,1.002053256179748,0.20621941310398337,0.13658421630834236,0.06240782134670158,0.10088129594824623,0.002484417888482506,0.189117490404929,0.11628244250011417
k3soju,215233395,125865,7504,1647,76666,70939,2609837,True,False,English,0.21948294243070363,2807.4165210132264,34.04164818824511,0.9252993504291341,0.7851269217018234,1.0382718437230394,0.4629825357300074,0.5042934814284629,0.05207655826023226,0.9306413199508504,0.007593520131738199,0.23363905456565687,0.36520441167782464
SkyrrozTV,215122605,85890,17061,2185,597890,216436,6233611,True,False,French,0.1280698669480101,359.8029821539079,10.426016491327836,0.3619996989412768,1.5263709395738736,1.1462834027771671,0.2559005728541849,0.04589932562490918,0.012701774257745456,0.35373350284641053,0.015303813925188621,0.3664118621960115,0.17499180861740837
LeBouseuh,214699305,61455,24497,3678,988237,351530,4545514,True,False,French,0.15014083357145772,217.2548740838483,4.599619322085694,0.35571426692180114,3.5909201855015866,0.949864574179465,0.30589888072006116,0.019202619375024176,0.002987313387255303,0.3472962276655431,0.03677890290175413,0.12496474697278509,0.13952144850373716
BikeMan,214504440,136845,7223,1486,264192,11101,3531376,True,True,English,0.20573169043333794,811.9263263081396,13.366703003875969,0.04201868338178295,0.6515400635755783,1.0548447426077199,0.43183123444648724,0.1305739261581475,0.017604835828854044,0.026022401457119603,0.0062039724277928535,0.25401122893997824,0.1443745998763966
Rubini,214130175,161985,5521,1284,102528,43426,7976244,True,True,Portuguese,0.23256656402825576,2088.5043597846443,77.79576310861424,0.42355259051186017,0.47559959255486617,1.029527728279906,0.4926214252175244,0.36965411618093086,0.1250286116425015,0.4167733861814298,0.004373869669429815,0.22289038314756393,0.27189029867323006
JLWaliid,213819030,94875,19603,2239,272391,246417,4345817,True,False,French,0.11421721165127786,784.970979217375,15.954334027188857,0.9046444265779706,1.4159683794466402,1.0065618650336208,0.22451955832489512,0.12552567267454354,0.021919241385677617,0.9094874154526688,0.014155425333030052,0.1946596810859818,0.24837783237613278
qSnake,212541900,152955,5441,1389,200878,37641,6296155,True,False,Russian,0.25528395515530233,1058.0645964217088,31.34317844661934,0.18738239130218343,0.5448661370991468,1.0004114057459692,0.5440841062526597,0.17667121347428116,0.04757734923726842,0.17489779877195955,0.005094368446643167,0.18709925185980555,0.1892373480071029
Criken,212449905,113040,11050,1828,285509,32753,3593487,True,True,English,0.16542986425339368,744.1093100392632,12.586247718986092,0.11471792482898963,0.970276008492569,1.0281304007721361,0.3405337780513886,0.11787301425839754,0.016303568149016807,0.10047790764761245,0.00951940934005032,0.2211727235006667,0.13431340015785542
Loserfruit,212318190,99525,42374,1816,1869993,790345,10477877,True,False,English,0.042856468589229244,113.53956405184404,5.603163755158442,0.4226459671239411,1.094800301431801,1.1747330104339224,0.06286300462581333,0.0,0.004660541772431027,0.4158448606297474,0.010814689787290159,0.401383436698297,0.14926108891892984
Broxah,212141310,46605,13137,4269,317896,209200,5351294,True,False,English,0.32496003653802236,667.3292837909254,16.833473840501295,0.6580768553237537,5.495976826520759,1.0662684997183685,0.7019243235524362,0.103493491202203,0.02338504762374164,0.6569632767898915,0.056594977016711914,0.2680538399211599,0.3017358260176907
JonVlogs,212114490,81180,21617,2239,480299,261559,3260166,True,False,Portuguese,0.10357588934634779,441.63008875721164,6.787784276044714,0.5445753582664132,1.654841093865484,1.1669901665925588,0.20041331423603512,0.06122407639040358,0.006635681702348682,0.5407198160803338,0.016640138548922993,0.3918655746762697,0.20291643360571898
ImSoFresh,211617645,180060,5788,1119,111954,36095,3673955,True,False,French,0.19333102971665514,1890.2195991210676,32.81664790896261,0.322409203780124,0.3728757080973009,1.0502786679090288,0.40373948555161554,0.3325189336735448,0.05003409240461718,0.313186582426388,0.0033053533513541125,0.2483983985827076,0.2251971409983712
BeBePtv,211307910,110010,14353,1865,57205,24674,63847323,True,False,Russian,0.1299379920574096,3693.871339917839,1116.1143781138012,0.43132593304781053,1.0171802563403327,1.0299229926209488,0.26013251683494837,0.6703105841771038,1.0,0.4247345167487489,0.01000729932276516,0.22337626037011296,0.43142686290894655
TrilluXe,210899220,79170,27943,2095,412495,95629,7212835,True,False,German,0.07497405432487564,511.27703366101406,17.485872556030984,0.23183068885683464,1.5877226222053809,1.2715408038591316,0.13562034991641508,0.07426770113205856,0.024472804192660125,0.22041987613971947,0.01594198365931942,0.5203840570589676,0.16518446201652337
landonorris,209499930,30120,97550,6524,584831,457635,12694726,True,False,English,0.06687852383393132,358.22302511323784,21.70665713684808,0.7825081091802589,12.99601593625498,1.066141778685381,0.11728119727623063,0.04560342798324089,0.03151019719250075,0.7844005348324208,0.13460910408438032,0.26789806856221554,0.23021708832183152
LotharHS,208564530,152235,14561,898,251812,136198,6742783,True,False,Polish,0.061671588489801525,828.2549282798278,26.77705192762855,0.5408717614728448,0.35392649522120406,1.5256313446353125,0.10548570318595647,0.13363198070696838,0.039964161170960674,0.5369267479753402,0.003108246872371964,0.8327239101876722,0.27530679168321165
ElcanaldeJoaco,208060515,20445,48072,8673,810622,758797,4893535,True,True,Spanish,0.18041687468796805,256.6677378605565,6.036765594814846,0.9360676122779791,25.45267791636097,1.1733652113866675,0.3744844959551929,0.026583942501363943,0.005383494221836837,0.9416697209463374,0.26418117648780276,0.39970207480176934,0.33533415081905055
CzechCloud,207938580,145050,8212,978,180668,111145,9000160,True,False,Czech,0.11909400876765709,1150.943055770806,49.81601611796223,0.6151891867956694,0.4045501551189245,1.4658127195403319,0.23556717611999003,0.194065684574284,0.0783774566642942,0.6130395300489098,0.003634825544577201,0.7591920875568364,0.3139794600848153
chess24,207560115,82035,32856,1603,66198,49745,20337169,True,False,English,0.04878865351838325,3135.4438955859696,307.2172724251488,0.7514577479682165,1.1724264033644176,1.5783786502885258,0.07630143772507116,0.5657271305975246,0.5075473810236424,0.7526000605025873,0.011622143254043284,0.8975633396695112,0.46856024879539665
TheNo1Alex,206694345,176910,8554,1105,140855,30883,7225371,True,False,English,0.12917933130699089,1467.4263959390862,51.296517695502466,0.21925384260409642,0.37476683059182636,1.0573382278127463,0.258413890079159,0.25333734296278015,0.08084592460871075,0.20753919904616766,0.003325024484854863,0.2570763363632514,0.1767562862574873
Crystal_LoL,206487075,139725,7471,1466,167132,98846,5571500,True,False,Turkish,0.19622540489894258,1235.4730093578728,33.33592609434459,0.591424742120001,0.6295222758990875,1.0080562896763936,0.41029623786393243,0.20989663014615526,0.05089989462617232,0.5887009850731997,0.005974947157336155,0.19649669702529904,0.24371089864868248
WeAreTheVR,206446935,75975,20851,2688,410814,85526,9512134,True,True,Hungarian,0.1289146803510623,502.531401072018,23.154356959597287,0.2081866732876679,2.1228035538005923,1.0109006281436563,0.2578143649112192,0.07262980086555276,0.033923974158231014,0.1962046695910156,0.021507804207478467,0.19999308951751593,0.13034561720850216
AdzTV,206255820,137250,11247,1443,489577,167548,4236933,True,False,French,0.12830088023472927,421.2939333342865,8.654272974424861,0.3422301292748638,0.6308196721311475,1.0414238702763292,0.2564238971665067,0.057415478893543016,0.009747713185774746,0.33348634087636564,0.005988442451563845,0.23751367149435054,0.15009592401135075
IrmanPlay,205792560,42570,17697,2612,252042,232876,3312084,False,False,Russian,0.1475956376787026,816.5010593472516,13.141000309472231,0.9239571182580681,3.6814658210007045,1.8507716863783674,0.3001331392373233,0.13143069167941837,0.017228517509065604,0.929266662200199,0.037720743152171346,1.0,0.40262995896302956
Tomato,205792050,76080,5358,2675,92634,36010,2200922,True,True,English,0.4992534527808884,2221.5606580737094,23.75933242653885,0.3887341580845046,2.109621451104101,1.0111935788201303,1.0,0.3945731765473752,0.034932661058642706,0.38111381175490955,0.021370686224527098,0.2003531980480591,0.3387239222722523
쫀득이_ (pjs9073),205748130,79215,15654,2597,193757,115990,5979215,True,False,Korean,0.16590008943401047,1061.8874672915042,30.859349597691953,0.5986364363610089,1.9670516947547814,1.0001301517773884,0.3415989993327161,0.17738716868423743,0.0467706523567791,0.596086899073351,0.019887699946041344,0.18675352146397875,0.22808082347618397
runitup247,205746015,486000,1182,422,91608,30397,2424188,True,False,English,0.3570219966159052,2245.9393830233166,26.46262335167234,0.33181599860274213,0.052098765432098765,1.0031888859633726,0.7745556576533354,0.3991388748757356,0.03943990853095608,0.32282062614136614,0.0,0.1905134590968071,0.28774475438303343
NeZaK_,205442370,134205,7262,1407,255840,207722,3017013,True,False,Italian,0.19374827871109887,803.0111397748593,11.792577392120075,0.8119215134459037,0.6290376662568459,1.0879958094850437,0.40468469760493636,0.12890427147620015,0.014980266782760663,0.8145245066894659,0.0059699063305278,0.294762054720006,0.2773042839339828
피닉스박1 (xkwhd),205225605,179595,9938,1139,142209,50675,4794915,True,False,Korean,0.11461058563091166,1443.126700841719,33.717380756492204,0.35634172239450385,0.38052284306355966,1.0032601888049693,0.22541068528257263,0.24878644550956844,0.05153590111211208,0.3479388411770747,0.0033848975444219884,0.19060110784990084,0.17794297974594175
skill4ltu,205017270,135510,4049,1503,127741,46398,4548052,True,True,English,0.3712027661150901,1604.9449276269952,35.60369810789018,0.36321932660617967,0.6654859419969006,1.0066074035973511,0.8066799633664362,0.2790920996838111,0.054680993279226695,0.3549825942171948,0.006349035075508813,0.19471565919624037,0.2827500574697363
ilMasseo,204889125,92370,8980,2184,617665,436741,4364008,True,False,Italian,0.24320712694877505,331.71561445119926,7.0653315308460085,0.707083937085637,1.418642416368951,1.0156295542175697,0.5167259490402897,0.0406390649659379,0.007098441426439006,0.7071542692523045,0.014183240208817838,0.2058061043226742,0.24860117820274386
Worrun_,204440715,94455,41881,1728,146163,103762,3425022,True,True,English,0.041259759795611375,1398.717288233,23.432893413517785,0.7099060637781107,1.0976655550262029,1.252560467506573,0.059245911672999654,0.24046935832267843,0.034388383192496645,0.7100445727443213,0.01084449366627322,0.4970525491225363,0.25867421145355096
brax,204330900,26010,28736,5295,574927,282648,4449212,True,False,English,0.18426364142538976,355.40320771158775,7.738742483828382,0.4916241540230325,12.214532871972319,1.4836372587139617,0.3831987417291634,0.04507532671364587,0.008221232091490368,0.48648941921711364,0.1264802505962631,0.7811028361056477,0.30509463440888734
rewinside,204116820,48420,24167,4455,1259972,372220,5349508,True,False,German,0.1843422849340009,162.00107621439207,4.245735619521704,0.29541926328521584,5.520446096654275,0.9462508883409337,0.3833768962442002,0.008854573154821696,0.0023972764774115446,0.2855446202601255,0.05684950218938357,0.12052263708308884,0.14292425090150523
금사향 (sah_yang),204029970,125325,7143,1559,206794,108366,7584329,True,False,Korean,0.21825563488730226,986.6338965347157,36.67576912289525,0.5240287435805681,0.7463794135248354,1.0442635932975803,0.46020226328213454,0.16329352338828218,0.05646847731492418,0.5196768372750248,0.007190475163272403,0.2410043904667072,0.24130599448172418
HAchubby,203908095,73110,13675,2779,221461,159519,5075885,True,False,English,0.20321755027422303,920.7404238218015,22.919994942676137,0.7203028975756454,2.280672958555601,1.0036196055680515,0.4261358448499189,0.1509528567276142,0.03353321798820393,0.7206925727476777,0.02314993481806016,0.19104291957044023,0.2575845577836525
Recrent,203854050,129375,6781,1502,220789,120204,8936320,True,False,Russian,0.22150125350243327,923.2980356811254,40.474480159790566,0.5444292967493851,0.6965797101449276,1.0490569096277427,0.46755470241645597,0.1514318515977252,0.06280213920825142,0.5405702260162728,0.006672467146171543,0.24689655675510558,0.24598799052333042
iLame,203117655,161025,4911,1243,233263,66490,9831952,True,True,Russian,0.25310527387497456,870.766709679632,42.149642249306574,0.28504306298041265,0.4631578947368421,1.0148064934476102,0.5391486460503989,0.14159367557304198,0.06559516826164986,0.27491775221241566,0.004244453251686994,0.20479435992943604,0.2050490092131049
ixxYjYxxi,203102445,37305,15223,5459,857099,409932,2378245,True,False,Arabic,0.3586021152203902,236.96497720800048,2.7747611419450964,0.47827847191514633,8.780056292722156,0.9973211128349189,0.7781351681387397,0.02289396849487231,0.0,0.4728213327691738,0.09075541125285226,0.183300520781452,0.257984400239515
Wingsofdeath,202858185,144150,7176,1343,473157,6267,2534023,True,False,English,0.1871516164994426,428.7333485502698,5.355564854794498,0.013245075101921772,0.5590010405827264,1.0478566552742359,0.38974099560163633,0.05880874805285321,0.004247715499299566,0.0,0.005241397300802873,0.24542114855082447,0.11724333416756942
mang0,202842615,140325,24391,1403,328671,53694,3077795,True,True,English,0.057521216842277886,617.1600627983606,9.364364364364365,0.16336701443084423,0.599893105291288,1.03030659276735,0.09608368817995144,0.09409769511793788,0.010931661828763761,0.15030225959278537,0.005666749580378666,0.2238477994247394,0.09682164228742608
Kamikatze,202635300,126900,8509,1586,107476,36955,4997073,True,False,German,0.18639088024444705,1885.400461498381,46.494780230004835,0.3438442070787897,0.7498817966903073,1.0068164405450768,0.38801766711625896,0.33161639555337974,0.07283989800874062,0.3351394114934699,0.007226906355338609,0.1949726170875167,0.22163548260245072
Philza,202591425,62925,24611,2991,527540,292543,5158370,True,False,English,0.12153102271342082,384.0304526670963,9.778159002160974,0.5545418356901847,2.8519666269368296,1.0764191661197338,0.24108784839558864,0.050436696707733056,0.011621589360397632,0.5509270631815556,0.02909243407519096,0.2805315088783591,0.1939495234331375
Kurumx,202487955,131190,16413,1543,50286,49439,2485867,True,False,English,0.09401084506184122,4026.7262259873523,49.43457423537366,0.9831563457025813,0.7056940315572833,1.0003052223929347,0.17874520893522633,0.7326483397428906,0.07774147148595204,0.989896021705527,0.006767272762301761,0.18696872636763182,0.3621278401665882
Pieface23,201823125,93360,14072,2149,238155,127444,2037389,True,False,English,0.1527146105741899,847.4444164514707,8.554886523482606,0.5351304822489555,1.3811053984575836,1.005943683377574,0.31172936821778613,0.13722582797537414,0.00958200429901497,0.5310467712068611,0.013792786553545829,0.1938997835822545,0.19954609030580608
CurtisRyan,201233880,162660,7245,1205,65688,33141,3760730,True,True,English,0.1663216011042098,3063.4800876872487,57.25140056022409,0.5045213737668981,0.4444854297307267,1.0266757072385289,0.3425538678083585,0.552249598933961,0.09077461208011688,0.4996982093690283,0.004050225456826161,0.2193845468796629,0.284785176754659
CalebDMTG,200582400,121635,5446,1608,71327,9005,1563033,True,False,English,0.29526257803892764,2812.1524808277372,21.9136231721508,0.1262495268271482,0.7931927487976322,1.0255296461336185,0.6346493963503631,0.5051804418356618,0.03185527553046278,0.11228808952665854,0.007677419488895094,0.21797575552485396,0.25160439637614923
MarkiLokurasY,200552295,71070,26329,2714,923377,417223,7000112,True,False,Spanish,0.10308025371263625,217.19437997697582,7.580990213098225,0.4518446961533588,2.29126213592233,1.0397561010510048,0.19929052956482451,0.019191289912831453,0.007958208782792993,0.44574897113663725,0.02326008163416914,0.23546357237102564,0.15515210890038017
JLBichouu,200256675,90720,16461,2039,212578,150452,4001304,True,False,French,0.1238685377559079,942.0385693721834,18.822756823377773,0.7077496260196258,1.3485449735449735,1.0825967866030397,0.2463831215356071,0.1549416177369598,0.026701816312203558,0.7078360398672227,0.01345409856947748,0.28812532590337103,0.23957366998747362
나나양 (nanayango3o),199960005,122025,6411,1589,147351,63332,4789098,True,False,Korean,0.24785524879114024,1357.031883054747,32.50129283140257,0.4298036660762397,0.7813153042409342,1.031265348781168,0.5272555389235795,0.23266242891464792,0.049508294991176205,0.42317547492562785,0.0075538723372965385,0.22502634669228982,0.24419699279743626
DavyJones,199829100,48375,44526,4111,955846,454965,10940319,True,False,Portuguese,0.09232807797691236,209.05993224850027,11.445692088474503,0.475981486557458,5.09891472868217,1.0048246432807424,0.17493316444192114,0.01766785361857054,0.014401898434203449,0.47046885695079776,0.052464804826765514,0.1925242077012249,0.1537434643289139
Fairlight_Excalibur,199826220,163650,19156,1208,408958,5162,1645770,True,False,English,0.0630611818751305,488.62284146538275,4.024300783943583,0.012622323074741171,0.44289642529789186,1.0108099987252719,0.10863360871603203,0.07002497688574333,0.0020280740383909176,0.0,0.004033696903851901,0.1998816836417172,0.0641003400309559
PG_Esports,199821495,107715,24734,1933,112874,41935,16923320,True,False,Italian,0.0781515323037115,1770.305783439942,149.93107358647697,0.3715204564381523,1.0767302604094138,0.9596970593996501,0.14281842714308715,0.3100612247927753,0.24530116269981392,0.3634842623403946,0.010626728303914847,0.1370512928952796,0.20155718302921088
StreamerHouse,199501650,496545,12609,402,630255,10659,2800864,True,False,English,0.03188198905543659,316.5411619106552,4.444017104187988,0.016912202203869863,0.048575657795365976,0.9994517338690951,0.03800204516899493,0.03779716192378302,0.0027278749018206814,0.000309399126537177,0.0,0.18591957877099652,0.04412600998202205
Peereira7,198252765,133800,14532,1377,377689,361206,6222094,True,True,Spanish,0.09475639966969447,524.9100847522698,16.47412024178623,0.9563582736060622,0.6174887892376681,1.0760419414402533,0.1804341457838131,0.07682092730391382,0.02278589065383645,0.9624505630851014,0.0058497768823901715,0.28006780684275584,0.25473485175863514
Twitch,198083340,12015,130795,9190,1189614,223168,46395022,True,False,English,0.07026262471807027,166.51059923639096,39.00006388626899,0.18759698524059065,45.892634207240945,1.7939430988739593,0.12494734623749133,0.009699126008418525,0.06034381740493325,0.1751175768603062,0.47679411410097833,1.0,0.30781699676868796
Sev7n,197315655,183630,31836,1037,469944,225963,7453572,True,False,Portuguese,0.0325731875863802,419.8705696848986,15.86055359787549,0.4808296307645166,0.33883352393399774,1.036189418252323,0.039567846863871554,0.05714890838798571,0.021762879523532033,0.47543412239009664,0.002951252360396611,0.2310792407934159,0.13799070838654975
Wardiii,196743645,104280,9459,1670,76777,31905,3970743,True,False,English,0.17655143249814992,2562.533636375477,51.717871237479976,0.4155541373067455,0.9608745684695051,1.12975226187441,0.36572794387745317,0.4584313053160631,0.08154845524252873,0.40858170673233607,0.009421617165123335,0.34609101866581,0.2783003411665524
자동 (tranth),196585155,142260,5451,1402,85764,11733,5114165,True,False,Korean,0.257200513667217,2292.1640198684763,59.63067254325824,0.1368056527214216,0.5913116828342472,0.985643588631292,0.5484257684986563,0.40779592103418993,0.09474161671575265,0.1230992297974886,0.005577487088251654,0.1689459675441454,0.22476433177974742
Kubon_,195943620,145845,9545,1323,267984,25721,6142647,True,False,Polish,0.1386066003143007,731.1765627798675,22.9216930861544,0.09597961072302824,0.5442764578833693,1.0154995569256307,0.27976988713191886,0.11545094244515115,0.033536049334556214,0.0812869142597521,0.005088234704059196,0.20564630563458708,0.12012972225167078
KarasMai,195800370,138300,6728,1374,281664,139915,3975842,True,False,English,0.20422116527942924,695.1558239604635,14.11554902294933,0.49674434787548283,0.5960954446854664,1.0303970231160031,0.4284093769912708,0.10870490353811191,0.018853400789154665,0.4917333064639218,0.005627246962761922,0.2239589605948105,0.2128811992233386
Sloot,195525465,207555,21283,937,205002,23506,4415937,True,False,English,0.044025748249776814,953.773450990722,21.54094594199081,0.11466229597760022,0.27086796270867963,1.0053806828072753,0.06551182402039554,0.15713935078083388,0.031233903820888302,0.10042093491713354,0.002244286189676835,0.19320771722314778,0.09162633615867932
LPMassive,195448335,81270,18813,2181,315264,22874,2409670,True,False,German,0.11593047360867485,619.9513265073082,7.643340184734064,0.07255506496142915,1.610188261351052,1.1026712459648067,0.2284006841614874,0.09462044879255777,0.008062166055553256,0.05729647945956564,0.016175667404340434,0.3128017804834552,0.11955953772615995
羅傑 (roger9527),195398655,34620,12707,5401,131484,22369,4197860,True,False,Chinese,0.42504131581018334,1486.1021493109429,31.92677436037845,0.17012716376137021,9.36048526863085,1.0450097180155034,0.9286427404678167,0.25683497690905965,0.04855038960916744,0.15722572028244258,0.09679293442010173,0.24192156150384964,0.2883280538654063
ChicaLive,195344370,92445,14928,2045,1041932,631422,2776587,True,False,English,0.13699088960342978,187.48283957110445,2.6648447307501835,0.6060107569399923,1.327275677429823,1.0332946001990744,0.2761097483204861,0.013626850810929837,0.0,0.6036393681306506,0.013232858980524722,0.22752079645769208,0.18902160378338054
도현_ (d_obby),195270330,129525,16860,1401,195405,153300,5913454,True,False,Korean,0.08309608540925267,999.3108159975436,30.262552135308717,0.784524449220849,0.6489866821077012,1.076079911486832,0.15401953548817354,0.1656676832395391,0.04577560079617911,0.7864655855177612,0.006177412589454323,0.28011448138142797,0.23970338316875586
Valkia,194961090,106335,23519,1008,308459,146451,8091070,True,False,English,0.04285896509205323,632.0486353129589,26.230617359195225,0.47478271018190427,0.5687685146000846,1.8189098581079115,0.06286866006079772,0.0968860579540619,0.03905308060450847,0.4692411205937978,0.0053429968988811475,1.0,0.2788986526853412
caps,194376465,17865,26754,10170,479368,270611,6373471,True,False,English,0.38013007400762505,405.4848571452412,13.295570417716661,0.5645161963251615,34.15617128463476,1.0698421544078127,0.8269033770501051,0.054454722214165946,0.017486235138789646,0.5611423839362161,0.3547134294041722,0.27244674166958405,0.3478578149021722
龜狗 (gueigotv),194262165,134895,9918,1373,165232,25466,6005834,True,True,Chinese,0.13843516838072192,1175.69335842936,36.347886607920984,0.15412268809915755,0.6106972089402869,1.0488704130079647,0.27938153501579505,0.19870097274904122,0.055921792670998734,0.14083460927465016,0.005779132023002372,0.24666730647820617,0.1545475580352823
Alfie,194074230,181755,15588,971,183885,33462,3380440,True,False,English,0.06229150628688735,1055.4108818011257,18.38344617559888,0.18197242841993638,0.320541388132376,1.0996697407962037,0.10689002957541803,0.17617422027910026,0.02596934546034214,0.1693571422692092,0.0027609806850243295,0.30911219140759777,0.13171065161278195
NiceWigg,193912155,130140,13013,1475,184033,111498,2871081,True,False,English,0.11334819027126719,1053.681432134454,15.60090309890074,0.6058587318578733,0.6800368833563855,1.0101880113463206,0.2225509268987734,0.17585032534741585,0.02132995939484442,0.6034836704339829,0.006500391484664027,0.19911710796725057,0.20480539692115518
zEkO,193867860,44970,21313,4440,743040,370683,5338943,True,True,Spanish,0.20832355839159197,260.9117409560724,7.185269972006891,0.4988735465116279,5.923949299533022,0.970956914219089,0.43770270416212775,0.027378768230716347,0.007298417030518281,0.49391394217728635,0.06104667365489466,0.150892427594001,0.19637215547492404
x6FlipiN,193573740,61095,19304,2712,279204,186655,6462906,True,True,Spanish,0.1404890178201409,693.3057549318778,23.147612498388277,0.6685255225569834,2.663393076356494,1.1682911496458077,0.2840342082916965,0.10835841876138033,0.03391272899203236,0.6676643624185645,0.027130924178864965,0.39346480326043265,0.2524275743171619
JASONR,193460805,188205,33902,992,777611,136800,6183865,True,False,English,0.02926081057164769,248.7886681129768,7.952388790796427,0.1759234372970547,0.31625089662867617,1.0362156838673684,0.03206417706200139,0.02510833392667764,0.008577448571225435,0.16316201991262982,0.0027163517245009155,0.2311115277031157,0.07712330981669181
Dhalucard,192609885,83400,22306,1828,269408,97678,7444967,True,False,German,0.08195104456200125,714.9375111355267,27.634543146454448,0.3625653284238033,1.3151079136690647,1.2633867851014593,0.15142562531755785,0.11240965906794487,0.041393872302918515,0.35431279677849864,0.013106291978103476,0.5103607597988643,0.19716816754064795
duckmanzch,192428310,129945,14684,1363,122694,75228,9240202,True,False,Thai,0.09282211931353855,1568.3595774854516,75.3109524508126,0.6131351166316201,0.6293431836546232,1.0864594866268693,0.17605233748352517,0.2722403191936909,0.12088564040236363,0.6109358377576204,0.005973084270368227,0.29287353555508694,0.24649345911044254
MrBboy45,191523465,110835,9408,1659,318995,57504,6445684,True,False,French,0.17633928571428573,600.3964482201916,20.206222668066896,0.18026614837223154,0.8980917580186764,1.041594501576925,0.3652473586637032,0.09095817050313405,0.02900849476605847,0.16760964199099987,0.008768561083613133,0.23772341938659577,0.1498859410656841
인간젤리 (ses836),190448565,157200,7683,1213,105730,29332,5099767,True,False,Korean,0.15788103605362488,1801.272722973612,48.23386928970018,0.2774236262177244,0.4629770992366412,0.9987674084189726,0.32343309357308947,0.3158607776551818,0.0757395136940382,0.26711424546655255,0.0042425726477435255,0.18507837425417123,0.19524476288179612
AladdinTV,189890160,131490,4279,1416,110211,45168,4298260,True,False,German,0.33091843888759054,1722.9692135993685,39.00028127863825,0.4098320494324523,0.6461327857631759,1.0198739093389844,0.7154221480992767,0.30119593350956964,0.06034417986729263,0.40272138493714416,0.0061477268466465585,0.2110234620849864,0.2828091392241527
miniminter,189756300,41400,27188,4215,858427,588461,16598800,True,False,English,0.15503163160217742,221.05117849275476,19.33629767004067,0.685510823867376,6.108695652173913,1.0874224216480135,0.31697821538725973,0.019913599162913805,0.027558052561706264,0.685059993812899,0.06296837369129961,0.2940572198518652,0.23442257574465722
ClintStevens,189206565,40125,15223,4445,393432,102753,2303521,True,False,English,0.2919923799513893,480.9130040261087,5.854940625063543,0.2611709266150186,6.646728971962617,1.060838787674905,0.6272412762823713,0.06858106248984336,0.005080334052246675,0.2504689139363709,0.06856490447767344,0.26137938656683213,0.21355264630088966
NoctisAK47,189081300,171270,7264,1052,73584,41176,6381664,True,True,Thai,0.1448237885462555,2569.5980104370515,86.72624483583388,0.5595781691672103,0.36854090033280784,1.0494253286952027,0.29385395044390544,0.45975433598770465,0.1399185706984488,0.5560850641580634,0.0032602634206477295,0.24734943452485156,0.28337026987227026
Daxak,188764350,84855,7721,2061,116897,64239,5857325,True,False,Russian,0.26693433493070845,1614.79208191827,50.10671787984294,0.5495350607800029,1.4573095280183843,1.0793555956444922,0.5704762115330102,0.28093629522642927,0.07886214914383899,0.5457993348463136,0.014585448906322285,0.28414110396082126,0.2958000906027893
ThaldrinLol,188750280,112095,11305,1671,521166,95126,7822019,True,False,Turkish,0.14781070322865988,362.16921288034905,15.008690129440524,0.18252533741648536,0.8944199116820554,1.007685277211406,0.3006203364571626,0.04634247823828658,0.02034255164495936,0.1699234084144375,0.008730367164556588,0.1960406313312785,0.1236666288751135
olyashaa,187722975,77730,9142,2296,559877,138621,14210392,True,False,Russian,0.25114854517611024,335.29324298015456,25.381274815718452,0.24759188178832137,1.7722886916248553,1.0518574245881953,0.5347159845560049,0.04130909068007636,0.0376369559112238,0.23656182720439528,0.017861808420417395,0.2503390793644105,0.18640412435608802
Jay3,187658970,165585,9514,1111,189654,124100,3079327,True,False,English,0.116775278536893,989.4806858806036,16.23655182595674,0.6543494996150885,0.40257269680224655,1.0200801038523999,0.23031445702011638,0.16382667601970902,0.022389788394995745,0.6531458758030845,0.0036142563605861327,0.21127692592444858,0.21409466325382334
SovietWomble,187497450,63360,9616,2900,1368076,214775,5846971,True,True,English,0.30158069883527455,137.05192547782434,4.2738641712887295,0.15699054730877524,2.746212121212121,1.020427605799373,0.6489621065319802,0.004182044298311758,0.0024441757373739183,0.14377175008773846,0.02799239375181747,0.2117040914015576,0.17317609363479655
GodHunt,187099860,94590,19032,1820,202883,30738,7464390,True,False,Russian,0.09562841530054644,922.205704765801,36.79159909898809,0.1515060404272413,1.1544560735807168,1.0868180661710634,0.18240956021486363,0.15122727759131502,0.05666160279842603,0.1381547487553877,0.011435218949958793,0.29331431812741887,0.138867121072895
Everyeyeit,187019640,133125,18421,1236,86590,42213,52155951,True,False,Italian,0.06709733456381305,2159.829541517496,602.3322670054279,0.48750433075412863,0.5570704225352112,1.1366038561465883,0.11777687861287679,0.3830120446074924,0.99959812591269,0.48227006945781303,0.005221315341299155,0.35451331546651893,0.3903986248997817
Speedrun,186800430,500010,16604,375,93358,51098,13863239,True,False,English,0.022584919296555046,2000.9043681312796,148.49545834315217,0.547333918892864,0.04499910001799964,0.9962490350192996,0.01694099406118997,0.3532482074928067,0.24290753457916658,0.5435450178803926,0.0,0.18198267311010552,0.2231040711872769
iamSometimes,186597300,102870,23238,2004,179552,99162,4766495,True,False,Thai,0.08623805835269817,1039.2382151131706,26.5465993138478,0.5522745499910889,1.168853893263342,0.9051465456372179,0.16113718163448004,0.1731453696146394,0.03957992322183946,0.5486050045046816,0.011584982613558876,0.0699952765453365,0.16734128968908932
Broeki1,186562710,141675,13091,1317,150944,25995,4702541,True,True,German,0.10060346803147201,1235.9730098579605,31.154209508161966,0.17221618613525547,0.5577554261514028,0.9998753121717749,0.19367976067022227,0.20999027128005987,0.04726227779516468,0.15936520915735528,0.005228440632030777,0.18644026082568213,0.1336610367267525
hexy,186060390,90495,14020,2092,336093,20006,2855592,True,False,English,0.1492154065620542,553.5979327150521,8.496434022725852,0.05952519094417319,1.3870379578982264,0.9828056904361893,0.30380247120103276,0.08219364715528746,0.009484545352278313,0.043951830378768125,0.013854496024558866,0.16545749173255117,0.10312408030741277
Etoiles,185982570,78165,45364,2090,220873,167386,6466352,True,False,French,0.0460717749757517,842.0339742748095,29.27633526958931,0.7578382147206766,1.604298599117252,1.1384491217051893,0.07014677616782095,0.136212549108135,0.04413126298782905,0.759134666260902,0.016114404142753308,0.3567816012980036,0.23042020999424062
xChocoBars,185905980,96300,37216,1917,583881,107350,8679867,True,False,English,0.05151010318142734,318.39703638241355,14.865815123287108,0.18385595695013196,1.194392523364486,1.0070359157367186,0.08246645443756116,0.03814473395599015,0.020104333477482642,0.1712861729901389,0.011850631086146032,0.1952424061513417,0.08651578868311009
GN_GG,185795730,108075,4859,1715,91514,14734,3333965,True,False,Russian,0.3529532825684297,2030.243787835741,36.4312017833337,0.16100268811329413,0.952116585704372,1.0024122380190303,0.7653386251130488,0.35874295505555326,0.05606070561976534,0.1478808159949105,0.009330518122798505,0.18955876749700346,0.25448539790051333
SheriffEli,185394810,143400,5988,1291,265814,11832,2355559,True,True,English,0.21559786239144957,697.4606679858848,8.861681476521177,0.04451232816932141,0.5401673640167364,1.0014336458714823,0.45418149718918377,0.10913655952240763,0.010093529256889533,0.02857628759429874,0.005045492610804186,0.18835583673577022,0.13256486715155902
iateyourpie,184820460,181335,10962,987,124020,7942,4878552,True,False,English,0.09003831417624521,1490.2472181906144,39.33681664247702,0.06403805837768102,0.3265778807180081,1.0326455016211662,0.1697460642392381,0.2576112740326367,0.06090529156781427,0.04857371944450784,0.002823771250877156,0.22672289444264432,0.1277305024962864
KYR_SP33DY,184233300,95055,6607,1879,706212,66637,2451110,True,False,English,0.2843953382775844,260.8753462133184,3.4707849767491914,0.09435835131660181,1.1860501814738835,1.0314932373400583,0.6100313717522606,0.027371952147574322,0.001105186790234591,0.07962648854734301,0.011763855469276155,0.2253064778565435,0.15920088876053873
armateam,183066645,379680,3181,479,187315,8680,3569807,True,False,French,0.15058157812008802,977.3197287990818,19.05777433734618,0.04633905453380669,0.0756953223767383,1.0065978261443325,0.3068973182605907,0.1615491466766799,0.02709366540470594,0.030447143925558254,0.0002141336877750164,0.19470388614770398,0.1201508823505023
JeelTV,182390235,99870,7302,1768,357385,276765,6668409,True,False,French,0.24212544508353875,510.34664297606224,18.658894469549644,0.7744169453110791,1.0621808350856112,1.0329618266189484,0.5142755686906786,0.07409345562890829,0.026428605547785856,0.7761139050195431,0.010475387664304114,0.22711173577080404,0.2714164430536707
Pengu,182358345,70665,7707,2452,775987,241309,5240516,True,True,English,0.31815232905151164,235.00180415393558,6.753355404149811,0.3109704157415008,2.081935894714498,1.0524484018002365,0.686502531631017,0.022526301360936717,0.0065782778009113125,0.30147145670200304,0.021082705791023185,0.25106553590642694,0.21487113486538637
태준이 (dlxowns45),182309400,79620,10549,2023,346631,124060,5444952,True,False,Korean,0.19177173191771732,525.9466118148695,15.708208440676108,0.35790220724632243,1.5244913338357198,1.1318555526293146,0.4002071413305404,0.07701505024868613,0.02150887159626013,0.349537024146138,0.015284262587022512,0.3486764810111105,0.20203813848662625
gabepeixe,181929585,101730,5955,1788,149362,25034,2795325,True,True,Portuguese,0.3002518891687657,1218.0446499109546,18.715101565324513,0.167606218449137,1.054556178118549,1.0001998150123665,0.6459518969686764,0.20663261072933417,0.026522320688839293,0.1546438740958193,0.010396077283548398,0.186839154736729,0.20516432241715774
TSM_TheOddOne,181908120,188445,4363,913,864087,-15772,6370949,True,False,English,0.2092596837038735,210.52060729995938,7.373041140533303,-0.018252791674912363,0.2906948977155138,1.0572962433628053,0.4398233490057825,0.0179414118811339,0.0076114914084349705,0.0,0.0024505225844948316,0.2570247271341623,0.12080858366900142
luke4316live,181729410,307005,2757,636,168531,36988,4795414,True,False,Italian,0.2306855277475517,1078.3144347330758,28.45419537058464,0.21947297529831308,0.1242976498754092,0.9307277276843564,0.4883602330063228,0.18046364532290687,0.04276049377197272,0.20776362553736613,0.000719686805270708,0.10144084952516666,0.17025142232816767
VGBootCamp,181431360,77085,97791,1534,521938,24798,5491154,True,False,English,0.015686515118978228,347.61094229582824,10.520701692538195,0.047511390241752854,1.194006616073166,1.5343241459778014,0.0013137430332576022,0.04361597503481876,0.012859644662981179,0.03164780086258707,0.011846616944350116,0.843409503938215,0.15744888074603494
CapcomFighters,181252125,23850,84858,5684,348447,20205,12878708,True,False,English,0.06698248839237314,520.1712886034318,36.960306732444245,0.05798586298633652,14.29937106918239,1.3370284678607942,0.11751671265209965,0.07593343570212113,0.05694289218810491,0.042375315410903766,0.14816638178210956,0.6008845247014794,0.1736365437394697
Datto,181075290,71400,82047,2122,530822,89739,4566171,True,True,English,0.025863224737040964,341.12242898749486,8.602075648710867,0.16905667059767682,1.7831932773109245,1.1951312381691601,0.024367480063740427,0.04240079276311923,0.009660683609269102,0.15612936619690326,0.017975236060045186,0.4264578823484487,0.1128319068402543
NeverSayYesTwitch,180978855,115455,10771,1357,194933,176218,3381154,True,False,French,0.1259864450840219,928.4156864153324,17.345210918623323,0.9039926538862071,0.7052098220085747,1.1551416495186277,0.25118090789580855,0.15239029587447062,0.024238276416251512,0.9088198972678795,0.0067622360971980695,0.37730082908849727,0.2867820737733509
BeatportOfficial,180850230,27765,48457,5300,126546,124653,36484452,True,False,English,0.1093753224508327,1429.1264046275662,288.3098003887914,0.9850410127542554,11.453268503511616,1.2289819883184,0.21355101892983605,0.24616444090704565,0.47602259959838783,0.9918262184522819,0.11856170853211564,0.4680687911906768,0.4190324629350573
포셔 (portialyn),180674100,128385,4498,1349,39485,29698,2460689,True,False,Korean,0.2999110715873722,4575.765480562239,62.319589717614285,0.7521337216664556,0.6304474821824979,1.0432050119819773,0.6451798282753861,0.8354735536127068,0.09922489856481143,0.7532923643405909,0.005984570995225761,0.23970313331785698,0.4298097248510963
케인 (kanetv8),180360300,130365,10087,1313,141167,52606,7004305,True,False,Korean,0.13016754238128284,1277.637833204644,49.61715556751932,0.3726508319933129,0.6043033022667127,1.0536957150217026,0.26065252703475233,0.21779334607985362,0.07804589275269545,0.36464194545330525,0.005712623696793296,0.25259879104929106,0.19657418767778181
Sanchovies,180166830,141225,15588,1250,154845,145102,3924344,True,False,English,0.08018988965871184,1163.530175336627,25.343692079175952,0.9370790144983694,0.5310674455655868,1.0205945406266597,0.14743600553531347,0.1964230265140013,0.03757429351232737,0.9427055565724358,0.004950836811818818,0.21190929541772238,0.2568331690606032
GhostFreak66,179939730,107295,94791,1029,111646,89879,2471382,True,True,English,0.010855460961483685,1611.6988517277825,22.135875893448937,0.8050355588198412,0.5754228994827345,1.6297920897903209,0.0,0.280356988640907,0.03222584164562714,0.807472201506054,0.005412214674974933,0.9607631191409459,0.34770506093475145
RTAinJapan,179880525,16155,42822,8383,71730,44766,2700751,True,False,Japanese,0.19576385969828594,2507.744667503137,37.651624146103444,0.624090338770389,31.134633240482824,1.3282435569797877,0.40925067971370926,0.4481703132375146,0.05809553862963719,0.6221557156206331,0.3232839062420434,0.5900857056429638,0.4085069765144169
WankilStudio,179581950,17235,28866,10173,726730,274734,5141210,True,False,French,0.35242153398461856,247.10958677913393,7.074443053128397,0.37804136336741295,35.41514360313316,1.0242414582808792,0.7641340322261932,0.024793872081156427,0.007113633237795454,0.37016270102247867,0.3678090446393696,0.21639225539337445,0.2917342564333946
SLAKUN10,179262330,9555,48358,18906,1874932,1874846,5835029,True,False,Spanish,0.39095909673683776,95.61004345757605,3.1121283331875502,0.9999541316698419,118.71899529042386,0.9923358743687891,0.8514348269652413,0.0,0.0005071918666797843,1.0,1.0,0.17717243492053789,0.5048524089587432
Monkeynews,179083095,154965,72483,1288,80290,54112,4978021,True,True,English,0.01776968392588607,2230.453294308133,62.000510648897745,0.6739569062149707,0.49869325331526476,0.8972327301716897,0.006032834730569899,0.396238607962437,0.09869289207132989,0.673226957179115,0.004614085988126213,0.060267248289581576,0.20651210437019327
forever,178945815,29625,53702,5300,373484,360874,2863254,True,False,Portuguese,0.09869278611597333,479.12578584357027,7.66633644279273,0.9662368401323751,10.734177215189874,1.1396915213756866,0.18935141093028043,0.06824634855032034,0.008100508146315267,0.9725677755416743,0.11108184365146788,0.3583088164765966,0.2846094505494425
AlpTV,178729455,38625,33059,2913,576276,257474,6685553,True,False,Turkish,0.0881151879972171,310.1455812839681,11.60130388910869,0.4467893856416023,4.52504854368932,1.588499761697646,0.16538952397507845,0.03659938427804811,0.014661352897113665,0.4405715346791154,0.04649554669079603,0.9100046782623101,0.26895367013041027
Crocodyle_lol,178727670,96000,8810,1802,107835,77142,3657348,True,True,French,0.20454029511918276,1657.4179997217973,33.9161496731117,0.7153707052441229,1.12625,1.0331556950610432,0.42913231551269615,0.28891936579565225,0.0518673122409248,0.7156412287534072,0.011141824185450155,0.227350047832895,0.2873420157201709
WARDELL,178718460,127155,16215,1394,306435,288200,5304936,True,True,English,0.08596978106691334,583.2181702481766,17.31178227030202,0.9404930898885571,0.6577798749557626,1.0082615310328276,0.16052944158589325,0.08774098686522594,0.02418254020626827,0.9462021090300502,0.006268877881053781,0.19674898920008327,0.23694549079476246
Tiagovski555YT,178563045,76065,11245,2061,220585,130719,5057048,True,False,Portuguese,0.1832814584259671,809.4976766325906,22.9256205091008,0.5926014914885418,1.6257148491421811,1.139013107517119,0.3809737604302658,0.13011908359411892,0.033542597600221324,0.5899061622958214,0.016337172321200445,0.3574748787617246,0.25139227583389206
Altair,178537155,145605,3702,1183,42265,19448,2779740,True,True,French,0.3195569962182604,4224.231752040696,65.76931267005797,0.46014432745770734,0.4874832595034511,1.0364958717297632,0.689684584445033,0.7696375855712789,0.10497668610385162,0.45424910453085543,0.0044974815452870345,0.23145594759187466,0.37575023163136345
NiteNightKid,178419030,149040,29228,1127,28818,11998,1450208,True,True,English,0.0385589161078418,6191.235686029565,50.32299257408564,0.4163370115899785,0.4537037037037037,1.0622198574872084,0.0531275745606028,1.0,0.0792227479827903,0.4093834936544728,0.004146112369754259,0.2630770615019856,0.3014928316782676
fuslie,178245645,67560,45247,2504,336394,116757,7152158,True,False,English,0.055340685570314053,529.8716534777672,21.26125317336219,0.347084074032236,2.2238010657193605,1.0536465811007893,0.09114403711224534,0.07775014021734035,0.030767566841503283,0.3384575469953907,0.02255836309298118,0.2525383933595747,0.13553600793650591
Tyceno,177947595,42825,40407,4015,297359,250536,1623230,True,True,English,0.0993639715890811,598.4268006012934,5.458822500748254,0.8425371352472937,5.6252189141856395,1.0349257709159827,0.19087187618638274,0.09058929079922617,0.004419878901837942,0.8458797391950833,0.05793933115967798,0.22952590700053505,0.23653767054045724
Faux,177800325,151170,15167,1133,237909,29301,3248586,True,False,English,0.07470165490868333,747.3459389934807,13.654741939144799,0.12316053617139326,0.44969239928557253,1.0380948285631562,0.1350032718289153,0.11847917686273143,0.018085088527832107,0.10912447518469935,0.004104387465656488,0.233421459338103,0.10303630986798962
RiotGamesTurkish,177746055,23835,36258,7414,651994,49244,9998277,True,False,Turkish,0.20447901152849027,272.61915753825957,15.334921793758838,0.07552830240769087,18.663310258023916,1.0058477124647924,0.42899348716472,0.02957135756544166,0.020886483794738873,0.06034154423161975,0.19355933259379204,0.19378181169431558,0.15452233617410463
makataO,177510525,182775,12292,910,391656,137135,7336811,True,False,Russian,0.07403189066059225,453.2307050064342,18.73279357395265,0.35014145066078395,0.29872794419368076,1.0672494104172396,0.13348602613483507,0.0633966639365738,0.02655181890541226,0.3415887835800094,0.0025340809632604607,0.2692596207529921,0.13946949904551384
Drjayfisto,177159195,155340,4092,1105,130341,41353,6201998,True,True,English,0.27003910068426196,1359.1977581881372,47.58286341212665,0.31726778220206997,0.42680571649285437,1.0320913051912983,0.5775095706353108,0.23306805851572007,0.07465407942987014,0.30792095463561214,0.003866324096462697,0.2260416505404486,0.23717677297557074
CarTmaNzbs,176608230,96615,7809,1793,386948,65268,13183429,True,False,Russian,0.229606863875016,456.4133423612475,34.070285929892385,0.16867382697416708,1.1134916938363608,1.0194973240741199,0.48591668944509325,0.06399271488184205,0.05212430650199653,0.1557372738557346,0.011009114461719977,0.21056054604742394,0.16322344086563503
Th3Antonio,176072760,62175,13955,2419,223756,87872,5222867,True,False,Spanish,0.17334288785381582,786.8962619996782,23.341796421101556,0.3927134914817927,2.3343787696019302,1.1706862289943256,0.3584594900002045,0.1258862436395531,0.03423649547483151,0.38518927769510064,0.023708573500597508,0.3964089456502378,0.22064817099342085
BigEx,176005440,96870,21401,1569,256448,138235,1947938,True,False,English,0.07331433110602309,686.3201896680808,7.595840092338408,0.5390371537309708,0.9718179002787241,1.1580141014124505,0.13186050768185822,0.10705014756534782,0.007982968263930293,0.53504781986876,0.009535447835312775,0.3808317799058525,0.1953847785201769
BigSpinCR,175255470,92970,21815,1824,185784,81726,2995202,True,False,German,0.08361219344487737,943.3291887353055,16.121958833914654,0.43989794600180854,1.1771539206195547,1.0334843795112176,0.15518869717000955,0.15518332761641151,0.022198725358115606,0.433513611975277,0.011671318081862274,0.22775408197198402,0.16758496036227666
Maghla,175236000,77505,16695,2124,329065,234216,6831650,True,True,French,0.12722371967654986,532.527008341817,20.76079194080197,0.7117621138680807,1.6442810141281208,1.064483902441869,0.253983759127803,0.07824744060073023,0.029933138476995497,0.7119454612022014,0.016530294401389665,0.26586013035002437,0.2260833706931907
Becca,174842160,115200,11405,1500,357844,56356,4198030,True,False,English,0.131521262604121,488.5988307754217,11.731452811839796,0.15748762030381955,0.78125,1.0118180555555556,0.2637191675503435,0.07002048011377332,0.0148783526279048,0.14428083134805017,0.007553193053725379,0.2011208337547218,0.11692880974141984
SirhcEz,174824130,133410,5928,1279,579629,34334,3081725,True,False,English,0.2157557354925776,301.6138426476246,5.316719832858604,0.059234441340926695,0.5752192489318642,1.0245719149331198,0.45453913390028067,0.03500154251600022,0.00418294846838007,0.04365405686073049,0.00541009633669422,0.21679846800526842,0.1265977076812257
twlevewinsHS,174228915,102900,5425,1711,38410,31257,1353428,True,False,English,0.31539170506912445,4536.030070294194,35.23634470190055,0.8137724550898203,0.997667638483965,0.98958897410513,0.6802487716517563,0.8280318233084134,0.05406849808117075,0.816420163291701,0.009804332401313537,0.1737958179780511,0.427061567785401
코렛트 (collet11),174087030,136065,6144,1248,215304,73181,5543661,True,False,Korean,0.203125,808.5638446104114,25.748063203656226,0.33989614684353286,0.5503252122147503,1.0251924631609892,0.4259261867419338,0.129944193590173,0.03824850904412413,0.3310959742108392,0.005151152814499048,0.2175612746086151,0.19132121516836406
Zombie_Barricades,173823135,228765,4497,735,172386,60031,2219053,True,True,English,0.16344229486324216,1008.3367268803731,12.8725824602926,0.348235935632824,0.1927742443118484,1.0337860303127218,0.3360312518154958,0.1673580746080314,0.016780979413557464,0.33963723521257044,0.0014319686562535986,0.22812488509889361,0.18156073246746707
NBA2KLeague,173779995,28245,48495,4264,143535,42942,67586924,True,False,English,0.08792659037014125,1210.715121747309,470.8741700630508,0.29917441738948686,9.05788635156665,1.4429158542065423,0.16496228567681132,0.20525992144580518,0.7804155844962881,0.28939049119482907,0.09364535211806466,0.7310462009228151,0.3774533059757689
XBOCT,173672880,35970,20110,4473,318230,78529,5635774,True,False,Russian,0.22242665340626555,545.7464098293686,17.709750809163182,0.2467680608365019,7.461217681401168,1.0794254918818815,0.4696510505320707,0.08072319761420815,0.024846080587425594,0.23571810442604146,0.07703707705486046,0.2842270236509196,0.19536708897758767
shtan_udachi,173627565,87210,7220,1929,100852,22524,3970603,True,False,Russian,0.26717451523545704,1721.6075536429619,39.37059255146155,0.22333716733431166,1.3271413828689371,1.0320961558797939,0.5710203022846759,0.3009409190000081,0.06096160677199012,0.21172116853685502,0.013231462071417429,0.2260476132312581,0.23065384531603408
orslok,173607810,52005,21759,3082,327888,269085,5048873,True,False,Spanish,0.14164253871961027,529.4728992826819,15.3981633972576,0.8206613233787147,3.555811941159504,1.0831572814000252,0.2866473286885223,0.07767546070207895,0.020991927701964935,0.8234754525260698,0.036413712934721676,0.28881431204994334,0.2556696991005502
BRNWOWZK1,173484990,365670,6981,465,173713,87295,5330221,True,True,Portuguese,0.06660936828534594,998.6874327194856,30.684065095876534,0.5025242785514038,0.07629830174747723,1.0202805808515876,0.11667146766123117,0.16555093472227903,0.04647839723159155,0.4976528684243333,0.00022040577630145561,0.21152336153079065,0.1730162392244212
HellYeahPlay,173443275,103830,3946,1706,136885,31088,5014047,True,False,Russian,0.4323365433350228,1267.0729079154034,36.62963071191146,0.22711034810242173,0.985842242126553,0.9791643308641289,0.9451689324539456,0.21581472489141795,0.05639154988016318,0.2155855016226669,0.009681326646202831,0.1609813640087412,0.2672705665838563
홍방장 (game2eye),173015430,96045,5698,1669,183891,22221,5266599,True,False,Korean,0.2929097929097929,940.858606457086,28.639786612721668,0.12083788766171265,1.0426362642511322,1.079328733619567,0.6293195312277472,0.15472063182731427,0.043069933517886974,0.10674571624515186,0.0102720883734264,0.28410808391649267,0.20470599751800322
grafo,172499415,111105,7165,1544,414577,173024,5627155,True,False,Spanish,0.21549197487787858,416.0853472334452,13.573244535996931,0.4173506972166811,0.8338058593222627,1.0055570770122926,0.45394162566053714,0.05644000405214383,0.017949206384728997,0.41042166784930234,0.008099870134648334,0.19342454914423993,0.1900461538709334
xTheSolutionTV,172316145,78030,16093,2027,320629,103800,2778565,True,False,German,0.12595538432859008,537.4315642066064,8.665981555005942,0.32373865121370804,1.558631295655517,1.0894583067079624,0.251110544633559,0.07916597602698844,0.009767235120960411,0.31454814658649044,0.0156393806444788,0.2965598239970998,0.1611318511682628
Igromania,172086390,186960,6159,939,184078,13710,115312954,True,False,Russian,0.15245981490501706,934.8558219885049,626.4352828692184,0.07447929681982637,0.3013478818998716,0.9802395756007333,0.31115216865387296,0.1535964178632796,1.0,0.059267196817722384,0.0025613331082332607,0.16230310460594136,0.28148003684150824
Back2Warcraft,171822405,93345,8309,1697,94929,21267,4016790,True,False,German,0.2042363702009869,1810.009638782669,42.31362386625794,0.22403059128401226,1.0907922224007713,1.0846931342101473,0.42844382135259335,0.3174970454250054,0.06586857787570145,0.21243134418864723,0.010772998433118661,0.2907022534100407,0.2209526734475178
超負荷 (sam1268),171602475,35805,11861,4538,148702,20433,5691145,True,True,Chinese,0.382598431835427,1154.002468023295,38.27214832349262,0.13740904628048042,7.604524507750314,1.0561251327753554,0.8324950539668051,0.19463865766601984,0.05913015018551648,0.12371720010883543,0.07852773020971618,0.2555851437960176,0.2573489893221517
10000DAYS,171293220,131565,11193,1255,356683,158473,10528149,True,False,Turkish,0.11212364870901456,480.2393722156649,29.516823061373824,0.4442964761426813,0.5723406681108197,1.037423490395958,0.2197769203466986,0.0684549033228963,0.04453223277675011,0.43801840159362043,0.005380153830173681,0.2325962193905559,0.1681264718767825
iProMx,171223080,36000,8874,4576,151788,80190,1637792,True,False,French,0.5156637367590714,1128.0409518539016,10.789996574169235,0.5283026326191794,7.626666666666667,1.0393786421911422,1.0,0.1897765309050298,0.013308645051083505,0.5240539747174132,0.07875804916858813,0.23499958247005773,0.3401494637186955
짬타수아 (zzamtiger0310),171115545,90345,6217,1876,185684,46791,6693148,True,False,Korean,0.30175325719800544,921.5416783352362,36.04590594773917,0.2519926326447082,1.2458907521168854,1.009607361546198,0.6493530103964028,0.15110291733989564,0.055418294673562594,0.24106889118619035,0.01238630687434761,0.1984033463579616,0.2179554611380601
GingiTV,171013470,89805,6450,1713,156597,45047,5117439,True,False,English,0.26558139534883723,1092.0609590222034,32.679035996858175,0.28766196031852465,1.1444797060297311,1.1116611775406355,0.5674113394369026,0.1830381229913399,0.04980464949219284,0.2775999167452005,0.01133144647698779,0.3238526204692887,0.23550634926865208
venruki,170464680,133110,13179,1264,292558,44449,7127552,True,False,English,0.09591016010319448,582.6696928472303,24.362868217584207,0.1519322664223846,0.569754338517016,1.0131567686000633,0.18304780880735805,0.08763826687647261,0.03593894756053133,0.1385912714974164,0.005353251271051289,0.20276644179044692,0.10888933130054611
Pimpeano,170116395,21420,38592,6469,740343,665323,3744461,True,True,Spanish,0.16762541459369817,229.78051389693695,5.057738102474124,0.8986685900994539,18.12044817927171,1.2276923599861957,0.34550745245914893,0.02154844725874147,0.0037511433900594116,0.9033672150067991,0.18791257388062393,0.46648352035516727,0.32142839205842333
MatteoHS,169885590,141525,5827,1176,428553,221153,4537952,True,False,Italian,0.20181911789943366,396.41675592050456,10.589009994096413,0.5160458566385021,0.4985691573926868,1.0207421707421707,0.4229679159776942,0.052756429350664484,0.01297353637055649,0.5115011001380063,0.004612795163514378,0.21209076918866726,0.2028170910315172
nugiyen,169858440,159135,8448,996,121984,22377,3448935,True,False,English,0.11789772727272728,1392.4649134312697,28.273667038300104,0.1834420907660021,0.3755302101988877,1.0716724944835425,0.23285718831120017,0.2392984005617803,0.04245949551025946,0.17086230864683769,0.003332965029270006,0.2746966804067077,0.16058450641100924
HighDistortion,169501845,105630,20179,1397,1677690,61126,5125402,True,False,English,0.06923038802715695,101.03287556103929,3.0550351972056817,0.03643462141396801,0.7935245668844079,1.1486580059473408,0.12260897616320976,0.0,0.00041199941423295303,0.020303439991549658,0.007680871004014724,0.3693308343196701,0.0867226868154462
LuquEt4,169456620,153855,4958,1081,74404,45202,2807619,True,True,Portuguese,0.21803146430012102,2277.5202946078166,37.73478576420622,0.6075211010160744,0.4215657599688018,1.0188757624697449,0.4596944400307299,0.40505341370118686,0.05823419554943162,0.6051861990255529,0.0038118189628073363,0.20979649375477313,0.2902960935040803
THump,169365870,92055,8063,1885,250786,115028,2168664,True,True,English,0.23378395138285998,675.3402103785697,8.647468359477802,0.45866994170328484,1.228613328988105,0.9760389756613903,0.495379225035991,0.10499379420022402,0.009736367724124634,0.4527391006370005,0.012206590067055078,0.15713953273861028,0.20536576840050091
MaTaFe_,169215480,153525,8535,1096,116653,106957,4182011,True,True,English,0.1284124194493263,1450.5883260610528,35.85000814381113,0.9168816918553316,0.4283341475329751,1.005658271495762,0.25667657173602987,0.25018387420451393,0.055091670604589034,0.9220203079901363,0.0038822225753417454,0.19354894208703793,0.28023393153294146
rxnexus,169026750,112095,6765,1475,255944,23213,5862326,True,False,Russian,0.2180339985218034,660.4052058262745,22.904721345294284,0.09069562091707561,0.7895088987019938,1.0222972191414517,0.45970018091186293,0.10219673547547854,0.033507752033891565,0.07587527408475377,0.0076391007087854845,0.2140023066554134,0.1488202249783643
VaporaDark,168943005,70650,5041,2338,101359,22193,7610128,True,False,English,0.4637968657012497,1666.778529780286,75.08093015913732,0.2189544095738908,1.9855626326963907,1.0227830962279263,1.0,0.2906724253395353,0.12050211993732975,0.20723253232736424,0.02008024756393898,0.21459956925859613,0.3088478157377941
PaymoneyWubby,168861240,30600,16622,5485,302419,126399,2668187,True,False,English,0.3299843580796535,558.3684887523601,8.822815365436696,0.41795985040622446,10.754901960784315,1.0060786101131427,0.7133061347590531,0.08308708681506907,0.010028727063638533,0.4110455369320071,0.11129741891882233,0.1940656417706072,0.25380509104319954
RTGameCrowd,168832200,38685,20354,4259,861594,308499,3736356,True,False,English,0.2092463397857915,195.95331443812282,4.336562232327523,0.3580561145968983,6.60566110895696,1.0247195888623422,0.4397931204554982,0.015213218966799592,0.0025487133861000163,0.34969464958301255,0.0681377235742082,0.21697999563405515,0.18206123693327894
다주 (dda_ju),168767490,108690,9137,1466,205041,52071,3755880,True,False,Korean,0.16044653606216483,823.0914304943889,18.3177023131959,0.2539540872313342,0.8092740822522771,1.0591689294446311,0.3292448308406642,0.13266495009908374,0.02585972949008865,0.2430777304974362,0.007844694775489255,0.2593267195419352,0.16633644254078286
Bawkbasoup,168736395,130215,7853,1259,94820,27795,2313340,True,True,English,0.1603208964726856,1779.5443471841384,24.397173592069183,0.29313435983969627,0.5801174979841032,1.0292527141752519,0.3289602140868039,0.31179144223156746,0.0359961455524295,0.2832045182281655,0.005461047087534238,0.22255232308128362,0.19799428171129738
견자희 (wkgml),168416325,76140,10656,2210,415795,150813,6013389,True,False,Korean,0.2073948948948949,405.0465373561491,14.462388917615652,0.3627099892976106,1.7415287628053586,1.0008731534075714,0.43559896288953964,0.05437263277214295,0.01943169342647228,0.354460952362668,0.01754184888948614,0.18766685345712122,0.17817882396623838
Werlyb,168339975,57105,37980,2399,204348,146852,5349362,True,False,Spanish,0.06316482359136387,823.7906659228375,26.17770665727093,0.7186368352026934,2.5206199106908325,1.228804730278453,0.1088683927435915,0.13279590436487893,0.03896486160251747,0.7189862617208542,0.0256458220713789,0.46785089740370694,0.24885202331782133
TSM_Hamlinz,167898480,11055,51989,15483,2137521,126150,2268382,True,False,English,0.29781299890361423,78.5482247893705,1.0612209189991584,0.05901696404386202,84.0325644504749,0.9809184511992888,0.6404269741862466,0.0,0.0,0.04343132575768798,0.8735191605725166,0.16313760991297782,0.2867525117382381
DougisRaw,167875230,153960,22641,1076,127151,74509,2149900,True,True,English,0.04752440263239256,1320.2824201146668,16.908242955226463,0.5859883131080369,0.4193296960249415,1.0133662753131456,0.07343747593781007,0.22577991303818207,0.02350971156583492,0.5831332230732562,0.003788559807208889,0.20302397713904236,0.1854454767602224
Mmorpg,167774640,182925,4994,908,235167,19566,3055373,True,False,English,0.18181818181818182,713.4276492875276,12.992354369448094,0.08320044904259526,0.2978269782697827,1.0101070526123763,0.37765893713425036,0.11212688899979265,0.016980677355712393,0.06819903421223138,0.0025247092694543048,0.1990175897443667,0.12941797278596795
BreaK,167534355,115560,9531,1432,309300,18289,3880016,True,True,English,0.15024656384429755,541.6564985451018,12.544506951180084,0.059130294212738445,0.7435098650051921,1.0124027748771587,0.3061383960445315,0.07995723051985361,0.01623397298689908,0.043547393751278744,0.007160626609209833,0.2018395978081696,0.10914620295332374
berkriptepe,167325930,32790,24573,4103,622358,281667,5508199,True,False,Turkish,0.16697187970536767,268.8580045568628,8.850531366191163,0.4525803476455673,7.507776761207685,1.243713400968073,0.34402697183021597,0.028866961010028388,0.01007493846958887,0.44650239446185797,0.07752137665850721,0.48617732545299797,0.2321949946471994
Xposed,167309220,111240,8580,1475,266853,147449,2220313,True,True,English,0.17191142191142192,626.9714786792729,8.320359898520909,0.5525476573244446,0.7955771305285868,1.0196869800522919,0.35521672876965227,0.09593519749670981,0.009190973674926075,0.5488847095517294,0.007702221420807034,0.21079367995388998,0.2046205851446191
무굴 (moogrr1211),167186250,188805,2008,879,37162,10214,3006979,True,False,Korean,0.43774900398406374,4498.849631343845,80.91542435821538,0.27485065389376245,0.27933582267418766,1.0073912870177828,0.9574300118375371,0.8210685933481013,0.13023008113696385,0.2644791154021786,0.002332367424144394,0.19567924497814213,0.39520323568784455
BoarControlHS,166892040,153345,3622,1064,79204,39363,2852825,True,False,English,0.2937603533959139,2107.1163072572094,36.01869855057825,0.49698247563254383,0.41631614985816295,1.0228792660512673,0.6312463423986928,0.3731398004256432,0.05537293127188738,0.4919771868997701,0.003757213414191523,0.21471778565660132,0.2950352100111311
Dementardo,166850715,35445,15476,4663,547154,465321,2419659,True,False,Spanish,0.30130524683380716,304.94287714244984,4.422263201950456,0.8504388161285488,7.893355903512484,1.0095031441637823,0.6483381132920553,0.035625011022228335,0.002691604214133516,0.8539723084992186,0.08153210510435863,0.19827523752786605,0.3034057299433101
CrReaM,166587645,142350,8098,1150,165906,6207,1614843,True,True,English,0.14201037293158805,1004.1086217496654,9.733481610068353,0.0374127517992116,0.48472075869336145,1.0176243185046043,0.28748059931449155,0.1665662262826039,0.011547097909734003,0.021305200003124185,0.004468746483233404,0.2082581609105957,0.11660433848396379
Xiuder_,166422960,172080,13675,909,312280,298759,3022408,True,False,Italian,0.06647166361974406,532.9286537722556,9.67851927757141,0.9567023184321762,0.3169456066945607,1.0639444697607836,0.11635951937265843,0.0783226615925638,0.011455458185753109,0.9628029193294115,0.0027235779800660045,0.26519703473116196,0.23947686186526917
SmallAnt,166352115,96720,11518,1821,255156,218287,2695198,True,False,English,0.15810036464664004,651.9623877157503,10.56294188653216,0.8555040837761997,1.129652605459057,0.9445002847943008,0.3239299480473159,0.10061554693450474,0.012930072527714208,0.8591599426366401,0.011177217506839572,0.1183707141780817,0.2376972403051827
Naowh,165590085,120435,11693,1333,103636,48833,5069397,True,False,English,0.11399982895749594,1597.8046721216565,48.91540584352928,0.4711972673588328,0.6640926640926641,1.0314577959473055,0.22402711197970987,0.27775485777751047,0.07687585232521371,0.4655690608171808,0.00633454243648769,0.2252629116561912,0.21263738949871566
Tonton,165536760,133530,9738,1237,147542,76656,3954958,True,False,French,0.1270281371944958,1121.9636442504507,26.805641783356602,0.519553754185249,0.5558301505279712,1.002180393458856,0.2535406977377993,0.1886383600932518,0.040011829571637056,0.5150937413032803,0.005208414243510784,0.18927377343287052,0.1986278027303916
逼比 (bebelolz),165015915,64650,7592,2488,260119,26670,6966348,True,False,Chinese,0.32771338250790305,634.3862424505706,26.781388518331994,0.1025299958864981,2.309048723897912,1.0259044807185862,0.7081615963376305,0.0973238498821721,0.03997139164967269,0.0879955433097954,0.02344509468731794,0.21843651954565824,0.1958889992353745
踢虧 (takesipon),164981160,111600,8103,1534,57634,11867,3983662,True,False,Chinese,0.18931260027150437,2862.566540583683,69.11999861193046,0.205902765728563,0.8247311827956989,0.963706523110569,0.3946363648789349,0.5146220918329186,0.11056334738459221,0.19386558750404587,0.00800547689785541,0.14197991126402243,0.2272787966270616
Vargskelethor,164759730,58395,6577,2809,287063,60041,2147906,True,True,English,0.4270944199483047,573.9497253216193,7.482350564161874,0.2091561782605212,2.886206010788595,1.004439237316259,0.9332937253807041,0.08600517321643357,0.007793745052972167,0.19719759581790633,0.029448586303659135,0.1920504488514308,0.240964879103851
핑맨 (95pingman),164673495,47430,26738,3449,195423,97696,3424139,True,False,Korean,0.12899244520906575,842.651555855759,17.52167861510672,0.4999206848733261,4.363061353573688,1.0066474180839482,0.25799052898132707,0.13632821107149018,0.024532504304017783,0.4949863772566584,0.04481058357952189,0.19476484685520862,0.19223550867470396
LobosJr,163736505,121335,12709,1332,375646,27173,3970888,True,True,English,0.10480761664961838,435.87980439030366,10.570824659386764,0.07233672127481725,0.6586722709852887,1.0131067215070182,0.20320359895561343,0.06014715117073529,0.012943215622189686,0.0570728610367793,0.006278160432280983,0.20270492158728043,0.09039165146747985
ZONY,163669320,147990,7172,1118,260125,140806,3739750,True,False,Polish,0.15588399330730618,629.1948870735223,14.376741950985103,0.5413012974531475,0.4532738698560714,0.989220491980735,0.3189091069369228,0.0963516020465733,0.019288892638637065,0.5373666606649891,0.004141641311414889,0.17334286269580207,0.19156679438238988
Monstercat,163589370,519675,14261,313,788684,22331,4084222,True,False,English,0.021947969988079376,207.42067799017096,5.17852777538279,0.02831425513894031,0.036137970847164094,1.0057242399748798,0.01549808545807103,0.017360850670611508,0.003952538268737614,0.011986902302522294,0.0,0.19363003359487535,0.040404735049136296
k1ng,163381335,36540,52558,4365,706537,614383,6210317,True,False,Spanish,0.08305110544541269,231.24243316344368,8.789797278840316,0.8695694634534356,7.167487684729064,1.0243530133149756,0.15391764044577524,0.02182223854048753,0.009973675390890877,0.8735651130728483,0.0739817477494143,0.21652938400453414,0.2249649665339917
DuelLinksMeta,163307010,89910,5792,1886,88697,33306,6092699,True,False,English,0.32562154696132595,1841.1785066011253,68.69115077172847,0.37550311735458924,1.258591925258592,0.9630639830357045,0.7034228715030131,0.32333441583669725,0.10984832136730849,0.3675631361857805,0.012518422310132405,0.14119007126447172,0.2763128730779006
Esports_Alliance,163208925,37110,27040,4293,117084,55445,8254877,True,False,Thai,0.15876479289940829,1393.9472942502819,70.50388609886919,0.47354890505961533,6.940986257073565,1.0244530538989134,0.3254351058821975,0.23957602392564972,0.11287072885044858,0.4679775092673006,0.07162571854748782,0.21665235852062031,0.23902290749895075
lolesportsla,163132800,40950,37187,4586,186208,71514,5283711,True,False,Spanish,0.12332266652324737,876.0783639800653,28.375316849974222,0.38405439078879533,6.7194139194139195,0.8686670213054862,0.24514653600624056,0.14258845324129354,0.04262897814065991,0.37632099086820503,0.06932096089863439,0.025152956806977454,0.15019314599366848
Vovo,162887760,150555,7268,974,141898,92033,3786059,True,True,Portuguese,0.13401210787011558,1147.9214647140905,26.681552946482686,0.6485856037435341,0.38816379396233935,1.1107960095899791,0.26936178622582785,0.19349979471477938,0.039804933935232455,0.6472427360150645,0.0034643774118751514,0.322789115980636,0.2460271240472359
goncho,162817050,61770,18091,2431,442412,236558,6156791,True,True,Spanish,0.13437620916477808,368.0213240147193,13.9164195365406,0.5347006862381671,2.361340456532297,1.0842696999597836,0.27018660051400495,0.04743847378681521,0.018521388475594855,0.5306065922049228,0.023989024367502235,0.29018174843112937,0.19682063796332824
MenosTrece,162738420,107700,7132,1481,470873,190155,5465173,True,False,Spanish,0.20765563656758274,345.6100052455758,11.606469260288868,0.40383500434299696,0.8250696378830084,1.0202799057325942,0.43618963219038753,0.04324123538110938,0.014669965217000869,0.39657946352374324,0.008008997449922103,0.21152253164327658,0.18503530423423994
swimstrim,162723510,108540,13314,1383,137885,62796,2964244,True,False,English,0.1038756196484903,1180.1393189977155,21.49794393878957,0.4554229974253907,0.7645107794361525,1.0840225241591512,0.2010923061523807,0.1995336214940784,0.03116220577742906,0.4494137168369716,0.0073790745376783335,0.2898779084966295,0.19640980554919463
AnneMunition,162714930,99345,37236,1586,621921,65910,10222790,True,False,English,0.042593189386615105,261.632795805255,16.43744141136897,0.10597809046486611,0.957874075192511,1.0327095819357015,0.062266586949525436,0.02751380888302176,0.022724735354512738,0.09152693678948552,0.009390406546038257,0.22680166493118456,0.07337068990896138
Reverse2k,162618315,181665,14160,925,380488,155158,3906784,True,False,English,0.06532485875706215,427.39407024663063,10.26782447803873,0.40778684216059374,0.3055073899760548,0.9677350275715398,0.11376161310218545,0.05855792522578681,0.012438017758062657,0.4006267696473645,0.0026045996014937003,0.1469319354040171,0.1224868101231517
erobb221,162559230,82470,10391,2028,244207,88737,2352357,True,False,English,0.19516889616013858,665.6616313209695,9.63263542814088,0.3633679624253195,1.4754456165878502,0.9719584241858076,0.40790288327793106,0.10318116977808822,0.0113789551862265,0.355134820773233,0.014774097405012438,0.1521235299992942,0.17408257606996422
voicetv,162510660,514845,1874,314,3660,1328,4001475,True,False,Thai,0.16755602988260407,44401.81967213115,1093.299180327869,0.3628415300546448,0.036593537860909596,1.0052537610571433,0.34535027229546805,1.0,1.0,0.35459567087492067,0.0,0.19305169913339917,0.482166273717298
FFearFFul,162232935,36165,116245,5305,727059,492841,2041776,True,False,Arabic,0.045636371456836855,223.13585967576222,2.8082672795467767,0.6778555798085162,8.801327250103691,0.8456003762209884,0.06916043789111571,0.02030402259203473,5.586540930837774e-07,0.6772198147399429,0.09097666812201448,0.0,0.14294358366653345
Cryaotic,162138405,85785,7169,1727,813371,24644,2326058,True,True,English,0.2408983121774306,199.3412661626736,2.859774936652524,0.03029859682727808,1.2079034796293058,1.0944154193809215,0.5114956918561605,0.015847721614387668,8.643833324126809e-05,0.01401918162097126,0.011991169747801985,0.30265333633126545,0.14268225658397135
Dmitry_Lixxx,161818335,51600,26715,3006,347824,332931,8549523,True,False,Russian,0.11252105558674902,465.230504508027,24.58002610515663,0.9571823680942085,3.4953488372093022,1.0432515782388712,0.22067718320151505,0.06564401135274639,0.03630101896422436,0.9632945660078593,0.03578478604441326,0.23976037471611814,0.2602436567144794
Sweatcicle,161489220,137880,14550,1023,160000,120954,2372907,True,True,English,0.07030927835051547,1009.307625,14.83066875,0.7559625,0.4451697127937337,1.1448975563773847,0.1250530327132064,0.16753990642782313,0.02004573327256704,0.757213638115122,0.004057343252486506,0.36470831565844763,0.23976966157327542
tebtv,161468685,69315,13639,2177,76050,59909,10310607,True,False,English,0.15961580761052863,2123.191124260355,135.57668639053256,0.7877580539119,1.8844405972733174,1.0700465023717391,0.32736294602852717,0.3761503255975573,0.22136782470648161,0.7897773074738562,0.01902839340619227,0.27269793564494793,0.3343974554762605
_연두부_ (lovelyyeon),161371665,140535,4282,1115,108382,74892,5389852,True,False,Korean,0.2603923400280243,1488.915733239837,49.73013969109262,0.6910003506117252,0.4760379976518305,1.0298356329216618,0.5556563497307679,0.25736191076090825,0.07823427329311478,0.690682136277667,0.004378429884442201,0.22326887378436558,0.30159699562187764
pankylol,161208750,51015,17394,3141,284563,166114,7887006,True,False,Turkish,0.18057951017592272,566.5133907078573,27.716203441768606,0.5837512255634077,3.6942075860041164,1.006057453933479,0.37485292110554563,0.08461248099871656,0.04153002603917423,0.5808420920763976,0.0378532808175753,0.1940396356153653,0.21895507277546244
Alkaizerx,161185890,103950,12430,1312,153870,21706,3152805,True,True,English,0.10555108608205953,1047.5459153831157,20.490056541236108,0.14106713459413792,0.7572871572871573,1.1818672350684545,0.20488781216685403,0.17470125300531766,0.02948173628642338,0.12746366034227105,0.007303935652670505,0.410153155821764,0.1589985922125501
hastad,160672260,85545,10888,1812,868738,188163,4991368,True,False,Portuguese,0.16642174871418075,184.9490410227249,5.745538931185236,0.21659349539216657,1.2709100473435033,1.036544802917329,0.34278073648705243,0.013152315747235917,0.004897926563797961,0.2048145832955268,0.012646553314185448,0.231516096072377,0.1349680352466959
미라지 (mirage720),160163880,94005,30706,1638,352412,122225,5107789,True,False,Korean,0.05334462320067739,454.47907562739067,14.493799870605995,0.34682417170811436,1.0454763044518909,1.0401589970761824,0.08662227136544928,0.06363046138369446,0.0194840654953282,0.33819136596354854,0.010301629986991015,0.2359588308129405,0.125698104167992
Tanxlive,159875505,161010,6899,971,244133,40087,7067999,True,True,Thai,0.1407450355123931,654.8705213961242,28.951428115002887,0.164201480340634,0.3618408794484815,1.0226095621543487,0.28461417615693435,0.10116018826052067,0.04358953921787489,0.15115688448948703,0.0031905709466514983,0.21438625314344886,0.13301626870248623
Rogue,159761910,121005,7289,1186,169330,147217,2431075,True,False,English,0.16271093428453834,943.49441918148,14.357024744581587,0.8694088466308392,0.5880748729391347,1.1132308651970606,0.33437446931027687,0.1552142723181321,0.019256017771971008,0.8734006160768542,0.0055438183440282476,0.3257821531884843,0.28559522450162445
easywithaces,159655155,107910,18686,1388,90359,35096,3279762,True,True,English,0.07428020978272504,1766.898206044777,36.29701523921248,0.3884062461957304,0.7717542396441479,1.0659376129163032,0.13404855409879787,0.3094230466087635,0.055836973887384754,0.38077797818665565,0.007454419774790861,0.2676470985491923,0.19253134518426415
BeyondTheSummit_PT2,159647175,104955,126254,796,178612,137968,4834852,True,False,Portuguese,0.006304750740570596,893.8211038452064,27.0690211184019,0.7724453004277428,0.455052165213663,1.910931138470687,0.0,0.14591135047690607,0.04045096685838094,0.7740946292348941,0.004160138836289251,1.0,0.3274361809010784
CarritosKami,159557775,104955,14634,1681,165439,67444,6694660,True,False,Spanish,0.11486948202815361,964.450794552675,40.466032797587026,0.40766687419532277,0.9609832785479491,0.9043720360480828,0.22599717440176317,0.1591390258972687,0.06278805476340472,0.4005039035018163,0.009422747948809816,0.06904321351072591,0.1544823533372981
dizzy,159505395,49125,19262,2997,795869,122263,4572893,True,True,English,0.15559131969681236,200.41664520166006,5.745786052729783,0.1536220156834856,3.6604580152671757,1.083393113214996,0.3182461008470064,0.016049120838128997,0.0048983385941668185,0.14032184163908215,0.03750222354154941,0.28910420743221954,0.1343536388153589
EAMaddenNFL,159449055,19995,57179,5697,241924,72319,5152605,True,False,English,0.09963448119064691,659.087378680908,21.298444966187727,0.29893272267323623,17.095273818454615,1.3997623945217479,0.19148467319570783,0.10194993006596247,0.03082957741263537,0.2891429576293643,0.17724888510765505,0.6779999709499452,0.24477599906021172
TobiasFate,159172080,127740,4681,1233,701822,49134,5210466,True,False,English,0.2634052552873318,226.79836197782345,7.424198728452514,0.07000920461313552,0.5791451385627054,1.010594436616043,0.5624816359666963,0.020989943642979868,0.0076967874106871614,0.05468911634065115,0.005450932770749154,0.1996167047199086,0.1418208534752787
PUBG,159140235,32865,35922,4647,733628,78929,4783744,True,False,English,0.12936362117922165,216.92224806032485,6.520667150108775,0.10758722404270284,8.483797352806937,1.042014316642697,0.25883136983550853,0.01914032448131216,0.006190312327009651,0.09317494373812688,0.08767377631131157,0.23823947549629537,0.11720836703159403
BananaSlamJamma,159071145,113595,5152,1263,170181,23267,2546439,True,True,English,0.2451475155279503,934.7174185132301,14.963121617571879,0.1367191402095416,0.6671068268849861,1.1087377658199176,0.5211215945603173,0.1535704973724825,0.020266574413641988,0.12301062732054922,0.006365895243538743,0.3202590274740733,0.19076570273076718
Dyrus,158999070,138300,11338,1123,1474090,111,3724340,True,True,English,0.09904745104956783,107.86252535462556,2.5265350148227044,7.530069398747702e-05,0.48720173535791755,1.023747013248909,0.1901548486247695,0.0,0.0,0.0,0.004494553179162415,0.21578446067502713,0.06840564374649317
Mushway,158995065,56820,9611,2638,310100,233686,3178181,True,False,French,0.2744771615856831,512.7219122863593,10.248890680425669,0.7535827152531441,2.785638859556494,1.060736770600748,0.5875633004543314,0.07453830100707494,0.012406449083511453,0.7547763626439572,0.028402503956585536,0.26125398245748793,0.28649014993382477
bazattak007,158951265,87330,11217,1630,391413,322355,4835861,True,False,Spanish,0.1453151466524026,406.0960290026136,12.354880905846255,0.8235674338869685,1.1198900721401581,1.116639339252634,0.29496704504835464,0.0545691837511542,0.015917805938221744,0.8264517687108086,0.011075669301063627,0.32997200725648185,0.2554922466676808
IFrostBolt,158035530,169260,6210,897,199618,106749,2723926,True,False,English,0.14444444444444443,791.6897774749772,13.645693274153633,0.5347664038313178,0.31797235023041476,1.0408974813441314,0.2929946059705508,0.12678398319064865,0.01807000151961185,0.5306738974004963,0.002734257991129956,0.23686660985534186,0.2013538926546299
Kandyland,157882170,86745,9203,1748,405554,202294,11207571,True,True,English,0.18993806367488864,389.29999457532165,27.63521257341809,0.49880903652781133,1.2090610409821891,1.0412312819354133,0.3960532539683336,0.05142358747955732,0.04139498845100369,0.4938478737644145,0.01200321050347688,0.23727693299187722,0.2053333078597772
감블러 (9ambler),157852620,89715,11279,1692,144116,77889,3731059,True,False,Korean,0.15001329905133434,1095.3164117794,25.88927669377446,0.5404604624052847,1.1315833472663435,1.0398875398573022,0.3056099712984919,0.18364781095665852,0.03848395693486882,0.5365055127648862,0.011197300753671313,0.2356251430352815,0.21851161595730972
Sco,157847640,57690,15241,1790,375911,32463,10361325,True,False,English,0.11744636178728429,419.9069460590406,27.56323970301481,0.08635820712881506,1.861674466978679,1.5285671538593388,0.2318346907067122,0.05715572103101586,0.04127498673931804,0.0714330772649,0.018791584003513308,0.8363327427677643,0.20947046708553727
ProfessorBroman,157325925,154635,12676,955,732192,22714,3579571,True,True,English,0.07533922372988325,214.8697677658319,4.888841997727372,0.03102191774835016,0.37055000485013095,1.0653421830871108,0.13644758384079483,0.018755931701586,0.0034695397586760155,0.014759976493716997,0.0032811617830180327,0.26691516864408726,0.07393822703697984
Paoloidolo,156901800,125115,7659,1205,183900,57927,4585217,True,False,Italian,0.15733124428776601,853.1908646003262,24.93320826536161,0.31499184339314845,0.5778683611077808,1.0407142441402042,0.3221876266916194,0.13830203474014435,0.03688988617938414,0.30559003380750566,0.00543765194952299,0.23664136620326606,0.17417476659524042
1PVCS,156821940,53835,23081,2256,71596,31807,8056327,True,False,French,0.09774273211732594,2190.37292586178,112.52481982233644,0.44425666238337336,2.514349400947339,1.291228220982553,0.18719921283565255,0.38873227317282644,0.18293301683744825,0.4379776260154492,0.025580597298980975,0.5445847414056925,0.2945012445943416
강퀴 (kangqui),156544635,112755,10809,1400,57130,18133,3877756,True,False,Korean,0.12952169488389306,2740.147645720287,67.8760021004726,0.31739891475582005,0.7449780497538911,0.991686368041962,0.2591894609824212,0.4916952265110906,0.1084892087561136,0.30805525508322557,0.0071758984164455,0.17637403168164656,0.2251631802384905
AkTep,156236730,94545,6300,1541,222796,51862,4273193,True,True,Russian,0.2446031746031746,701.2546455053053,19.17984613727356,0.2327779672884612,0.977947009360622,1.0723632834317744,0.5198884757030753,0.10984710352559325,0.02729719799771986,0.22139003887768022,0.009599201782156357,0.27554583015456763,0.19392797467346543
햇살살 (hatsalsal),156211005,119040,3915,1302,77861,25730,5576914,True,False,Korean,0.3325670498084291,2006.280487021744,71.62653960262519,0.3304606927730186,0.65625,1.0078774396400079,0.7191568171682591,0.3542550582235975,0.11474255001480886,0.3214325788992464,0.006252964382810605,0.1962768462826223,0.28535280249522416
PardonMyTake,156004485,25140,141406,6728,143916,143806,3300371,True,False,English,0.04757931063745527,1083.9968106395397,22.932620417465746,0.9992356652491732,16.057279236276848,0.9223289235453872,0.07356186139805129,0.18152785250482,0.03355426867823627,1.0,0.16645184257964118,0.09111665074464949,0.25770207931756633
Sweet_Anita,155731920,57600,21594,2690,972070,510063,7927278,True,True,English,0.1245716402704455,160.20648718713673,8.155048504737314,0.5247183844784841,2.8020833333333335,1.0050851920693928,0.2479758898353777,0.0085184787881651,0.008915346899114324,0.5203831384842511,0.02857355656684756,0.19284448633155624,0.16786848281755198
Draineo,155593140,124095,7777,1169,102225,65702,175788,True,False,English,0.15031503150315031,1522.0654438738077,1.7196184886280264,0.6427194913181707,0.5652121358636528,1.0725601343461477,0.30629349877041484,0.2635702575362218,0.0,0.6412349103306942,0.0053060040540992255,0.27578780840962497,0.24869874651684254
Cerbero_Podcast,155187570,57120,19298,2647,179420,132867,4071398,True,False,Italian,0.13716447300238366,864.940196187716,22.691996432950617,0.7405361721101327,2.7804621848739495,1.026395626252012,0.2765029742434541,0.14050247400424792,0.033153071812630615,0.7414146417454739,0.028348657069847592,0.21904025836767976,0.239827012873889
cellinrj,154982550,87945,7136,1711,245715,122045,3621969,True,True,Portuguese,0.2397701793721973,630.7411024967951,14.740528661253892,0.4966933235659199,1.167320484393655,1.0299630377747582,0.5089400841987357,0.09664118048793617,0.0198954410182715,0.49168104951156716,0.01156903235614606,0.22342548572663798,0.2253587122165491
SkyshockTV,154727730,94275,6213,1605,114154,32991,3059244,True,False,Spanish,0.25832930951231287,1355.4297703102825,26.799271160011912,0.28900432748742927,1.0214797136038185,1.0225783091324099,0.550982878168736,0.2323623819066782,0.040001207712295,0.27897471275496183,0.010052021543592016,0.21434783548235692,0.22112017292810335
Evangelion0,154595850,85635,8533,1777,120494,28322,3446723,True,False,Spanish,0.208250322278214,1283.016996696931,28.60493468554451,0.23504904808538185,1.2450516727973375,1.0159190441929746,0.4375367992515706,0.21880076701000806,0.04301182424847242,0.22371598433416795,0.012377578914440027,0.20616195879928711,0.19026748542632435
AnthonyZ,154524165,117735,7416,1216,199617,23303,2812219,True,False,English,0.16396979503775622,774.1032326906025,14.088073661060932,0.11673855433154491,0.6196967766594471,1.0793374407400205,0.3372262205984506,0.12349033849472503,0.01880759060488223,0.102547351419532,0.005872743990796701,0.28411878711195726,0.14534383870339065
mokrivskyi,154332060,27105,29983,5864,308815,304008,8255635,False,False,Russian,0.1955774939132175,499.7557113482182,26.73327072842964,0.9844340462736589,12.980630879911455,0.97098557904647,0.40882849730292087,0.07210996391927292,0.03989116395945471,0.9912045889049325,0.1344490713534884,0.15092766372654956,0.2995684915277698
CaMaK,154277370,87375,9437,1759,151886,7578,3019137,True,True,French,0.18639398113807354,1015.7445057477319,19.87765165979748,0.04989268266989716,1.2078969957081545,1.0038046392922237,0.3880246917036656,0.16874541884615196,0.028460662184397044,0.034086620437531676,0.011991102303160538,0.1912703715883519,0.13709647784387644
Uthenera,154125945,77475,9460,2106,411346,99872,4832180,True,False,Turkish,0.2226215644820296,374.6868694481045,11.747239550159719,0.2427931716851507,1.6309777347531462,0.9446170945686918,0.47009259095659234,0.04868681100320878,0.014904674151691603,0.23164719009566473,0.01639191595930542,0.1185143021592235,0.15003958072094772
Corobizar,153988380,83325,11200,1787,272635,84933,4345590,True,False,French,0.15955357142857143,564.8151557943771,15.939222770370643,0.3115263997652539,1.2867686768676867,1.034160808358396,0.3272219597346787,0.08429443203095195,0.021894046104820448,0.3020408721607933,0.012811512072495517,0.22858557961898146,0.16280806695378688
roflgator,153963765,110910,14329,1281,106365,46487,1449834,True,True,English,0.0893991206643869,1447.5040191792414,13.630743195600056,0.4370516617308325,0.6929943197186909,1.083674084753826,0.16829807174588668,0.24960623879480542,0.01804507497428703,0.43059856730714996,0.006635172526742612,0.28944959065232445,0.1937721193335327
QuarterJade,153857655,61980,12144,2286,277256,167202,3921702,True,False,English,0.18824110671936758,554.9299383962835,14.144696598089851,0.6030599878812362,2.2129719264278798,1.0859036951213625,0.3922090645522187,0.08244310795049868,0.01890199908582882,0.600617314536316,0.022445720233876275,0.29219033091208896,0.2348012562118046
kutcherlol,153784695,138060,6802,1093,198818,36059,5070320,True,False,German,0.16068803293149073,773.4948294420022,25.50231870353791,0.18136687825046022,0.47501086484137334,1.0191194369129457,0.32979190406256714,0.1233763954685477,0.03783877464717294,0.16873696324815535,0.004367745824210251,0.21009602965866028,0.14570130215155228
DieHahn,152767545,125025,8048,1229,231584,44782,3418935,True,True,German,0.15270874751491054,659.6636425659804,14.763260847036065,0.1933725991432914,0.5898020395920816,0.9942196751861996,0.31171608637798787,0.10205785396527253,0.019933342816392547,0.18103271776309973,0.005561784036841122,0.17948809007572922,0.13329831250588717
chowh1,152754465,143415,8221,980,113551,84231,4175567,True,True,French,0.11920690913514172,1345.2498436825742,36.772613187026096,0.7417900326725436,0.4099989540843008,1.086859136500537,0.23582293416756328,0.23045586406856183,0.05662994723264707,0.7426987930104414,0.0036915030216718653,0.2933648036773198,0.2604439741963675
cacho01,152494320,54645,18552,2669,269080,250197,2516244,True,False,Spanish,0.14386589047003018,566.7248401962241,9.35128586294039,0.9298238442099004,2.930551743068899,1.0455737312750053,0.2916839828237124,0.08465208169881734,0.010909855798958831,0.9352751162325809,0.029909863044007633,0.2426148727073968,0.2658409620509123
natalan,152469705,60510,9561,2240,529357,462674,2737155,True,True,Spanish,0.23428511661960047,288.0281265762047,5.1707165485674125,0.8740301913453492,2.221120475954388,1.124885681528437,0.49651453615424557,0.03245718134514006,0.003939514464310224,0.8781336030124809,0.022530480055642153,0.3401087928582022,0.29561401798167014
DreamHackDota2_RU,152461155,6135,98717,22356,203419,30231,3637232,True,False,Russian,0.22646555304557472,749.4931889351535,17.88049297263284,0.1486144362129398,218.64058679706602,1.1116051176319535,0.4788005432140551,0.11888131829914916,0.02513076218701256,0.1351932893069459,1.0,0.32378370903484227,0.3469649370070009
DuendePablo,152343585,133290,10121,1101,514073,118567,4216188,True,False,Spanish,0.10878371702400949,296.34620958502,8.20153557957722,0.23064234067924205,0.49561107359891965,1.038100223171986,0.21221082976775352,0.03401500923675515,0.00899285566763766,0.21920281990458038,0.004582025680637382,0.23342809064096243,0.11873860514972108
小夜夜 (albislol),152033250,208485,3740,706,146276,10939,4554443,True,True,Chinese,0.18877005347593584,1039.3588148431731,31.135955317345292,0.07478328639011185,0.2031800848981941,1.0329018717999359,0.3934073103395808,0.17316795578298133,0.04723184224172401,0.05957853015327956,0.001540208434456281,0.2270380365323061,0.15032731391405466
UCCleague,152021685,131070,14003,1378,226974,46807,9915656,True,False,Russian,0.09840748411054774,669.7757672684977,43.686307682818295,0.20622185801016857,0.63080796520943,0.8416916618968382,0.1887051040536769,0.10395167371777764,0.06815727925258772,0.19419238840148953,0.005988320678161723,0.0,0.09349912768394891
貝克 (slrabbit99),151739370,112845,5944,1329,106235,2495,4838617,True,True,Chinese,0.22358681022880214,1428.336894620417,45.54635477949828,0.023485668564973878,0.7066329921573841,1.0117913792736135,0.47227920357020076,0.2460165798303357,0.07125857053313336,0.007041666968665836,0.006777039670246645,0.20108804203426517,0.16741018376780792
Stewie2K,151271895,24735,27416,5296,875087,289867,5771575,True,True,English,0.19317187044061862,172.8649779964735,6.595429940108812,0.33124363634701465,12.8465736810188,1.1547776140075738,0.4033789352133023,0.010889187282855482,0.006314965723770536,0.3222344367860691,0.13305463124514635,0.37685333978917557,0.20878758267338657
jorbs,151128345,117795,4084,1243,70609,20603,1410877,True,False,English,0.30435847208619,2140.3552663258224,19.981546261807985,0.29178999844212494,0.6331338342034891,1.0321621787472728,0.6552547154851974,0.37936486183347745,0.028633887595670798,0.28182767981325824,0.006012513970568662,0.2261287715957864,0.26287040504899317
BlackFIreIce,150698280,139980,3044,1070,108895,6130,4424196,True,False,Polish,0.35151116951379763,1383.886128839708,40.6280912805914,0.05629275907984756,0.4586369481354479,1.0061402630282297,0.7620717445222236,0.2376917479353603,0.06305825790029142,0.04064130958248971,0.004197427136560535,0.19414142838739507,0.21696698591072014
kurt0411,150579045,37710,26941,4083,142446,114789,2221662,True,False,English,0.15155339445454882,1057.0956362411018,15.596520786824481,0.80584221389158,6.4964200477326965,0.9779769660218719,0.30909881550846563,0.17648974459574096,0.02132265268403318,0.80829834371183,0.06700141669544865,0.15952180018827053,0.25695546223063154
Herdyn,150266550,123060,4254,1180,410224,91098,5639711,True,True,Czech,0.2773859896567936,366.3036536136355,13.747881645149967,0.22206891844455712,0.5753291077523159,1.034816625209695,0.5941527935159437,0.04711678490049678,0.01824038210003358,0.210422281352031,0.005411239069399054,0.22939174004663204,0.18412253683075605
Frankkaster,150181140,30975,49127,4886,826222,356711,5878239,True,True,Spanish,0.09945651067641012,181.76850773762985,7.114599950134467,0.43173747491594267,9.464406779661017,0.9923174281611047,0.19108150895221676,0.012556658856521989,0.007180587582532737,0.4251560006253394,0.0978739082454314,0.1771497599882821,0.1518330707083874
SayNoToRage,150150330,137820,8014,1010,168463,17619,1552234,True,False,English,0.12602944846518593,891.2955960656049,9.214094489591186,0.10458676385912634,0.43970396168915976,1.0786801122428307,0.25127832530064614,0.1454383681256378,0.01068111405865914,0.09010199858319237,0.004000489442132498,0.28331076849921233,0.13080184400158004
MiltonTPike1,149975130,81960,8838,1845,200012,25768,2185519,True,False,English,0.20875763747454176,749.8306601603904,10.926939383636983,0.12883227006379616,1.3506588579795022,0.9917927444281763,0.43868604213720325,0.11894452061231847,0.013536972356179058,0.11493322654895252,0.013476086834667679,0.1765047944591394,0.14601360715807674
H0llyLP,149766195,130860,4958,1116,151000,11875,3846703,True,True,German,0.22509076240419523,991.8291059602649,25.474854304635763,0.07864238410596026,0.5116918844566712,1.0255165784988964,0.4756861709751069,0.16426649301810253,0.03779298274169233,0.06353085576427957,0.004749295531267832,0.21795969218342706,0.16066424836897933
MarkitoNavaja,149407365,28410,26584,5070,665430,641813,3159593,True,False,Spanish,0.1907162202828769,224.5275460980118,4.7481974061884795,0.964508663570924,10.707497360084478,1.037272378881509,0.39781604552693844,0.020564660520589282,0.003235040403162914,0.9707978497748033,0.11080432435111678,0.23241046612290223,0.28927139778325217
RobertoCein,149162865,114120,15249,1270,730326,422842,2907888,True,True,Spanish,0.08328414978031347,204.24148257079716,3.9816301213430716,0.5789770595597035,0.6677181913774973,1.0291892289094777,0.1544455657787051,0.016765444338173282,0.001956928445306594,0.575952592002296,0.006372254552671082,0.22247428405422198,0.16299451152856234
KVYZEE,149052375,161580,8354,849,127963,74894,6715483,True,False,Russian,0.1016279626526215,1164.8083821104537,52.47988090307354,0.5852785570829068,0.3152617898254734,1.0865347143949962,0.19600059230161757,0.19666241173790544,0.08281896819664422,0.5824063207965496,0.002706063204307947,0.2929660090095342,0.22559339420775984
MarketTradersTV,148900110,499215,1357,297,30413,12081,981536,True,False,English,0.21886514369933677,4895.93627724986,32.273567224542134,0.39723144707855196,0.03569604278717586,1.004271048981244,0.4615830097510586,0.8954358065298774,0.04912860383164921,0.38981637784369244,0.0,0.19184370396554865,0.3313012503203044
Flambass,148717500,130395,5507,1138,71953,26918,2319131,True,True,English,0.20664608679861993,2066.8700401651076,32.23119258404792,0.3741053187497394,0.5236397101115841,1.002210331444588,0.43390265577400794,0.3656023957925057,0.04905795180175409,0.3661315696301372,0.004873574775040702,0.1893105745905915,0.23481312039400618
Aa9skillz,148596180,49035,11843,2885,502696,142789,2373012,True,False,English,0.24360381660052352,295.5984929261422,4.720570682877923,0.2840464216942247,3.5301315386968493,1.0504022610383874,0.5176245871323004,0.033874975305260284,0.0031889778511630176,0.273897034114451,0.03614658977022108,0.24855032497773855,0.18554708152518906
Limmy,148371105,90600,6575,1641,207508,136263,2433739,True,True,English,0.24958174904942965,715.0139030784355,11.728410470921602,0.6566638394664303,1.0867549668874172,0.997958662744006,0.5311666540513039,0.11242396590994583,0.01487328007604368,0.6555161253641286,0.010731003590156487,0.18408422663826274,0.2514658759383069
SparkofPhoenixTV,148192215,92400,15792,1462,433078,195208,3537808,True,False,German,0.09257852077001014,342.1836597564411,8.16898572543514,0.45074559317259244,0.9493506493506494,1.096998529855917,0.1755005032488581,0.04259954226941203,0.008938584687610303,0.44462331607945393,0.009301747324806221,0.30582861528462885,0.1644653848157949
kyliebitkin,147948870,127485,6688,1142,85336,25720,2468122,True,True,English,0.1707535885167464,1733.7216415112027,28.922400862473047,0.30139683134902034,0.5374749970584775,1.016217010386923,0.35259383909236564,0.3032096705792628,0.04354114153733784,0.2916665941228362,0.005017487069110172,0.20652823263604966,0.2004261608394937
CoconutB,147918285,122565,4596,1171,188378,62459,2691775,True,True,English,0.25478677110530895,785.2205936999013,14.28922167132043,0.3315620720041618,0.5732468486109411,1.030619839111494,0.5429578138875956,0.12557242099415258,0.019142968440975922,0.3225605651963526,0.005389579765111934,0.22423285632935364,0.20664270076892374
FanHOTS,147664290,134550,2104,1090,64587,27948,2451118,True,False,English,0.5180608365019012,2286.2850109155092,37.95064022171645,0.4327186585535789,0.48606465997770343,1.006851175682448,1.0,0.4066948880062337,0.05859409371982647,0.42616088764962956,0.004482725515079649,0.19501531512606554,0.34849131833613917
Pelegrino1993,147243720,129210,6236,1074,80566,64799,1772816,True,False,Portuguese,0.17222578576010264,1827.6161159794453,22.00451803490306,0.8042970980314277,0.4987230090550267,1.0610512789582072,0.3559288706869683,0.32079442310459283,0.03200682623356225,0.806715901017787,0.004614395502253915,0.2616405906872806,0.2969501678720741
Killars,146865810,210810,4232,642,46971,15728,1747381,True,False,English,0.15170132325141777,3126.7337293223477,37.20127312597134,0.33484490430265484,0.18272377970684503,1.0851617282160886,0.3094339249603654,0.5640958725382222,0.05734465995865437,0.3259227039980387,0.0013274254383700826,0.29127827085069624,0.25823380962405784
Weak3n,146770110,115470,2922,1260,188176,30028,4780580,True,False,English,0.43121149897330596,779.9618973726724,25.40483377263838,0.1595740158149817,0.6547155105222136,1.008783357458338,0.9426203211801589,0.12458756140530149,0.0376762362003116,0.14641762990061774,0.006237002885096725,0.19739044239469936,0.24248819899436427
Tourva,146412075,116070,5067,1185,287553,182413,7888629,True,True,English,0.23386619301361752,509.1655277461894,27.43365223106697,0.6343630565495753,0.6125613853708969,1.064482585257914,0.4955655305315391,0.07387225391135421,0.04105892312590893,0.6326766012168993,0.005798522868144153,0.2658585112065419,0.2524717238100646
wintergaming,146245920,195615,7019,719,260779,13900,3609065,True,False,English,0.10243624447927055,560.8040524735504,13.839553798427021,0.05330183795474329,0.22053523502798866,1.0398069467227518,0.19783162781087607,0.08354322425595,0.01839322879414924,0.03757813393013862,0.0017207337447505942,0.23552607422409408,0.09576550379332643
Vicens,146199795,26115,30628,5739,730679,724245,4110592,True,False,Spanish,0.18737756301423533,200.0875829194489,5.625715259368341,0.9911944916988171,13.185525560022976,0.9754848047844995,0.390252841938073,0.01598749336930429,0.004698142316790458,0.9981283528422616,0.1365803508542797,0.15645832024731668,0.28368425026133764
PainLivestream,145610160,89775,15002,1635,435872,81619,2283772,True,True,German,0.1089854686041861,334.0663314000441,5.239547390059467,0.18725451508699803,1.0927318295739348,0.9920156149803663,0.21266786628048065,0.04107931212677074,0.004054277412481238,0.17476683332937967,0.010793173895973533,0.17677875725730213,0.10335670338373132
monkeys_forever,145475145,80460,6738,1563,79270,34329,2106144,True,False,English,0.2319679430097952,1835.1853790841428,26.569244354736973,0.4330642109246878,1.1655480984340045,1.1567773927555711,0.49126534333463223,0.3222120104466492,0.03961767972165205,0.4265147878581334,0.011550596299820744,0.3793115603846033,0.2784119963409152
Kaydop,145291695,64830,23304,2268,193058,117412,3185925,True,False,French,0.09732234809474768,752.5805457427301,16.502424141967698,0.6081695656227663,2.099028227672374,0.9881473687389158,0.18624689886855908,0.1194595249053003,0.022833082275486725,0.605850329208712,0.021260497321940398,0.1720237299381838,0.1879456770863637
しゃるる (syaruru3),145193595,103995,3710,1309,33726,9684,3022192,True,False,Japanese,0.35283018867924526,4305.093844511653,89.61015240467296,0.2871375200142323,0.7552286167604212,1.066584707916446,0.7650597752433148,0.7847816064823611,0.1447269636757579,0.27706280703751346,0.007282523065365687,0.26844253767371673,0.37455936886300495
primeleague,144858945,30510,19013,4427,73409,71211,5606593,True,False,German,0.23284068795034976,1973.3131496138076,76.37473606778461,0.9700581672546963,8.705998033431662,1.0724908318246462,0.49324240990225027,0.3480808666854821,0.12265930670446493,0.9764814180989835,0.08998506987647194,0.2757026185425756,0.38435861496837137
LRojo_,144763395,111435,11178,1192,100767,82320,3959878,True,False,Spanish,0.10663803900518877,1436.6151120902678,39.29736917840166,0.8169341153353776,0.6418091263965541,1.0898353405527585,0.20735013327011712,0.24756694162087348,0.0608395200738586,0.8196582027718827,0.006102752879672551,0.29702329144987644,0.2730901403443802
trihex,144608640,121515,21721,1157,431935,29678,5777172,True,True,English,0.05326642419778095,334.7925961082107,13.375095789875791,0.06870941229583155,0.5712874953709418,1.028563222505155,0.086445123808284,0.04121532849230576,0.017618829277776485,0.05335792370368727,0.005369198907039159,0.22170476800775102,0.07095186203280728
Spaceboy,144599880,123015,10590,1107,135311,27050,2614773,True,True,English,0.10453257790368271,1068.6483730073683,19.324171722919793,0.19990983733768874,0.5399341543714181,1.0618477245212237,0.2025805418811794,0.17865336517273017,0.02753783474349002,0.1877278822402303,0.005043066803866773,0.2626196184362778,0.14402705154629575
Froggen,144496815,46710,10648,3024,770030,31800,3577064,True,False,English,0.28399699474079637,187.65089022505617,4.645356674415282,0.0412970923210784,3.884393063583815,1.022978768864286,0.6091289870434935,0.01365832368703034,0.0030635721294281102,0.025283378234624124,0.03983155770350125,0.21484009911978336,0.1509676529863101
BotanicX,144361350,71445,9135,1937,34119,11512,9335252,False,False,Russian,0.2120415982484948,4231.113162753891,273.6086051760016,0.33740730971013216,1.6267058576527398,1.0431565117926853,0.446125339409355,0.7709263504863818,0.4515110221182244,0.32854701187087293,0.016347480622628835,0.23964351464038117,0.37551678652464066
dinablin,144307800,60870,29316,2413,293748,239896,11129949,True,False,Russian,0.08231000136444262,491.2639405204461,37.889446055802935,0.8166727943679617,2.378511582060128,0.9824923605646023,0.15223878556673096,0.07051960741156708,0.05849206354354406,0.8193905688252305,0.024167635485287536,0.16507233215213804,0.2149801654974164
RiceGum,144167385,12300,29173,11696,903261,388376,2273737,True,False,English,0.40091865766290746,159.60767153679834,2.517253595583115,0.4299709607743498,57.05365853658537,1.0021311225851657,0.8739966477448334,0.008406331347337188,0.0,0.42334681112092803,0.592889184739306,0.18921320739446174,0.34797536372447774
ipav999,144114480,191400,2536,737,163956,82668,2920832,True,False,English,0.290615141955836,878.982653882749,17.814730781429162,0.5042084461684843,0.23103448275862068,1.0216407276810588,0.624121359946985,0.14313237469662668,0.025021115656807185,0.4993777220808934,0.001829945128129831,0.21319531696704103,0.2511129724127472
Lutti,143841150,89220,37121,1153,226344,163441,3727211,True,False,French,0.031060585652326177,635.4979588590818,16.467019227370727,0.7220911532887994,0.7753866845998655,1.3982718687719122,0.03614128478946707,0.09753205444407771,0.022774050999814173,0.72252402905548,0.007492203847406411,0.6761677477102839,0.2604385618077549
kragiee,143449350,121890,6298,1137,234312,65977,3136101,True,False,English,0.1805335026992696,612.2151234251767,13.384295298576257,0.28157755471337365,0.5596849618508491,1.0350707664746384,0.3747486983942761,0.09317159658420988,0.01763416779053188,0.2713685243650095,0.005248511333134566,0.2297041422522547,0.16531260678656942
Puppers,143414790,98595,6798,1458,171425,64591,1753517,True,False,English,0.2144748455428067,836.6037042438384,10.229062272130669,0.3767886830975645,0.8872660885440438,0.9976576246051259,0.4516374789277742,0.13519555683908896,0.01237338880785384,0.3688797585635242,0.00865595431695102,0.1837141766246072,0.19340938567996657
Crayator,143191365,75165,4911,1796,599828,177501,3865293,True,False,English,0.3657096314396253,238.72070826970398,6.4440022806537876,0.2959198303513674,1.4336459788465377,1.0607055346833847,0.7942361296486673,0.02322278546089658,0.006062487557631875,0.2860572800011445,0.014339304705611592,0.2612155858221319,0.23085559553268062
MANvsGAME,142696875,65775,5831,2103,510330,2336,2713787,True,True,English,0.3606585491339393,279.6168655575804,5.317710109145063,0.004577430290204377,1.918358038768529,1.0316071247514682,0.7827936961348007,0.03088190288199161,0.004184599574536471,0.0,0.019381196845201457,0.22544647353384945,0.1771146448283966
TheRealMarzaa,142547775,93015,12525,1505,495558,258153,2909149,True,False,Italian,0.12015968063872255,287.6510418558473,5.870451087461004,0.5209339774557166,0.9708111594904048,1.018288765985124,0.23798128834273838,0.03238656013418892,0.00510619493602555,0.5165073079404672,0.009524975889415558,0.20907493050714707,0.1684302096249971
foggedftw2,142444290,111675,8622,1220,242205,109500,3438208,True,True,English,0.14149849222918118,588.1145723663839,14.195446006482113,0.45209636464978015,0.6554734721289456,1.0455125565623313,0.28632101399200954,0.0886579952408604,0.018986614522728613,0.44600671942836956,0.00624488707239693,0.24253967391914827,0.1814594840292522
Linkus7,142322655,121755,7248,1121,96728,41862,1866513,True,False,English,0.15466335540838852,1471.3697688363245,19.296511868331816,0.43278058059713836,0.55242084513983,1.0427534111126997,0.3161439435209261,0.25407586604313975,0.0274917169510922,0.4262243056029093,0.005172951230602261,0.239148004627304,0.21137613132932895
Arcadum,142213980,134700,13801,992,120586,78642,2169921,True,False,English,0.07187884935874211,1179.357305159803,17.99480039142189,0.6521652596487154,0.4418708240534521,1.0642974531216323,0.12860864927615742,0.19938716431553882,0.025321349082271776,0.6509088690737102,0.00402302877470833,0.2656309382159102,0.21231333312304948
ImMarksman,142168560,77430,11141,1889,633443,152094,1311402,True,False,English,0.16955390000897586,224.43781050544405,2.070276252164757,0.24010684465689888,1.463773731111972,0.9719912320949464,0.34987613323117595,0.020547854652118804,0.0,0.22889596690956124,0.014652688443897475,0.15216385899969928,0.12768941703940878
LightFuryLF,142094850,111315,15139,1169,51589,32663,4989684,True,False,Thai,0.07721778188783936,2754.36333326872,96.719920913373,0.6331388474287154,0.630103759601132,1.0919685644592387,0.14070316225418703,0.4943575700508178,0.1565812135611967,0.6314228177115675,0.005980995651584698,0.2996455490105291,0.28811521803998047
BarcaGamer,141736230,119565,57917,1234,636568,548578,3012949,True,False,Spanish,0.02130635219365644,222.65685676942604,4.733114137059984,0.861774390167272,0.6192447622632041,0.9606421739095957,0.014044601133388042,0.020214313931173282,0.0032098917867037827,0.865581726784908,0.0058680422141754104,0.1382130713948824,0.17452194120753847
EFEUYGAC,141455130,38910,14481,3700,358498,297215,5234400,True,True,Turkish,0.2555072163524618,394.57718034689174,14.600918275694704,0.8290562290445135,5.705474171164225,0.982552459938736,0.5445898694238216,0.05241190981001181,0.019662666013713206,0.8320731619151339,0.0587741326485995,0.1651462090844815,0.27877632481596026
Xnapycz,141426165,87885,4388,1572,94551,44450,4521040,True,True,Czech,0.35824977210574294,1495.7659358441476,47.81588772197016,0.47011665661917906,1.073220686123912,1.0236758697934105,0.7773369901603525,0.2586448309564509,0.07504260521589069,0.4644623447357726,0.010590222311045129,0.21569700784670226,0.3002956668710357
SilentSentry,141219225,125760,5572,1085,301633,13533,1896110,True,False,English,0.19472361809045227,468.182277801169,6.2861490619395095,0.044865780600928946,0.5176526717557252,1.0349552142329475,0.4068941757575977,0.06619682559623348,0.005799295936474294,0.028938278712578987,0.004811298623647468,0.22956210008851186,0.12370032911917396
球球 (lilballzlolz),141185625,78015,6328,1724,118276,9831,4212219,True,False,Chinese,0.2724399494310999,1193.6963120159626,35.61347187933308,0.08311914505055971,1.3258988656027686,1.0497239509981795,0.5829483163337561,0.20207260335178223,0.054697289270983045,0.06811576608230584,0.013218537618828796,0.24771651488119942,0.1947948379231426
DaigoTheBeasTV,141183435,57525,27261,2225,173271,42313,4166521,True,False,Japanese,0.08161842925791424,814.8128365392939,24.04626856196363,0.24420128007571953,2.320730117340287,1.1030548320466431,0.15067213759505016,0.13111451779960615,0.035411075038834214,0.2330893155003296,0.023566602548678033,0.3132733022492676,0.14785449178862764
UncleBjorn,141021495,134805,4265,975,111003,26514,7886426,True,False,Russian,0.22860492379835873,1270.4295829842438,71.04696269470195,0.2388584092321829,0.4339601646823189,1.072938175655434,0.4836469515912627,0.21644336998185368,0.11377621060643785,0.22761737184250166,0.003940743445746826,0.27625251428438263,0.22027952695869754
AnniTheDuck,140975745,53220,7894,2533,460463,263210,7336341,True,True,German,0.3208766151507474,306.1608533150329,15.932530952541246,0.5716203039114978,2.855693348365276,1.0457655675634054,0.6926739738441375,0.03585311613382216,0.021882888711912307,0.5684181122085186,0.029131198795589192,0.24285068675210944,0.26513499607434815
StRoGo,140812395,29385,45087,4621,272944,258332,5978117,True,False,Russian,0.1024907401246479,515.9021447622955,21.90235726009731,0.9464652089805967,9.435426237876468,1.037001110959036,0.19795507913502566,0.07513390156162378,0.03183649166478473,0.9523185022850008,0.0975724575948161,0.23207701103714842,0.2644822405463999
재슥짱 (pikra10),140512860,124170,4659,1068,77376,42516,2973636,True,False,Korean,0.2292337411461687,1815.9747208436725,38.43098635235732,0.5494727047146402,0.5160666827736168,1.0595663067939658,0.4850714385149032,0.31861419840370925,0.05939498379903971,0.5457354723861529,0.00479480143687713,0.2598151941720757,0.278904348118793
貝莉莓 (beryl_lulu),140500785,81990,15901,1739,156726,49522,9765341,True,False,Chinese,0.10936419093138797,896.4740055893725,62.30836619322895,0.3159782039993364,1.2725942188071715,0.9854129884841986,0.21352580222112963,0.14640819143490041,0.09920618537288453,0.3066002228653023,0.012664071778375832,0.16866250317016832,0.15784449614046017
purple_hs,140426535,111810,5460,1149,88792,18850,1512076,True,False,English,0.21043956043956044,1581.522378142175,17.029417064600416,0.212293900351383,0.6165817011000805,1.0930713306772983,0.4424961744094506,0.2747054758858136,0.023711747422615153,0.2004111188466144,0.005840341506361866,0.30100112028654696,0.2080276630595671
Harmii,140304750,116130,7200,1159,333858,168452,3556031,True,False,German,0.1609722222222222,420.2527721366569,10.651327810027018,0.5045618196957988,0.598811676569362,1.0424242653888152,0.330435690258822,0.05722048805832102,0.013077440029508565,0.49973963238871466,0.005655500743340274,0.23874340346922077,0.1908120258246546
Zerkaa,140243025,51000,11192,2571,529504,373720,2530852,True,False,English,0.22971765546819156,264.8573476309905,4.779665498277633,0.7057925908019581,3.0247058823529414,1.0695695197565607,0.4861676703957263,0.02811770965760715,0.0032875077411059646,0.7058317266878358,0.03088923833506695,0.27211160653755695,0.25440090989248315
iklooode25,140170155,21360,42463,7265,418710,354335,1443848,True,False,Arabic,0.17109012552104186,334.766676219818,3.44832461608273,0.8462539705285281,20.40730337078652,0.903272288252898,0.35335621081065494,0.041210474161681394,0.0010677382112082123,0.8496863656024848,0.21170005137052675,0.06769135261981135,0.25411869879606125
聶寶 (nielnieh345),140168070,186015,5455,728,93991,18742,4755073,True,False,Chinese,0.13345554537121906,1491.2924641721015,50.590726771712184,0.1994020704109968,0.23481977259898396,1.0350700625880047,0.26810098131224214,0.25780702987467785,0.07966914621328948,0.1872078487047897,0.001869319067155133,0.2297032770022257,0.17072626702906332
akagreenn,140084580,51600,21136,2902,117916,114861,3514645,True,True,Turkish,0.1373012869038607,1188.0031547881542,29.806345194884493,0.974091726313647,3.374418604651163,0.9354987739009184,0.2768129046458278,0.2010063770215772,0.04501495843987136,0.9806124196817375,0.03452689039999338,0.10730564035917053,0.2742131984246963
Spraggy,139893270,81585,30415,1674,99807,35453,3037728,True,False,English,0.05503863225382213,1401.6378610718687,30.436021521536567,0.35521556604246196,1.2311086596800882,1.0243091456609121,0.09045978277180207,0.24101632928017683,0.046064829545230834,0.3467854791945868,0.012232546071128121,0.21647545985377495,0.15883907111944992
TpaBoMaH,139724325,92445,6813,1531,151266,85717,7804776,True,False,Russian,0.22471745193013357,923.6994764190234,51.59636666534449,0.5666640223183003,0.9936719130293689,0.9872187671459214,0.4748404947376257,0.15150703425431392,0.08134586839901127,0.5633420970053596,0.009762769546936178,0.17088224988038636,0.24194675230393883
Day9tv,139556325,64500,5597,2140,496790,13344,2495558,True,False,English,0.3823476862604967,280.916131564645,5.023366009782806,0.026860444050806176,1.9906976744186047,1.011057922190828,0.831927029255189,0.031125232122910174,0.0036938341576491364,0.010497970116744484,0.020133661391727512,0.20018644264054658,0.18292736161412781
Sologesang,139273200,123390,5120,1072,58531,26062,4569358,True,False,German,0.209375,2379.477541815448,78.067314756283,0.4452683193521382,0.5212740092389982,1.0529137681396084,0.44008457996018757,0.42414817907970226,0.12548137477878774,0.439013722544121,0.004848967158229948,0.25163758574994505,0.28086906821182894
karavay46,139258050,33045,48331,4037,354734,301941,8457221,True,False,Russian,0.08352817032546399,392.5703484864716,23.841021723319447,0.8511758106073847,7.330004539264639,1.043892563915421,0.1549983559917569,0.052036066163990105,0.03506886314958533,0.8547271072548723,0.07567222033960662,0.24054830397731625,0.2355084861461879
RaulZitoYT,139249440,131460,6545,839,78971,76729,2725303,True,False,Portuguese,0.1281894576012223,1763.2984260044827,34.51017462106343,0.9716098314571172,0.3829301688726609,1.262518842659509,0.2561714866931299,0.3087488723134954,0.05285774113640681,0.9780705673298296,0.003409938136719801,0.5092938447770977,0.35142540839777986
JonBams,139067415,88830,5577,1522,309837,75728,1940922,True,True,English,0.2729065805988883,448.8405677824146,6.26433253613997,0.2444123845764063,1.0280310705842621,1.0286107705027379,0.5840053959435867,0.062574469903604,0.005762920835352028,0.2333055198532889,0.01012016764102698,0.22176321620710626,0.18625528173066078
Japan_ASMR,138935670,509670,496,271,67707,32649,1272641,True,False,Japanese,0.5463709677419355,2052.0133811865835,18.796298757883232,0.48221011121449775,0.031902996056271705,1.00590136574154,1.0,0.3628200097898136,0.026657702285217477,0.47684795241972716,0.0,0.19384776478539897,0.3433622382133595
OuterHeaven,137995935,94575,6955,1101,137954,7924,1037346,True,True,English,0.15830337886412651,1000.3039781376401,7.519506502167389,0.057439436333850416,0.6984932593180015,1.3252646826005627,0.324389844866527,0.16585368471140452,0.007855695842692856,0.0418156882098913,0.006692371558155831,0.5864239353808605,0.18883853676158865
Yamikazexz,137528370,74490,12411,1643,201657,161100,5719244,True,False,English,0.13238256385464509,681.9915500081822,28.361247068041276,0.7988812686889124,1.3233991139750303,1.123716500444042,0.2656703102358305,0.10623947092413194,0.04260551933033962,0.8011692363331063,0.013192535628936386,0.3386715813545183,0.2612581089678105
aircool,137305080,128055,12620,964,153703,120570,1628826,True,False,English,0.07638668779714738,893.3142489086094,10.597229722256559,0.78443491668998,0.45168091835539415,1.1122771902827673,0.13882044914420558,0.14581642562987138,0.01298724127690914,0.7863738900643609,0.0041250717017144315,0.3246098518436448,0.2354554882767844
Lapi,137258130,171570,8684,789,130323,16992,6792456,True,False,French,0.09085674804237678,1053.214935199466,52.12016297967358,0.13038373886420662,0.27592236404965903,1.0139574331531367,0.17160009759921035,0.17576295883088708,0.08221920378138424,0.1165221756572758,0.002296861209979647,0.2037506557172951,0.1253586587993387
robn_live,137249820,133545,73664,656,66223,63975,1502917,True,False,English,0.008905299739357081,2072.540054059768,22.6947888195944,0.966054089968742,0.29473211277097605,1.5666800448190936,0.0,0.3666642877911292,0.033157727611059444,0.9723806105084658,0.002492517006620918,0.8831828723645448,0.3763130025469701
과로사1 (aram4519),136944300,81570,14167,1592,301329,179604,5711063,True,False,Korean,0.11237382649820005,454.4677080533238,18.952915252099864,0.596039544816463,1.1710187568959176,1.054557912770916,0.22034365882890045,0.06362833244077305,0.026918831892511087,0.5934272719490242,0.01160750115566844,0.25365864442885633,0.19493070678262225
Ezekiel_III,136597425,109890,18804,1190,190452,8969,4018240,True,True,English,0.06328440757285683,717.2275691512822,21.09843950181673,0.04709323084031672,0.6497406497406497,1.0445695886872357,0.10913929146880458,0.11283854589758816,0.03049610456465083,0.031219539586644453,0.006185255232120735,0.24138053416245858,0.08854321181871122
RebeuDeter,135843000,18510,24675,7141,215360,194128,2560454,True,False,French,0.28940222897669704,630.7717310549777,11.889180906389301,0.9014115898959881,23.147487844408428,1.0277129103810103,0.6213736961232774,0.09664691666803517,0.015141335627204424,0.9061764800591682,0.24020298270011647,0.22065952498863806,0.35003348936107326
nookyyy,135590925,149220,7393,683,206681,78987,2481667,True,False,German,0.09238468821858514,656.0396214456094,12.00723336929858,0.3821686560448227,0.2746280659429031,1.3304019849042252,0.1750614060518065,0.10137913975009423,0.01533816670450401,0.374389700635893,0.0022833981419227286,0.5927389451490404,0.2101984594055435
BrookeAB,135540690,48705,24357,2777,737161,247335,6936235,True,False,English,0.11401239889970029,183.8685036240387,9.409389536342808,0.3355237186991715,3.421004003695719,1.0021212345369854,0.22405558720922344,0.012949950455158081,0.011006733139329527,0.3266179171597709,0.03501146377186329,0.18920105254797703,0.13314045071388705
innocents,135250410,83790,13654,1557,534759,279080,3488587,True,True,English,0.1140325179434598,252.91843615535223,6.523662060853581,0.5218799496595663,1.1149301825993556,1.0367111926067119,0.22410116374245903,0.02588176547761252,0.00619530579765642,0.5174761328948639,0.011024077376379452,0.23172062997979923,0.16939984587812842
RealKraftyy,135181170,108585,19953,1235,710277,21198,4102026,True,False,English,0.06189545431764647,190.3217617915264,5.775248248218653,0.029844694393877318,0.6824146981627297,1.0080438112719396,0.10599283605295787,0.014158530070731916,0.004947461463226668,0.013554313834634147,0.006525125108546703,0.19648135799298985,0.05694327075384786
rhobalas_lol,135169095,174210,5224,779,100599,69851,3011205,True,False,French,0.14911944869831548,1343.6425312378851,29.932752810664123,0.6943508384775197,0.2682968830721543,0.996017267460612,0.30358509373428133,0.23015484324991609,0.04522572021967342,0.6941135650665629,0.002217542258007912,0.18169777369976406,0.2428324230380343
veloxey,135057600,88620,8596,1273,252913,180142,1874494,True,False,Italian,0.14809213587715217,534.0081371855144,7.411615852091431,0.7122686457398394,0.8618821936357481,1.1971784167924941,0.30125787791345193,0.07852482949205798,0.007675807745810684,0.7124642298463115,0.008391915373436991,0.42897436906451114,0.2562148382392634
ArQuel,134912310,116415,9110,1122,285920,45153,4895500,True,False,Polish,0.12316136114160263,471.8533505875769,17.121922216004478,0.1579217963066592,0.5782759953614225,1.0328797881266105,0.2447811240027931,0.06688435174531791,0.023865982990073115,0.14472549615367494,0.005441892091473644,0.2270108902589269,0.11878495620704327
ElOjoNinja,134761230,82020,9339,1484,273504,133594,5226901,True,False,Spanish,0.15890352286112003,492.7212399087399,19.110875892125893,0.488453550953551,1.08558888076079,1.107162328430841,0.3257493768180484,0.0707925334729098,0.027182202619228994,0.48324222087270163,0.010718874161239714,0.31832242691737994,0.2060012724769181
Bamboe,134431230,118920,5956,1075,86644,25348,2322578,True,False,English,0.18049026192075218,1551.5353630949633,26.805987719865197,0.29255343705276765,0.5423814328960646,1.0515666580620937,0.37465074320302605,0.2690894453199583,0.040012406358041895,0.2826095615367704,0.005068522977494447,0.24998165569259692,0.203568722514648
Sonecarox,133976280,239655,2445,569,87530,21318,3105118,True,True,Portuguese,0.232719836400818,1530.6326973609048,35.474900034273965,0.24355078258882668,0.14245477874444515,0.982492297528312,0.4929686397007613,0.2651747505934073,0.054466245844406354,0.23242310332674837,0.000908554161566827,0.1650722546650124,0.20183559138198373
MuTeX,133816530,150015,9448,824,200619,114872,1615269,True,True,English,0.08721422523285352,667.0182285825371,8.051425837034378,0.5725878406332401,0.32956704329567044,1.0825497547332645,0.16334853436022012,0.10343523613562745,0.00874257488899286,0.5694090226353836,0.002854864009961173,0.2880675121522055,0.18930962403039844
RayNarvaezJr,133649520,82605,6611,1589,528396,29068,2180691,True,True,English,0.2403569807895931,252.93439011650352,4.1270013399041625,0.05501177147442449,1.1541674232794625,1.0182095606221409,0.5102693906320988,0.025884753368649063,0.0021993085943740626,0.039329375940722854,0.011432216458778321,0.2089775676090021,0.13301543543393754
Tanovich,133079115,89865,10352,1434,296560,219383,3677360,True,True,Spanish,0.13852395672333848,448.7426321823577,12.400053951982736,0.7397592392770435,0.957436154231347,1.0326904815614868,0.279582671058669,0.06255612832067088,0.015993123802134333,0.7406189398067449,0.009385851366923856,0.22677818586715212,0.2224858167037158
Zalae,133078635,95010,5934,1351,170668,23494,1776974,True,False,English,0.22767104819683182,779.7515351442566,10.411875688471184,0.13765908078843134,0.8531733501736659,1.036772980614998,0.4815314031139265,0.12454816432950637,0.012678197032911996,0.1239732749382832,0.008301327469757726,0.23179658265940006,0.1638048249239643
KheZu,132976365,124635,5322,991,122158,28840,2671995,True,False,English,0.18620819240886885,1088.5604299350023,21.873270682231208,0.23608768971332209,0.4770730533156818,1.0766158879184535,0.38760381652228965,0.1823825366210581,0.031787995070005994,0.22477971741610067,0.004389196356843259,0.28077332841847913,0.18528609840079613
mandiocaa1,132533775,29685,9540,4355,312944,29691,2567198,True,True,Portuguese,0.45649895178197064,423.50636216064214,8.20337824019633,0.09487639961143207,8.802425467407781,1.0251829050031067,0.9999050732366567,0.05782982716708843,0.008995927970119274,0.08015705182771395,0.09098809159101987,0.21754952527855315,0.24257091617852522
스피드소닉 (dragon3652),132487740,243375,2379,529,35503,11620,4618003,True,False,Korean,0.22236233711643547,3731.733656310734,130.073599414134,0.32729628482100104,0.13041602465331278,1.029067956810099,0.4695053520805901,0.6774015175634981,0.21219242496179144,0.31819172533364515,0.0007833290957157643,0.22232521077666975,0.31673325996865176
RiotGamesOCE,132387150,40890,50458,3076,149775,65748,8437414,True,False,English,0.060961591818938524,883.9068602904357,56.33392755800367,0.43897846770155236,4.513573000733675,1.0525491653365415,0.10387731725799977,0.14405459031744156,0.08924489219990474,0.4325719209629098,0.046376180051074085,0.2511893991090243,0.17788571664972572
Videoyun,132320235,123345,8057,1030,375697,85165,8078109,True,False,Turkish,0.12783914608415042,352.1993388288967,21.501659582056817,0.22668533419218145,0.5010336860026754,1.0415197014294502,0.255377910979916,0.04447529948366459,0.031168400938877874,0.21515022024702946,0.004638430769586353,0.2376314715832461,0.1314069556670534
AlcastHQ,132082785,28905,12999,4680,81928,24582,41833833,True,False,English,0.3600276944380337,1612.1812445073724,510.61704179279366,0.30004394102138465,9.714582252205501,0.9763991457426849,0.7813645939190864,0.280447332164284,0.846679617154006,0.2902810207363864,0.10047619082272732,0.15758227047276313,0.40947183754487554
julien,132054690,80895,15150,1685,511861,177756,4880209,True,False,English,0.11122112211221122,257.9893564854521,9.534246602104869,0.34727396695587276,1.2497682180604488,0.9687957958470179,0.21773238811510273,0.02683145798705439,0.01121490965811421,0.33865202734305205,0.012426639613470144,0.14823588086516776,0.12584888393032687
iGeStarK,131957700,79455,12893,1282,244437,231731,2948954,True,False,Spanish,0.09943380128752036,539.843395230673,12.064270139136056,0.9480193260431113,0.9680951481970927,1.295464391730285,0.19103006439899314,0.07961766875897629,0.015433265176625056,0.9539101636320154,0.009496724403382818,0.5497920385570659,0.2998799874878431
Ziqoftw,131821710,94515,10569,1293,198304,33547,4933908,True,False,English,0.12233891569684928,664.7455926254639,24.880526867839276,0.16916955785057286,0.8208220917314712,1.0786677080069171,0.24291800304161235,0.10300961214538067,0.03680204950090724,0.15624498057457092,0.007964815199624007,0.2832955206383058,0.13837249685006683
CyrusTWO,131621775,128085,2727,1027,96691,25277,5787660,True,True,Swedish,0.3766043270993766,1361.2619064856087,59.85727730605744,0.2614204010714544,0.48108677831127766,1.0005966096561592,0.8189163512717011,0.2334546365033193,0.09511943907103261,0.25072441518460625,0.004430946439374786,0.18732691307824714,0.2649954502580469
칸데르니아 (jmjdoc),131408250,170865,2395,756,30877,9502,4337476,True,False,Korean,0.31565762004175363,4255.861968455485,140.4759529747061,0.3077371506299187,0.2654727416381354,1.0172969098875517,0.6808511602509731,0.7755613583079252,0.22953646342841832,0.2981600825289214,0.002188166020702074,0.2078556950846311,0.36569215427026186
CouRageJD,131341275,14010,72100,8717,2115596,120434,2874860,False,False,English,0.12090152565880721,62.08239900245604,1.358888937207293,0.05692674782898058,37.33190578158458,1.0754644190055171,0.2396618217029563,0.0,0.0,0.04129061420102628,0.38774687775735034,0.27935788953574786,0.1580095338661801
YoMax,131072925,58380,16952,2051,273980,129000,1715466,True,False,French,0.12098867390278434,478.40325936199724,6.261281845390174,0.4708372873932404,2.1079136690647484,1.094670060427245,0.23985924235999764,0.06811103228763912,0.005757834361660652,0.4652003844730667,0.02135292216715718,0.30296635289129276,0.1838746280901357
JeffHoogland,130973670,113655,3375,1070,68914,7290,1965274,True,False,English,0.31703703703703706,1900.5379168238674,28.517775778506543,0.10578402066343559,0.5648673617526726,1.076990005414813,0.6839760127679596,0.3344513696801261,0.04286650257414428,0.0913281786592196,0.00530241777262654,0.28123321096077614,0.23985961540247538
Call of Duty (callofduty),130938960,3645,170131,19897,968465,50321,5423366,True,True,English,0.1169510553632201,135.20257314409918,5.5999607626501735,0.051959544227204904,327.52263374485597,1.8054428868342747,0.2307126518082437,0.0038356937456847473,0.004655201363171887,0.03620341313593652,1.0,1.0,0.3792344933421728
GoBGG,130398315,92730,4198,1400,229586,37272,5971819,True,False,French,0.3334921391138637,567.9715444321517,26.01125068601744,0.16234439382192295,0.9058557101261727,1.004439270693719,0.7212524616719942,0.08488556706188291,0.03868732645130295,0.1492549345648708,0.00884932038865134,0.19205048988054965,0.19916335000320864
Wackyjacky101,130390590,130335,5981,1012,209700,72794,9213152,True,False,English,0.16920247450259154,621.7958512160229,43.934916547448736,0.3471340009537434,0.4658763954425135,0.9885637512697213,0.34908003395016585,0.09496589521752899,0.06857178945801257,0.33850868004904255,0.004272730632162322,0.17253556661703004,0.17132244932065702
TaKeTV,130220190,108555,31809,829,227062,13033,2855045,True,False,German,0.026061806406991732,573.500585743101,12.573856479728004,0.05739841981485233,0.45820091198010227,1.4470180964228025,0.024817335642796503,0.08592105742173635,0.016282908004263026,0.041773680815819766,0.004192891562874648,0.736088866924513,0.15151279006200055
iceiceice,130179570,37545,8409,3107,183960,57797,2582911,True,False,English,0.3694850755143299,707.6515003261578,14.040612089584693,0.3141824309632529,4.965241709948062,1.1159621650028977,0.8027888051339783,0.1110451198050624,0.018728457039907997,0.3047610676314484,0.05107436089487899,0.3291395933261598,0.2695895673052393
StarCraft,130159470,14850,56109,6636,342409,22130,4110003,True,False,English,0.11826979628936535,380.12864731943375,12.003197929960953,0.06463031053506187,26.812121212121212,1.3208178834761113,0.23370005222190268,0.04970595848453908,0.01533143834109144,0.04918027920073617,0.2783218736848455,0.5809577240800334,0.20119955433552472
MadDecentLive,129993915,42510,36968,3069,95371,95352,44291541,False,False,English,0.0830177450768232,1363.0339935619843,464.41309203007205,0.999800778014281,4.331686661961891,0.996403008388803,0.15384206777115192,0.23378651665779993,0.7696429083622442,1.0,0.04448422939092375,0.18217194430245104,0.3973212777474285
WillerZ,129956310,133770,24663,872,79392,68899,2344895,True,True,English,0.0353566070632121,1636.8942714631198,29.53565850463523,0.8678330310358726,0.391119084996636,1.1140948313996433,0.04587324645496473,0.2850756392678678,0.044563637463252974,0.8717867320052946,0.0034951178449446705,0.3268441804327828,0.26293975891151794
SoyPan,129903855,132840,13884,954,343191,162018,2167760,True,False,Spanish,0.06871218668971478,378.5176621764557,6.31648265834477,0.4720927996363541,0.43089430894308944,1.0250494044947438,0.12143507243493276,0.049404249835316764,0.005849871708564764,0.4664862273199591,0.003908852937482547,0.21738542027469387,0.14407828241849163
murilo_RT,129898080,383955,8185,315,70814,55939,3070308,True,True,Portuguese,0.038485033598045205,1834.355918321236,43.35735871437851,0.789942666704324,0.04922451849826152,1.074018718711456,0.052960205340498535,0.3220566673092837,0.06760881649087179,0.7920146960359951,0.0,0.2775807678210402,0.2520368588329482
Multiplayerit,129567630,111795,15237,1053,58786,17650,30889814,True,False,Italian,0.06910809214412286,2204.055897662709,525.4620828088321,0.30024155411152315,0.5651415537367503,1.1006411944736556,0.12233193405105454,0.39129484859904906,0.871431031429783,0.29048340775395676,0.005305269870858803,0.31030634723098965,0.33185880648928195
Markstrom,129129615,106620,71423,915,93045,35277,1829062,True,False,English,0.012810999257942119,1387.8189585684347,19.657821484228062,0.3791391262292439,0.5149127743387732,1.323628421450778,0.0,0.23842829646918604,0.028094135224993096,0.37128698358619844,0.004782798678232379,0.5844125674423187,0.20450079690015477
Krayn_Live,129103425,137040,4183,918,125775,20572,4621526,True,True,French,0.21945971790580923,1026.4633273703041,36.74439276485788,0.16356191612005566,0.4019264448336252,1.0262371513111959,0.4629299242170855,0.17075286206007442,0.05658289479544812,0.1505018697075368,0.00360753415788024,0.21884545363552452,0.1772034230955916
西門夜說 (westdoor),128928105,109065,5363,1165,272662,16908,5018006,True,True,Chinese,0.21722916278202498,472.84955365984257,18.403759966551995,0.06201084126134188,0.6409022142758906,1.014696752281242,0.45787695197108097,0.06707092272928662,0.026003215023575336,0.046497528915550666,0.0060933193345422566,0.20465946100844154,0.13470023316374627
Sintica,128908575,94845,8467,1207,160387,110955,7008648,True,False,German,0.1425534427778434,803.7345607811106,43.69835460479964,0.6917954697076446,0.7635616005060889,1.126056279064831,0.2887108387430132,0.12903975526732417,0.06817736531071218,0.6914964638220802,0.007369201340408758,0.34154774553024286,0.25439022833563024
FantaBobShow,128845890,65565,8248,1936,348598,86339,3598696,True,True,French,0.2347235693501455,369.61167304459576,10.323340925650749,0.24767497231768398,1.7716769617936399,1.015063358990794,0.49750778194091333,0.04773631766184254,0.012530581368528939,0.23664692503072984,0.017855445311094193,0.2051101109439633,0.16956452704284533
ops1x,128783415,68235,23490,1457,268942,254190,3050489,True,False,English,0.06202639421030225,478.8520015468019,11.342553413003547,0.9451480244811149,1.2811606946581666,1.2953680754954855,0.10628945981106609,0.06819507365761489,0.014229933393374092,0.9509694973063668,0.012753178798457134,0.5496736421833194,0.2836851308583664
wingz,128746905,92715,3940,1347,85695,32924,3057045,True,False,Spanish,0.34187817258883246,1502.385261683879,35.67355154909855,0.3841997782834471,0.8717036078304482,1.0309063133459615,0.7402497031888017,0.25988451207118535,0.054797461227012685,0.3764698906268899,0.008494076048036018,0.22458500371762477,0.2774134411465918
ZLOYn,128586435,49230,14155,2603,294277,284221,6731111,True,False,Russian,0.18389261744966443,436.957135623919,22.8733846002236,0.9658281143276573,3.1724558196221815,1.0034394055703317,0.38235824519448836,0.060348916005548245,0.03345550369328672,0.9721491757588212,0.03242610797157355,0.19082140939280962,0.2785932263360879
HunterGodBr,128369655,89520,51612,1737,258876,254260,14078099,True,False,Portuguese,0.03365496396186933,495.8731400361563,54.38163058761724,0.9821690693613931,1.1642091152815013,0.8255482897850135,0.042018441311614356,0.07138282788628254,0.0859897909811764,0.9888848947904486,0.011536668425542691,0.0,0.19996877056584408
leplol1,128314530,125385,9307,1444,157981,116243,3163399,False,False,Portuguese,0.15515203610185882,812.2149498990385,20.0239205980466,0.7358036725935397,0.6909917454240938,0.7087010235621102,0.31725097286753756,0.1306279801847308,0.02870453911827487,0.7365678147354553,0.006614342090634836,0.0,0.2032942748327722
sacy,128171445,96630,10692,1304,206184,117190,3590048,True,False,Portuguese,0.1219603441825664,621.6362326853684,17.411865130174988,0.5683758196562294,0.8096864327848494,1.0171891279048728,0.24206040874394089,0.09493600152702257,0.024349410228651096,0.5650952478602226,0.007848983975368595,0.20772320448290693,0.1903355428030188
헤징 (hejin0_0),127710465,125865,3032,1017,123451,72192,5800110,True,False,Korean,0.3354221635883905,1034.5032847040527,46.983094507132385,0.5847826263051737,0.48480514837325706,0.9977013344939156,0.7256246289409868,0.17225860199662413,0.07365407352748135,0.5818984093471796,0.004469624290284041,0.18376790684298985,0.29027887415759096
Naru,127650015,39825,13744,3045,344859,123779,5321664,True,False,Turkish,0.2215512223515716,370.15132271450074,15.431419797656433,0.35892640180479557,4.5875706214689265,1.0526349577430816,0.46766789899481825,0.0478373843747604,0.02104737671976848,0.3505859611470013,0.047145890675549695,0.25129485910598615,0.1975965618363141
Warcraft,127646610,10005,51972,13741,593564,31688,6635421,True,False,English,0.26439236511967984,215.05113180718507,11.17894784724141,0.053385987020776196,82.4047976011994,0.9284827784783105,0.5647177782316545,0.01878989793657747,0.013957150776497082,0.03766431586522095,0.8565874075565757,0.09868125405515887,0.2650663007369474
FlexZ,127550640,114750,14278,897,155382,133959,3254805,True,False,Spanish,0.0628239249194565,820.8842723095339,20.947117426728965,0.8621268872842415,0.46901960784313723,1.2391888721300486,0.10809614035248029,0.13225158892224412,0.030243802441300614,0.8659427395101055,0.004305425791218849,0.4806155651905804,0.27024254370132167
DizzyKitten,127398990,80100,10080,1584,613135,54653,8960383,True,False,English,0.15714285714285714,207.7829352426464,14.614045846347052,0.08913697635920312,1.1865168539325843,1.004103062459804,0.32176086520763797,0.017428694962529252,0.019684553857559493,0.07427897586736827,0.011768709716561987,0.1916372071582534,0.10609316779498505
지수소녀 (wltn4765),127291245,134070,9379,980,99600,68129,6213041,True,False,Korean,0.10448875146604115,1278.0245481927711,62.3799297188755,0.6840261044176706,0.4385768628328485,0.9688149885149853,0.2024812599711819,0.2178657708673884,0.09932550457640842,0.6835394065828525,0.003988765552149048,0.1482594733809527,0.22591003015515554
Staryuuki,127219620,77040,5530,1467,586475,530306,5418113,True,False,Spanish,0.26528028933092224,216.92249456498573,9.238438126092332,0.9042260965940577,1.1425233644859814,1.1256612239784076,0.5667292310525789,0.0191403706472179,0.010721702658674982,0.9090589794733261,0.011311096946065509,0.34106212553315723,0.3096705843851701
CeMka,127117680,110550,18473,979,86502,22116,4241970,True,False,Russian,0.052996264818924915,1469.5345772352084,49.03898175764722,0.2556703891239509,0.5313432835820896,1.174531096028817,0.08583312017349312,0.2537321675419771,0.07708189275592296,0.24483549472779992,0.0049537060317995,0.4011352341660714,0.17792860256617735
Halifax,126885855,160500,12478,793,228316,52433,2955093,True,False,English,0.06355185125821446,555.7466625203665,12.942995672664201,0.2296510100036791,0.2964485981308411,0.9969307374102839,0.10974514312656973,0.08259606574364681,0.016898380678263627,0.2181875407107142,0.002510371594445734,0.18282065324123162,0.10212635918247863
Bidule,126808620,61395,10100,2052,82570,64920,2486535,False,True,French,0.20316831683168315,1535.7711033062856,30.11426668281458,0.7862419765047838,2.005375030539946,1.0065570991027804,0.426024314219684,0.2661370819492824,0.04552836169042062,0.7882246047423871,0.02028633274566507,0.1946538225832049,0.29014241965510734
Gabi,126779310,63480,17866,2174,271202,178648,3821231,True,False,Portuguese,0.12168364491212359,467.47188442563106,14.089980899845871,0.6587267055552688,2.054820415879017,0.9186539060176724,0.24143359001207956,0.06606378164689339,0.018810770579746415,0.6576288260717311,0.020800655206963378,0.08659914910391361,0.18188946210355453
Hype,126704460,81510,10030,1674,145476,101271,6185689,True,True,Turkish,0.16689930209371884,870.9646952074569,42.520340124831584,0.6961354450218593,1.2322414427677586,0.9285933207834736,0.3438625586518854,0.14163075471460077,0.06621323975625586,0.6959412840491077,0.012244329087516251,0.09881713777304017,0.2264515506720677
Gigz,126436725,98685,15061,1136,254401,44075,1958787,True,False,English,0.07542659849943563,496.9977515811652,7.699604168222609,0.17325010514895775,0.6906824745402037,1.1278303083434487,0.13664551765594316,0.0715934474761797,0.00815597604655469,0.16042410553636471,0.006611125107672332,0.34372846442924965,0.12119310604199403
매직박 (yagubu),126240810,66165,25478,1666,59697,53490,3379601,True,False,Korean,0.06538974801789779,2114.6926981255338,56.61257684640769,0.8960249258756722,1.5107685332124234,1.1452398687881409,0.11390860952947392,0.37455872267010093,0.08970948936521314,0.9006596852711236,0.015141520356497257,0.36512910191744463,0.30985118818497565
richwcampbell,126132675,69870,34756,1878,108410,57422,3790423,True,False,English,0.054033835884451605,1163.4782307905175,34.96377640439074,0.5296743842818928,1.6127093173035638,0.961260894833902,0.08818357443551061,0.19641329823133558,0.05361403986560774,0.5254588650901573,0.016201890998183924,0.1389736317921138,0.16980755006881817
ESL_CSGO_FR,126026325,53295,22857,2570,193614,26073,4124889,True,False,French,0.11243820273876712,650.9153521956057,21.304704205274412,0.13466484861631906,2.8933295806360824,0.9201140922177893,0.22048949308935828,0.10041945594394064,0.030840013558922758,0.12090670825081132,0.02952268446169887,0.08839407756481532,0.0984287388115912
양아지 (dkwl025),125872350,103365,6861,1237,220819,114560,4933531,True,False,Korean,0.18029441772336394,570.024997848917,22.341967856026884,0.5187959369438319,0.7180380206065883,0.984435194664769,0.3742070889380443,0.0852701420899728,0.03256946262580251,0.5143176167497584,0.006895672830104676,0.1674605537508084,0.19678675616408184
Cizzorz,125812350,56970,11782,1891,1866339,222573,3095942,True,False,English,0.16049906637243253,67.41130630608909,1.658831541322343,0.11925646948383975,1.9915745129015272,1.1678458617062781,0.3293638300068477,0.0,0.0,0.10512609424376029,0.02014278211600957,0.39291743471531565,0.14125835684698887
RyuQuezacotl,125680845,125820,4022,976,79063,9884,1867494,True,True,English,0.24266534062655395,1589.6290932547463,23.620328092786764,0.12501422915902508,0.46542680019074867,1.0234569828482531,0.5154986172338453,0.2762237183580704,0.03470089653558688,0.11102294959747737,0.004268054019069108,0.2154279418826825,0.19285702960445525
Sigma,125477415,94695,81683,798,61206,54151,1334161,True,True,English,0.009769474676493273,2050.083570238212,21.797879292879784,0.8847335228572362,0.5056233169649929,1.660487548667328,0.0,0.3624585907804419,0.031662293597800734,0.8890955050870838,0.0046861713277153395,0.9984953979108503,0.3810663264506487
Robbaz,125249820,86415,4938,1427,229652,23827,5009610,True,False,English,0.2889833940866748,545.3896330099454,21.813918450525144,0.10375263442077579,0.9908002082971706,1.015696610135061,0.6204248914726439,0.08065637970919444,0.03168903598504546,0.08924771828639062,0.009732898564318533,0.20588853256009176,0.17293990942961415
mailand,124936395,86865,6867,1400,86561,31605,3923343,True,True,German,0.2038735983690112,1443.3335451300238,45.3246034588325,0.3651182403160777,0.9670177862199966,1.027344524755162,0.4276220187532944,0.24882518373822055,0.07088884041261234,0.35692738179225086,0.009485517867930227,0.22020668832686902,0.22232593848186288
Buozzi,124926540,142785,4036,872,75290,39547,5126434,True,True,Portuguese,0.21605550049554015,1659.2713507769956,68.08917518926816,0.5252623190330721,0.366425044647547,1.0033573606047201,0.45521820442588307,0.2892664652371561,0.10884463623034728,0.5209402133833856,0.003238254650843776,0.1907205559236848,0.2613713883085501
HeyarTV,124878165,155700,2343,786,124479,17695,2506556,True,True,French,0.3354673495518566,1003.2066854650182,20.136376416905662,0.14215249158492596,0.30289017341040464,1.0204115126466535,0.7257269906431786,0.16639730977874187,0.028892038806372408,0.1285752373345179,0.0025773757613604888,0.21168430895337417,0.21064221021292426
LenaGol0vach,124876665,30210,9115,4159,274237,40915,2969471,False,False,Russian,0.45628085573230937,455.36038171362725,10.828119473302289,0.1491957686234899,8.260178748758689,0.9938976097349809,0.9994110108957843,0.06379551422107713,0.013372208073160467,0.13578866551763003,0.08534773374864381,0.17909219231651238,0.24613455412880134
Sinner666,124812240,24765,27996,4530,7102,7101,21322548,False,False,Russian,0.16180882983283326,17574.23824274852,3002.3300478738383,0.9998591945930724,10.975166565717746,1.112552831048946,0.33233089338208843,1.0,1.0,1.0,0.11358857375499964,0.3249486822312759,0.6284780248947274
TommyKayLIVE,124680810,108105,3536,1124,127770,58673,2561302,True,True,English,0.3178733031674208,975.8222587461845,20.04619237692729,0.4592079517883697,0.623837935340641,1.0260948850144211,0.6858704423214125,0.1612686973696954,0.028741673271366053,0.4532901079435853,0.005915819616781469,0.21867057331883094,0.2589595523069453
TMemoryy,124620795,130440,3244,924,171107,64750,1027960,True,False,English,0.2848335388409371,728.3208460203265,6.007702782469449,0.3784181827745212,0.4250229990800368,1.0339695665420137,0.6110240462937659,0.11491611786912191,0.005335037251754847,0.3705486236145187,0.003847780574124422,0.22835049632678786,0.22233701698834563
Patriota,124595820,64305,29435,1951,646758,344213,3707623,True,False,Portuguese,0.06628163750636996,192.64673958420306,5.732627969039425,0.5322129761054366,1.820387217168183,0.9931193886324108,0.11592904506307651,0.014593956748847413,0.004876399875362098,0.5280587840916541,0.018362121075938685,0.1781355669178026,0.14332597896211358
러너교 (runner0608),124525605,52785,17926,2434,164902,58988,4276695,False,False,Korean,0.13578043065937745,755.1491491916411,25.934767316345464,0.357715491625329,2.766695083830634,0.9692315900792575,0.2733676437277749,0.11994057830317714,0.03855980429990483,0.34934579785824293,0.028205454033912395,0.14877157930587417,0.1596984762548144
zorlaKOKA,124241010,100050,4977,1247,361102,83418,7654224,True,False,Portuguese,0.2505525416917822,344.060708608648,21.196847428150495,0.2310095208556031,0.7478260869565218,0.9958213355230965,0.5333658322855144,0.042951079883642745,0.030660181939046464,0.21957887040180502,0.007205523213459037,0.18145692509359443,0.16920306880284366
Hitch,124224555,132870,3976,875,96343,30813,1942552,True,True,English,0.22007042253521128,1289.3988665497234,20.162876389566446,0.3198260382176183,0.39512305260781216,1.0684949198464664,0.46431337962241065,0.21999597687348277,0.028936222705959833,0.31054101287570873,0.0035367664328283936,0.2707906585909483,0.21635233618355643
calango,124180125,70155,8380,1736,767187,293608,3292645,True,False,Portuguese,0.2071599045346062,161.86421954490888,4.291841493664517,0.38270721479899944,1.484712422493051,1.0196326715005977,0.43506662914178496,0.008828942353031366,0.0024741496628896227,0.37494126986629095,0.014870489138818395,0.21072692136851337,0.17448473358855476
Adin2Huncho,124133550,64920,14502,1470,199880,162642,956614,True,False,English,0.10136532892014895,621.0403742245347,4.785941564938963,0.8136982189313589,1.3585951940850278,1.3007484879349152,0.1954056368365417,0.09482440791479751,0.0032979719443229955,0.8163441337397296,0.013558639248639042,0.5562874941825704,0.2799530473111002
SlotRoom247,124078200,373800,20609,326,69183,69113,1338301,False,True,German,0.01581833179678781,1793.4781666016218,19.344362054261886,0.9989881907404998,0.05232744783306581,1.0182128824508365,0.0016123530104019128,0.31440099692130546,0.02757149846020683,1.0,0.0,0.2089816509545834,0.25876108322441627
ALLinPav,124058985,137760,6221,850,71579,21360,3156265,True,True,English,0.13663398167497187,1733.1757219296162,44.09484625378952,0.29841154528562847,0.3702090592334495,1.0594639014142242,0.275301229473475,0.3031074296242407,0.06883844324579041,0.28860918966374455,0.003277615324889777,0.2596893127395345,0.19980387001194586
Surefour,124056555,53145,7911,2289,331662,46991,2066041,True,True,English,0.2893439514599924,374.04512726812237,6.229356995977833,0.14168340057046028,2.5842506350550383,1.019791793440311,0.6212416775637114,0.048566624192600785,0.005704605463697827,0.12809481404211234,0.026307698008734226,0.21092252142165888,0.17347299011541925
NumotTheNummy,123899265,105930,3359,1118,103069,8045,1530401,True,False,English,0.33283715391485563,1202.10019501499,14.848315206318098,0.07805450717480522,0.6332483715661286,1.0461837119628905,0.7197686955920434,0.20364650004407064,0.020075155538922307,0.06292877693077967,0.00601370536867102,0.24336468920148357,0.20929958711266175
aminematue,123826230,30480,16577,4016,124232,123363,2316908,True,False,French,0.2422633769680883,996.7337722969927,18.649848670229893,0.9930050228604547,7.905511811023622,1.0115887336480849,0.5145880317080845,0.1651850491337752,0.026413523317553096,0.9999826227277497,0.08165854878009439,0.2008389406520514,0.3314444527198847
CallMeCarsonLIVE,123486240,14340,61531,8208,1151712,732108,3533199,True,True,English,0.13339617428613218,107.21972159706593,3.0677799658247897,0.6356693340001667,34.34309623430963,1.0491366724575268,0.2679664854452894,0.0,0.0004332490050963029,0.6340144356546855,0.35665779083518473,0.2469946049172442,0.25101109430958335
ZiggyDLive,123398085,99075,18437,1227,173807,15899,4249580,True,False,English,0.06655095731409666,709.971894112435,24.449993383465568,0.09147502689765084,0.7430734292202876,1.015078843606539,0.11653914678135796,0.11147968798092242,0.03608421297759858,0.07667350891714562,0.007156086878645465,0.20512914535033183,0.09217696481433364
KEEMSTAR,123365895,3465,74195,35333,146035,46367,7139253,False,False,English,0.47621807399420446,844.7693703564214,48.887273598794806,0.31750607731023384,611.8268398268398,1.0076538335389833,1.0,0.1367248397772752,0.07682894690789771,0.3081650064654231,1.0,0.19600197931378768,0.45295346207739723
크캣66 (crazzyccat),123279435,192780,2543,644,35930,24849,1889696,True,False,Korean,0.2532441997640582,3431.1003339827444,52.59382131923184,0.6915947676036738,0.20043572984749455,0.9929852375732902,0.5394633608289336,0.621098283492003,0.0830089431815595,0.6912909131664314,0.0015116621214955664,0.17797066222684166,0.3523906375028774
RelaxBeats,123273930,521430,2830,235,166162,29595,1094850,True,False,English,0.08303886925795052,741.8900229896126,6.589051648391329,0.17810931500583768,0.027041021805419712,1.0060217380925858,0.15388992128520218,0.11745738156252496,0.006304331078807237,0.16540070394891565,0.0,0.19399573205065612,0.10617467832101768
LAGTVMaximusBlack,123125340,161535,7138,725,256353,13251,2310313,True,True,English,0.10156906696553657,480.29607611379623,9.012233131658299,0.05169044247580485,0.2692914848175318,1.0513390607138626,0.19586717337416032,0.06846552294691048,0.010344546844660216,0.035927810437498625,0.0022278879356517653,0.24970188249796393,0.09375580400614088
Destructoid,122628630,103020,14566,1190,48007,8995,87603521,True,False,English,0.08169710284223534,2554.3906097027516,1824.8072364446853,0.1873685087591393,0.693069306930693,1.0002841089843042,0.1508503602418834,0.4569062623392746,1.0,0.17488358085511493,0.00663595253092659,0.1869427727885235,0.32936982145928717
LITkillah,122524635,13560,21359,9104,601927,562691,2162107,True,False,Spanish,0.42623718338873545,203.55397747567397,3.5919754388821237,0.9348160158956152,40.283185840707965,0.9925022016968132,0.931351790614073,0.01663668695360819,0.0013072499122754326,0.9403878885593687,0.4184455893475205,0.1773768921704916,0.4142510162595563
빅헤드 (bighead033),122523705,153000,3940,793,213212,52289,4399897,True,False,Korean,0.2012690355329949,574.6567031874379,20.636254056994915,0.24524417012175675,0.31098039215686274,1.0098468214524146,0.4217217907862594,0.08613757750200748,0.029725494136248528,0.23415739963343732,0.002661528836305425,0.19869770155792071,0.16218358207536313
마스카 (newmasca),122452320,217410,6431,567,109068,-4942,3417970,True,False,Korean,0.08816669258280205,1122.7153702277478,31.33797264092126,-0.045311182014889796,0.15647854284531532,0.9933549101020699,0.1655061995231192,0.1887791448982416,0.047568669500153975,0.0,0.001054426962831601,0.17842508080925748,0.09688892028226731
AndyMilonakis,122311065,104745,10543,1153,547446,109111,3926918,True,False,English,0.10936166176610072,223.4212415471115,7.1731604578351105,0.19930915560621504,0.6604611198625233,1.0127520695471681,0.2135200727944655,0.020357469502636377,0.007278226611265124,0.18711268926866767,0.006296767733065897,0.2022689669834097,0.10613903214891839
Remx,122192850,99180,13788,1205,178553,59432,2049420,True,False,French,0.08739483608935306,684.35058498037,11.477936523049179,0.3328535504864102,0.7289776164549304,1.0224324941700367,0.16375767988434908,0.10668127590168203,0.0144556601824791,0.3238832431530375,0.0070094646394665535,0.21416859298166213,0.13832598612377942
