channel,watch_time_min,stream_time_min,peak_viewers,avg_viewers,followers,followers_gained,views_gained,partnered,mature,language,avg_to_peak_ratio,watch_per_follower,views_per_follower,follower_growth_rate,viewers_per_stream_hr,stickiness,avg_to_peak_ratio_scaled,watch_per_follower_scaled,views_per_follower_scaled,follower_growth_rate_scaled,viewers_per_stream_hr_scaled,stickiness_scaled,engagement_efficiency_score,cluster
xQcOW,6196161750,215250,222720,27716,3246298,1734810,93036735,True,False,English,0.1244432471264367,1908.68544723867,28.659332877018684,0.5343964109271545,7.725714285714286,1.0386017108320682,0.2476850353362731,0.3359772561271009,0.0431025233695847,0.5302949662257278,0.0797883256011605,0.2340445424837482,0.2451487748572659,1
summit1g,6091677300,211845,310998,25610,5310163,1370184,89705964,True,False,English,0.0823477964488517,1147.173316525312,16.893259962076495,0.2580304973689131,7.253416412943426,1.1228172919225892,0.152324404393416,0.1933596799654669,0.0234847301413885,0.2472526183530942,0.0748755637180507,0.3375662326206981,0.1714772048653524,1
Gaules,5644590915,515280,387315,10976,1767635,1023779,102611607,True,True,Portuguese,0.0283386907297677,3193.301170773378,58.05022360385487,0.5791800909124338,1.2780624126688402,0.9980334284201904,0.0299752594114909,0.5765627614663528,0.0921065046673169,0.5761605281765827,0.0127209509978723,0.1841761320679066,0.245283689464587,0
ESL_CSGO,3970318140,517740,300575,7714,3944850,703986,106546942,True,False,English,0.0256641437245279,1006.45604775847,27.009123794314107,0.1784569755504011,0.8939622204195156,0.9941088820452272,0.0239164933025489,0.1670058571093392,0.0403510989307069,0.165756763260026,0.0087256063381407,0.1793518980188613,0.0975179528266038,1
Tfue,3671000070,123660,285644,29602,8938903,2068424,78998587,True,False,English,0.1036324935934239,410.6767989315915,8.837615421042157,0.2313957316686399,14.362930616205723,1.002845653025595,0.2005415422661036,0.0554270798737188,0.0100534034728986,0.2199744112769017,0.1488275173449103,0.1900915412833893,0.1374859159196537,1
Asmongold,3668799075,82260,263720,42414,1563438,554201,61715781,True,False,English,0.1608296678295161,2346.622683470659,39.47440256665119,0.354475841063093,30.936542669584245,1.0515404673332716,0.3301127556753145,0.4179950528545451,0.0611346911500768,0.3460278839751007,0.3212234019242818,0.2499494608365088,0.2877405410693046,1
NICKMERCS,3360675195,136275,115633,24181,4074287,1089824,46084211,True,False,English,0.2091185042332206,824.8498927542414,11.310987910277309,0.2674882746355375,10.646560264171711,1.019849512745296,0.4395035290922068,0.1329942785695796,0.0141773036408556,0.2569388761434843,0.1101704670772922,0.210993472662845,0.1941296545310439,1
Fextralife,3301867485,147885,68795,18985,508816,425468,670137548,True,False,English,0.2759648230249291,6489.315361545235,1317.0528206660167,0.836192258105091,7.702606755249011,1.176047633764069,0.590933363755528,1.0,1.0,0.8393815828191017,0.0795479650121607,0.4029994325421536,0.6521437240214907,0
loltyler1,2928356940,122490,89387,22381,3530767,951730,51349926,True,False,English,0.2503831653372414,829.3826638801145,14.543561214886171,0.2695533293474194,10.963017389174626,1.0681786424388633,0.5329821367608003,0.1338431853764375,0.0195670335144712,0.2590538183467793,0.1134622000936446,0.2704018757628394,0.2215517083091621,1
Anomaly,2865429915,92880,125408,12377,2607076,1532689,36350662,True,False,English,0.0986938632304159,1099.0971935609089,13.943077225213228,0.5878957882317202,7.995478036175711,2.4925977170917384,0.1893538509638515,0.1843558836345944,0.0185658353380358,0.5850867788883158,0.0825943621029481,1.0,0.3433261184879576,1
TimTheTatman,2834436990,108780,142067,25664,5265659,1244341,50119786,True,True,English,0.1806471594388563,538.2872286260846,9.518236178985385,0.2363124919407048,14.155543298400442,1.0152977083112682,0.3750061698840318,0.0793262266396732,0.0111882151804813,0.225009950404772,0.1466703098521539,0.2053981839753879,0.1737665093227501,1
LIRIK,2832930285,128490,89170,21739,2666382,199077,50504526,True,False,English,0.2437927554110126,1062.4622747228266,18.941219225152285,0.0746618451519699,10.151295820686435,1.014207915039692,0.5180525983279956,0.177494819815859,0.0268993308882331,0.059454155143606,0.1050188108444586,0.2040585596456312,0.1818297124442972,1
Riot Games (riotgames),2674646715,80820,639375,20960,4487489,497678,56855694,True,False,English,0.0327820136852394,596.0230130926226,12.669823591768136,0.1109034473399266,15.560504825538231,1.5789060950401514,0.0400409095873729,0.0901391044735361,0.0164429157633786,0.0965712801966689,0.161284479925088,0.8982116991706285,0.2171150648527788,1
Rubius,2588632635,58275,240096,42948,5751354,3820532,58599449,True,False,Spanish,0.1788784486205517,450.0909933556516,10.18880927864986,0.6642839234030804,44.21930501930502,1.034296834254923,0.3709994333632422,0.062808652206463,0.0123062742396686,0.6633202949183507,0.4593884294127157,0.2287527889468579,0.2995959788478831,1
auronplay,2410022550,40575,170115,53986,3983847,3966525,41514854,True,False,Spanish,0.3173500279222879,604.9485710671117,10.420795276525428,0.9956519414525709,79.83142329020333,1.1002247929958977,0.6846850444522973,0.0918107015405708,0.0126930688287434,1.0,0.8298196070753545,0.3097944872616722,0.4881338181931063,1
MontanaBlack88,2408460990,67740,181600,33514,2911316,1101093,37189666,True,True,German,0.1845484581497797,827.2757028093138,12.77417703883742,0.3782114342792056,29.68467670504872,1.0608846332770097,0.3838439492778112,0.1334485893235775,0.0166169062155926,0.3703368804990967,0.30820170577043,0.2614357421028714,0.2456472955315632,1
sodapoppin,2329440420,115305,107833,19659,2786162,236169,39334821,True,True,English,0.1823096825647065,836.0750092779961,14.117923150197296,0.0847649921289573,10.22973851957851,1.0276424697128714,0.3787723548680683,0.1350965417459391,0.0188573592158773,0.0698013734544711,0.1058347584134459,0.2205729360590637,0.1548225539594776,1
풍월량 (hanryang1125),2186662470,181230,26999,12201,494445,92205,34405975,True,False,Korean,0.4519056261343013,4422.458453417468,69.58503979209011,0.1864818129417832,4.039397450753187,0.9889087818221526,0.9894996155247858,0.8067618946146403,0.1113387192338846,0.1739754642832772,0.0414438868900227,0.1729596941415813,0.382663212448032,0
alanzoka,2055003870,103770,89153,19560,3445134,1325075,46515698,True,False,Portuguese,0.2193981133556919,596.4946124011432,13.501854499708864,0.3846221946664483,11.309627059843884,1.012446251768452,0.4627903687859503,0.0902274265731955,0.0178301764432542,0.3769025117243515,0.1170675747450086,0.2018930416152455,0.2111185166478343,1
CohhCarnage,2029212570,175230,43615,11343,1264808,124242,38718674,True,False,English,0.2600710764645191,1604.364116925257,30.61229372363236,0.0982299289694562,3.883923985618901,1.02091868135736,0.5549285775933593,0.2789833242472161,0.0463587314815517,0.0835915955850609,0.0398266784345502,0.212307744206531,0.2026661085913782,1
Lord_Kebun,1943299035,153720,34830,12367,434200,137215,19645967,True,False,English,0.3550674705713465,4475.585064486412,45.24635421464762,0.3160179640718563,4.827088212334114,1.0222212348758473,0.7701279859262666,0.8167115568652429,0.0707583739856423,0.3066409434597226,0.0496373117862005,0.2139089032792528,0.3712975125503879,0
LCK_Korea,1916365860,47325,140557,39848,619382,255088,76225485,True,False,Korean,0.283500643866901,3093.996693478338,123.06700065549208,0.4118427723117559,50.52044374009509,1.0162048748795345,0.608004582108,0.5579648123561401,0.2005101919284218,0.4047806827620888,0.5249317992061757,0.2065133151086837,0.417117563911585,0
Castro_1021,1845157080,100215,125133,17779,2411995,550678,22672980,True,False,English,0.1420808260011347,764.9920833169223,9.40009411296458,0.2283081017995476,10.644514294267326,1.035602960356646,0.2876401996764237,0.121783983484328,0.0109912347062396,0.2168121905954233,0.1101491852474561,0.2303583396042479,0.1629558555523531,1
DrDisrespect,1839882465,73065,97540,23794,4450718,825004,43919410,True,False,English,0.2439409473036703,413.3900339226165,9.867938161887588,0.1853642490941911,19.53931430917676,1.0583108156133894,0.5183883037820762,0.0559352201677079,0.0117712798309947,0.1728309023825441,0.2026713772589634,0.2582718863033619,0.2033114949542747,1
TheRealKnossi,1811696100,56010,288459,24595,1260160,1082039,25342894,True,True,German,0.0852634169847361,1437.6714861604876,20.110854177247333,0.8586520759268664,26.34708087841457,1.315142915662223,0.1589292847169787,0.2477647815545244,0.0288494850992895,0.8623839838287589,0.2734846034847082,0.573981790981204,0.357565654944244,1
TheGrefg,1757406750,54855,538444,28887,3795667,3593081,47094362,True,False,Spanish,0.0536490331399365,463.0034062524453,12.407400859980603,0.9466270355118086,31.59639048400328,1.1090563923001755,0.0873118642645814,0.0652269157579758,0.0160053734391211,0.9524842382136924,0.3280870262982664,0.3206506978910147,0.2949610193107753,1
YoDa,1690237110,135675,123796,12868,1792625,383130,38499423,True,False,Portuguese,0.1039452001680183,942.88382121191,21.476562582804547,0.2137256816121609,5.690657822001105,0.968136848311202,0.20124992988931,0.1550999182600454,0.0311265562430699,0.2018774890095369,0.0586200155127581,0.1474258720552074,0.1325666301616546,1
Pestily,1659741015,138300,168112,8481,616168,520342,24029726,True,False,English,0.0504485105167983,2693.6501327560018,38.99865945651186,0.8444807260357565,3.6793926247288495,1.4150477103214765,0.0800615830162121,0.4829870755453292,0.0603414757729564,0.8478702831553977,0.0376991781183065,0.6967893886013427,0.3676248307015908,1
한동숙 (handongsuk),1621667925,127815,44976,12869,385250,73602,30610352,True,False,Korean,0.2861303806474564,4209.391109669046,79.45581310837119,0.1910499675535366,6.041074991198216,0.9859055278029444,0.6139618376919374,0.7668581991920449,0.1277964440262649,0.1786539761522288,0.0622649951141251,0.1692679552976158,0.3198005679123695,0
GamesDoneQuick,1619144100,87450,234826,6734,1724316,113469,43345080,True,False,English,0.0286765520002044,939.0065973986208,25.137550193815983,0.0658052236365028,4.620240137221269,2.749492730624806,0.0307406310467007,0.1543737837177506,0.0372305892949646,0.0503835757958066,0.0474857134039184,1.0,0.2200357155431902,1
Solary,1546597380,486510,24470,3187,493207,143569,48799554,True,False,French,0.1302411115651818,3135.7977076562174,98.94335238550951,0.2910927865987303,0.3930443361904174,0.9974782512642942,0.2608191864642545,0.5657933932581445,0.1602883824010264,0.2811136247600201,0.0035151439793516,0.1834936826118847,0.2425039022457803,0
Gotaga,1538511315,141675,81644,10750,2401580,632118,39591707,True,False,French,0.1316691979814805,640.6246366975075,16.485691503093797,0.2632092205964407,4.55267337215458,1.010180565575486,0.2640542919093111,0.098492189335682,0.0228051836340314,0.2525564489247796,0.046782895442793,0.1991079552811183,0.1472998274212859,1
MOONMOON,1527882945,124680,24892,11220,923448,95776,13505898,True,True,English,0.4507472280250683,1654.5413981079605,14.625510044961926,0.1037156396461955,5.399422521655438,1.0921956250782752,0.9868754465753774,0.2883806298606596,0.0197036683301264,0.0892098297938432,0.0555906356128228,0.2999246624327939,0.2899474787676039,1
DrLupo,1517612010,172350,90696,8311,4115083,567795,47295386,True,False,English,0.0916357943018435,368.7925638437912,11.49317911692182,0.1379789909462336,2.8932985204525674,1.0594883478322423,0.1733649045234887,0.0475829131865638,0.0144810744440612,0.124300913470137,0.0295223613789698,0.2597193634080484,0.1081619217352115,1
OgamingLoL,1483207890,496950,204491,3020,523758,115965,71583995,True,False,French,0.0147683761143522,2831.857250867767,136.67379782265854,0.2214095059168547,0.3646242076667673,0.9882854218680974,0.0,0.5088707921644201,0.2231970590975421,0.2097469387685174,0.0032195226518513,0.1721934312342683,0.1862046239860999,0
Myth,1479214575,134760,122552,9396,6726893,1421811,37384058,True,False,English,0.0766694953978719,219.895659853665,5.5574033955943705,0.2113622143239085,4.183437221727516,1.1682268050821725,0.1394611053387926,0.0196971912281351,0.0045842446698662,0.1994569251933477,0.0429421640098053,0.3933857079446681,0.1332545563974358,1
Evelone192,1474742220,83010,106900,16422,1075101,826433,47400543,True,False,Russian,0.1536202057998129,1371.724349619245,44.08938602047622,0.7687026614243685,11.8698951933502,1.0818315729994017,0.3137808519459372,0.2354140646204398,0.0688293392967589,0.7702615757402868,0.1228953882696872,0.2871846899243914,0.2997276516329169,1
nl_Kripp,1470897720,155895,29316,9256,1379123,96793,20034033,True,False,English,0.3157320234684131,1066.5457105711382,14.526647006829702,0.0701844578039812,3.5623977677282785,1.0193584855041302,0.6810197095264022,0.1782595741770958,0.0195388321393251,0.0548686032895678,0.0364822175789328,0.2103898792511445,0.1967598026604113,1
LEC,1470431925,45660,305119,28830,973727,551345,25924096,True,False,English,0.0944877244616035,1510.1069652993087,26.62357724495675,0.566221333084119,37.88436268068331,1.1170288081430726,0.1798255043047494,0.2613306487892433,0.0397082699647626,0.5628887133061641,0.393493440154573,0.3304507604429098,0.294616222827067,1
dota2mc_ru,1464683175,66675,182869,19495,428284,156721,38774178,True,False,Russian,0.106606368493293,3419.887679670499,90.53380000186792,0.3659277488769134,17.543307086614174,1.1268274781887195,0.2072783887003821,0.6189983542645425,0.1462669785735476,0.3577564464215748,0.1819092507139326,0.3424957391877498,0.3091175263102882,0
Fresh,1464179820,147660,57431,9728,3135667,1875187,25341820,True,False,English,0.1693858717417422,466.9436582392199,8.081795675369866,0.5980185395962008,3.952864689150752,1.019314004055369,0.3494954915864919,0.0659648543477307,0.0087932110879308,0.5954540751885149,0.0405437878691514,0.2103352005955338,0.2117644367792256,1
LCS,1461310140,31125,214124,46459,1162746,526244,28313058,True,False,English,0.2169724085109562,1256.7750308321852,24.35016590037721,0.4525872374534077,89.55951807228915,1.0105625040034003,0.4572953155022398,0.2138861170465984,0.0359177687497006,0.4465094507133414,0.9310095890677096,0.199577451674469,0.3806992821256765,1
ROSHTEIN,1435735725,118995,45843,11717,381918,242369,17836875,False,True,English,0.2555897301660013,3759.277449609602,46.703415392833016,0.6346100471829031,5.907979326862473,1.0297442217945438,0.5447767915067064,0.6825599764772147,0.0731877593142146,0.6329295586379488,0.0608805567241748,0.2231565069960107,0.369581858276045,0
ibai,1412913285,57795,173238,22837,1894953,1602088,44178173,True,False,Spanish,0.1318244265115044,745.6191710295717,23.31359827921853,0.8454499926911117,23.70827926291201,1.070498809531129,0.2644059377599941,0.1181557841659196,0.0341894801859684,0.8488629653075277,0.2460362393460471,0.2732539325399969,0.297484056550909,1
TFBlade,1394312895,141285,35833,9117,1008040,450146,35978104,True,False,English,0.2544302737699885,1383.1920310701955,35.69114717669934,0.4465556922344351,3.871748593268925,1.0824609377033343,0.5421502251748395,0.2375617558610195,0.0548267987456978,0.4403321957179703,0.0397000320808456,0.2879583341481799,0.2670882236214255,1
Sardoche,1361024835,164235,144066,8066,746865,370358,32261961,True,True,French,0.0559882276178973,1822.3170653330924,43.19650940933101,0.4958834595274916,2.946753128139556,1.0274060468845967,0.0926109419018513,0.3198020058748992,0.0673406294389869,0.4908516208170402,0.0300783870870268,0.2202823141758797,0.2034943165492807,1
LCK,1351758525,37140,171861,36030,934688,307853,28970100,True,False,English,0.2096461675423743,1446.213629574789,30.99440668971892,0.3293644510253689,58.206785137318256,1.0101664852974344,0.4406988674310618,0.2493645719450353,0.0469958355699497,0.3203098541967104,0.6048838108790452,0.1990906471516411,0.3102239311955739,1
Yassuo,1347412425,103905,70587,10531,1878416,689957,32362117,True,False,English,0.1491917775227733,717.3131111532269,17.22840787131285,0.3673078806824473,6.08113180308936,1.2313867845771242,0.3037489433243114,0.112854566381682,0.024043528512926,0.3591699193842225,0.0626816592364155,0.471024878056248,0.2222539158159676,1
HasanAbi,1339344945,193560,44649,6543,470123,340810,14154952,True,False,English,0.1465430356782906,2848.92452613465,30.109039549224352,0.724937941772685,2.02820830750155,1.0575475638816096,0.2977486347534589,0.5120671869847706,0.045519646392913,0.7254395901172676,0.0205238405965163,0.2573336619480747,0.3097720934655002,0
BeyondTheSummit,1339097490,505080,116547,2635,923689,114948,42403593,True,False,English,0.0226089045621079,1449.7276572526034,45.90678572549852,0.1244444829374389,0.3130197196483725,1.0061700936323763,0.0169953289125728,0.2500226863594509,0.0718595237842981,0.1104394394743473,0.0026827415728961,0.1941780975467011,0.1076963029417111,1
Dota2RuHub,1330625430,92160,105359,13189,777510,126221,43831479,True,False,Russian,0.125181522224015,1711.393332561639,56.3741675348227,0.1623400342117786,8.586588541666666,1.094716048293085,0.2493574815978343,0.2990279784252693,0.0893119850651665,0.1492504696354763,0.0887429927182942,0.3030228833045002,0.1964522984577568,1
Bugha,1324519320,100470,66311,12982,2942212,2220765,49441744,True,False,English,0.1957744567266366,450.1780701050774,16.804276510326243,0.7547943520045463,7.752762018512989,1.0155008480630945,0.4092746856168026,0.0628249601212582,0.0233363663695687,0.7560172700571406,0.0800696715025055,0.2056478927605167,0.2561951410712987,1
RocketLeague,1322448480,33540,206681,36086,1409120,412101,57189129,True,False,English,0.1745975682331709,938.4924491881458,40.58499560009084,0.2924527364596344,64.55456171735241,1.0926396561900378,0.3613017713080664,0.1542774929712104,0.0629864036669205,0.2825064282236001,0.6709122997264191,0.3004704860270483,0.3054091469872108,1
csgomc_ru,1308967860,77955,364816,17020,492954,447601,42952835,True,False,Russian,0.0466536555414236,2655.354982412152,87.133556072169,0.907997500781006,13.099865306907832,0.9865644262361432,0.0714649351845958,0.4758150801160916,0.1405976883336791,0.9129214930594148,0.1356893275178146,0.1700779037483662,0.3177610713266603,0
Clix,1256647110,89760,81926,12996,2035180,1687923,33286370,True,False,English,0.1586309596465102,617.4623915329356,16.35549189752258,0.8293728318871058,8.68716577540107,1.0772606349053513,0.3251319276709642,0.0941543158723422,0.0225880993987939,0.8323974132338176,0.0897891799418364,0.2815658812564465,0.2742711362290335,1
Gorgc,1252711830,141135,56449,8683,391726,136943,20882507,True,True,English,0.153820262537866,3197.928730796526,53.30896340809648,0.3495887431521012,3.6913593368051862,1.02222535787658,0.3142340490600679,0.5774294205351,0.0842013129492421,0.3410227237901814,0.0378236538154124,0.2139139714625835,0.2614375219354312,0
서새봄냥 (saddummy),1241997345,182310,25482,6681,580794,97615,30550147,True,False,Korean,0.2621850718153991,2138.447272182564,52.60065875336178,0.1680716398585384,2.198782293895014,1.0196912781997889,0.5597175019836504,0.379007528720757,0.0830203433632464,0.1551205391330198,0.0222981220974844,0.2107989634357301,0.2349938331223147,1
NoWay4u_Sir,1234567245,139920,24286,8479,383892,108832,23037239,True,False,German,0.3491311866919213,3215.923345628458,60.00968762047659,0.2834964000291748,3.635934819897084,1.0406155673273714,0.7566802672990532,0.5807994894385176,0.0953735556361545,0.2733337250527359,0.0372471374477683,0.2365200680977432,0.3299923738286621,0
RiotGamesBrazil,1228613130,38370,255542,25918,1011924,325801,33796768,True,False,Portuguese,0.1014236407322475,1214.1357750186774,33.398523999826075,0.3219619259944423,40.528537920250194,1.2354405947765374,0.1955377330869354,0.2059005485071166,0.0510042652836662,0.3127284993256877,0.4209976998138355,0.4760080091811948,0.2770294591997394,1
JLTomy,1228169940,121455,42079,10053,428073,277529,13890640,True,False,French,0.2389077687207395,2869.066584437701,32.44923178990499,0.6483216647627857,4.966283808818081,1.005882801637919,0.5069864283397039,0.5158394335692031,0.0494214926438911,0.646972420809241,0.0510852006295088,0.1938249449300012,0.3273549868202582,0
SolaryFortnite,1223349555,381735,46710,3180,1478270,447191,26737542,True,False,French,0.0680796403339756,827.5548817198483,18.08704905057939,0.3025096903813241,0.4998231757632912,1.007770096859152,0.1200021380296001,0.1335008745307725,0.0254751569954143,0.2928063375495817,0.0046258392486288,0.196144895568107,0.1287592069870174,1
ONSCREEN,1197130335,134880,88516,4134,918654,669348,22820310,True,False,English,0.0467034208504677,1303.1351684094338,24.84102828703734,0.7286181739806282,1.8389679715302487,2.146957296449717,0.0715776706748477,0.2225685400640668,0.0367361927790782,0.7292087291961113,0.0185553949123289,1.0,0.3464410879377388,1
AdmiralBahroo,1188645990,141210,21053,8152,778055,72454,12853095,True,False,English,0.387213223768584,1527.714608864412,16.519519828289773,0.0931219515329893,3.4637773528786915,1.032578089801317,0.8429491401764151,0.2646282449087176,0.0228615862327361,0.07836021987782,0.0354563848515332,0.2266400287135758,0.245149267460133,1
Quin69,1186941750,174270,36742,6616,538532,87860,19512632,True,True,English,0.1800664090142071,2204.031979529536,36.23300379550333,0.1631472224491766,2.277844723704596,1.0294642710317123,0.3736905710242158,0.3912903691613069,0.0557302464111909,0.1500771578871017,0.0231205160017293,0.222812378561009,0.2027868731744256,1
Trymacs,1184154975,107880,50957,10735,1607134,582089,21254933,True,False,German,0.2106678179641658,736.8116006505992,13.22536453089786,0.3621907071843418,5.970522803114572,1.0225052754885235,0.4430132559755928,0.1165062840612458,0.0173691795518516,0.3539291254573326,0.0615311232921881,0.2142580591469796,0.2011011712475318,1
dasMEHDI,1172969025,231465,47683,5013,299048,76568,7422911,True,True,English,0.1051318079818803,3922.3436538615874,24.82180452636366,0.2560391642813194,1.2994621217030653,1.0108890884090194,0.2039380034932317,0.7130993544678326,0.0367041406436978,0.2452131787375057,0.0129435471197565,0.1999789043415914,0.2353128548006026,0
sneakylol,1149209820,174885,22759,6775,1659108,183911,17820367,True,False,English,0.2976844325321851,692.6672766329859,10.740932476969553,0.1108493238535405,2.3243845955913884,0.9699234678940836,0.6401357272676325,0.1082388432172134,0.0132268395650262,0.096515849197728,0.0236046158078725,0.1496220675389492,0.1718906570990703,1
NickEh30,1148114400,117885,85073,9702,1660204,1445590,39439261,True,False,English,0.114043233458324,691.5501950362726,23.755671592165783,0.8707303439818239,4.938032828604148,1.003841962160905,0.2241254380581364,0.108029633851699,0.0349265572810872,0.8747540380966481,0.0507913387538639,0.1913162505859982,0.2473238761045721,1
fps_shaka,1131509385,215160,26572,5195,303671,128907,21331882,True,False,Japanese,0.1955065482462742,3726.102871199423,70.24668802750345,0.4244955889762276,1.4486893474623537,1.0123042797704902,0.4086677810389667,0.6763469724130355,0.1124418977001387,0.4177391655568902,0.0144957832590629,0.2017185230642741,0.3052350205053947,0
LVPes,1115650275,90960,233009,12947,587677,158934,51523747,True,False,Spanish,0.0555643773416477,1898.4072458170049,87.67358089562804,0.2704444788548811,8.54023746701847,0.9473456758862444,0.0916507756815621,0.3340523331811121,0.1414980818125652,0.2599664962007519,0.0882608567488118,0.1218684006052764,0.1728828240383466,1
Vader,1110952500,184305,16289,5913,424374,57681,11535871,True,True,English,0.3630057093744244,2617.861838849694,27.183265233025587,0.1359202024629218,1.9249613412549849,1.0194137667842105,0.7881108189557671,0.4687932861854435,0.0406414482054223,0.1221923888746575,0.0194498832709263,0.2104578335592751,0.2749409431752487,1
forsen,1106781045,109140,33966,10080,1308165,164792,18534278,True,True,English,0.296767355590885,846.0561511735905,14.168150042234734,0.125971876636357,5.54150632215503,1.0060445926813093,0.6380582335162214,0.1369658307658547,0.0189411034514952,0.1120037318760459,0.0570685670614796,0.194023825968924,0.1928435487733368,1
Papaplatte,1105525440,125550,42230,8546,919026,552959,23472239,True,False,German,0.202367984844897,1202.9316254382356,25.540342710652364,0.6016793866550021,4.084109916367981,1.0303603438108924,0.4242112878238336,0.2038022120635223,0.0379021727847394,0.5992033608127255,0.0419089783279399,0.2239138726952918,0.2551569807513421,1
StarLadder_cs_en,1088832810,32880,329195,29956,820675,260993,29821162,True,False,English,0.0909977369036589,1326.752746215006,36.3373588814086,0.3180223596429768,54.66423357664234,1.105466454205828,0.1719194857171985,0.22699168917173,0.0559042395958668,0.3086937611216804,0.5680347940199675,0.3162377798276171,0.2746302915756768,1
Symfuhny,1076179485,137400,45671,7327,2355063,704327,18756705,True,True,English,0.1604300321867268,456.9642022315327,7.964417512397757,0.2990692817984062,3.1995633187772925,1.0689854268742218,0.3292074439033719,0.0640958810644098,0.0085975042835162,0.2892828157432464,0.0327080755523597,0.2713936125322471,0.1658808888465252,1
DreamHackCS,1052904720,314595,212201,5001,1801697,275934,28759226,True,False,English,0.0235672781937879,584.3961109997963,15.962298877114188,0.1531522781022558,0.953797739951366,0.6692377063613645,0.0191663738289457,0.0879615940598882,0.0219325213287867,0.139840756160184,0.0093480052024158,0.0,0.0463748750967034,1
Mizkif,1052047935,123120,32671,7899,591653,365303,13585178,True,False,English,0.2417740503810719,1778.1502586820316,22.961394601227408,0.6174277828389275,3.8494152046783623,1.0817696869616331,0.5134795391911046,0.3115303544364997,0.0336022444124873,0.6153322059866341,0.0394677239835326,0.287108616742414,0.300086780792112,1
Rainbow6,1031011170,82380,135471,11535,1501197,428942,16786627,True,True,English,0.0851473747148836,686.7927194099109,11.182161301947712,0.2857333181454533,8.401310997815004,1.0849856243593157,0.158666409183137,0.1071386439184931,0.0139625086295744,0.275624682528202,0.0868157673215534,0.2910617958391046,0.1555449679033441,1
stylishnoob4,1029543660,118515,25263,8485,354579,124038,20638084,True,False,Japanese,0.3358666825000989,2903.566370258814,58.20447347417642,0.3498176710972731,4.295658777369953,1.0238105512702609,0.7266316167081738,0.5223006252343885,0.0923636883583682,0.3412571821655319,0.0441094734829329,0.2158625645516863,0.3237541917501803,0
Maximilian_DOOD,1023316710,110040,43253,9235,833047,133195,15517436,True,False,English,0.2135112015351536,1228.402130972202,18.62732354837122,0.1598889378390414,5.035441657579062,1.006984033172364,0.4494544948025316,0.2085723813311647,0.0263759667609808,0.1467401597956364,0.0518045687717313,0.1951786297018881,0.1796877001939888,1
Trainwreckstv,1021699920,148425,49379,7134,728097,379973,12449595,True,True,English,0.1444743716964701,1403.246984948434,17.098813756958208,0.5218713990031548,2.88388074785245,0.9649019782003156,0.2930624014588903,0.241317689347553,0.0238274538245079,0.5174673756721102,0.0294243993153632,0.1434494199911587,0.2080914566015972,1
dota2ti,1017577605,6315,483530,147643,663297,121422,16228039,True,False,English,0.3053440324281844,1534.120620174673,24.46572048418733,0.1830582680156852,1402.7838479809975,1.0913934030026815,0.6574873476231612,0.2658279760345732,0.0361104350665036,0.1704692135251641,1.0,0.2989385339271752,0.4048055843627628,1
GRONKH,1017544335,54645,100330,17860,1216020,192000,16800930,True,False,German,0.1780125585567626,836.782565253861,13.816327034094837,0.157892139931909,19.610211364260223,1.042608967357976,0.3690378954421374,0.1352290543011653,0.0183545023759702,0.1446951233416642,0.2034088363285869,0.2389704476785173,0.1849493099113402,1
SypherPK,1016450160,145230,130401,6553,3611359,1118169,26996445,True,False,English,0.0502526821113335,281.4591847556557,7.475425456178685,0.3096255453971759,2.7072918818425946,1.0680450787349636,0.0796179645253522,0.0312269362543417,0.0077821986910314,0.3000940970452313,0.0275875520629604,0.2702376930761013,0.119424406942503,1
ZeratoR,1011013035,84960,262273,10516,880728,240442,31456198,True,True,French,0.040095625550476,1147.928798675641,35.716132563061464,0.273003696941621,7.426553672316384,1.1315967040001462,0.0566087484087658,0.1935011682343568,0.0548684573472484,0.2625875397537091,0.0766765079471733,0.3483582922955052,0.1654334523311265,1
SilverName,1006608690,95625,29927,10618,614395,108466,27464678,True,False,Russian,0.3547966719016273,1638.3738311672455,44.701988134669065,0.1765411502372252,6.662274509803922,0.9913945021218132,0.7695145340784482,0.285352734287472,0.0698507422486418,0.1637946555320016,0.0687266065097218,0.1760152565837854,0.2555424215400118,1
Sacriel,1002681105,163095,66781,5573,672403,136341,60194490,True,False,English,0.0834518800257558,1491.1907070610928,89.5214477032375,0.2027667931285256,2.050216131702382,1.1031463714742291,0.1548255323018358,0.257787972591223,0.1445790646695466,0.1906538562302765,0.0207527622285993,0.3133858267504962,0.1803308357953296,1
dakotaz,978947160,132615,43397,7112,4520305,489250,18504106,True,False,English,0.163882296011245,216.56661663316967,4.093552536831033,0.1082338470523559,3.217735550277118,1.0379462238071957,0.337028005298681,0.0190737210877453,0.0021435387799964,0.0938371878350354,0.0328971000036443,0.2332387874940067,0.1197030567498515,1
Stray228,972961650,93750,36971,10290,773712,197486,23738903,True,False,Russian,0.2783262557139379,1257.524311371673,30.68183380896251,0.2552448456273135,6.5856,1.008577026239067,0.596282818566636,0.2140264438649076,0.0464746769652266,0.2443996709720429,0.0679290513419187,0.1971368105100722,0.227708245370134,1
AdmiralBulldog,972317520,154845,16681,6198,694253,66513,17095676,True,True,English,0.3715604580061147,1400.5233250702554,24.62456193923541,0.0958051315586681,2.4016274338854986,1.0131164171697538,0.8074902581574934,0.2408075966590089,0.0363752743925664,0.0811082200362152,0.0244080826316552,0.2027168399446721,0.2321510453036019,1
pokimane,964334055,56505,112160,16026,5367605,2085831,45579002,True,False,English,0.1428851640513552,179.65816318451152,8.491497045702879,0.3885962174936494,17.01725511016724,1.0649163287253116,0.2894623011796916,0.0121614291380542,0.0094763138382371,0.3809725388019613,0.1764373478165912,0.2663916887521862,0.1891502699211202,1
lestream,955346835,253395,47638,3652,883706,124020,25815105,True,False,French,0.0766614887274864,1081.0686302910697,29.21232287661281,0.1403407920733818,0.864736873261114,1.0323625915813526,0.1394429674847628,0.180979456797096,0.044024533928904,0.1267197708741829,0.0084216092637984,0.226375128327408,0.120993911112692,1
ybicanoooobov,938816460,114765,17036,8255,523512,101937,16237397,True,False,Russian,0.4845621037802301,1793.304566084445,31.01628424945369,0.1947175995965708,4.315775715592733,0.9909555098279336,1.0,0.3143684846552737,0.0470323124340926,0.1824102106719918,0.0443187264417192,0.1754756269376909,0.2939342268567947,1
Method,905107560,230940,148350,4135,401400,132108,22813009,True,False,English,0.0278732726659925,2254.876831091181,56.83360488290982,0.329118086696562,1.074305014289426,0.9478192328728736,0.0289209278982418,0.4008126987441949,0.090078013540533,0.3200575382104161,0.0106015013076009,0.1224505187715016,0.1621535330787481,1
Nightblue3,899215845,118980,17738,7234,2641880,175130,19181711,True,False,English,0.4078250084564212,340.36967803231033,7.260629173164564,0.0662899147576725,3.6480080685829552,1.04474784005211,0.8896419005828762,0.0422598159981382,0.0074240648347466,0.0508799760615361,0.0373727213205079,0.2415996489904043,0.2115296879647016,1
EsfandTV,888938940,189045,29597,4393,471970,216021,24144005,True,False,English,0.1484272054600128,1883.464923618027,51.1558043943471,0.4577007013157615,1.3942712052685868,1.070398599808012,0.3020169254189907,0.3312539039922715,0.0806113106923702,0.4517464453872793,0.0139297350294769,0.2731307501102032,0.2421148451050986,1
shroud,888505170,30240,471281,29612,7744066,833587,30621257,True,False,English,0.0628330019669793,114.7336773731009,3.954157544628365,0.1076420319764836,58.75396825396825,0.9922256086121242,0.1081167029777745,2.236360271510197e-06,0.0019111229048062,0.0932310757193095,0.6105755162911157,0.1770368911488703,0.165145590900358,1
NOBRU,888211260,38655,132224,22070,1549722,1400039,6781403,True,False,Portuguese,0.1669137221684414,573.1423184287246,4.375883545564946,0.9034129992347014,34.25688785409391,1.0411379181385505,0.3438952250659909,0.0858539603737268,0.0026142745464063,0.9082262393474612,0.3557610659741479,0.2371621658914941,0.3222521551998712,1
buster,884353800,59295,97838,14195,1087377,1052053,37351933,True,False,Russian,0.1450867760992661,813.2908825549924,34.350490216364705,0.9675144866959664,14.363774348596005,1.0506851061793616,0.2944497074338304,0.1308294830910095,0.0525914963446404,0.9738762874288832,0.1488362937052657,0.2488980113163176,0.3082468798866578,1
Scarra,864157695,138360,27421,6060,1242014,333090,15626904,True,False,English,0.2209985047955946,695.7712996793917,12.581906484145913,0.2681853827734631,2.6279271465741543,1.030646716558039,0.4664158041954336,0.1088201711112464,0.0162963299270488,0.2576528249859417,0.0267620136289157,0.224265895330651,0.1833688398632062,1
Baiano,859718520,85860,107069,9229,425797,363343,19412227,True,False,Portuguese,0.0861967516274551,2019.0807356557232,45.5903329520875,0.8533244715204663,6.449336128581412,1.084952568389724,0.1610436077371122,0.3566523154186132,0.0713318961620535,0.8569276754139142,0.0665116578024924,0.2910211619113097,0.3005813857409159,1
괴물쥐123 (tmxk319),857951685,116400,71933,7173,427926,367486,17151766,True,False,Korean,0.0997177929462138,2004.9066544215589,40.08114954454742,0.8587606268373504,3.6974226804123713,1.0275643305867794,0.191673402890911,0.353997763995984,0.0621463317238051,0.8624951571068652,0.0378867236810097,0.2204768838286554,0.2881127105378718,1
WePlayEsport_RU,853324635,92970,115737,8627,346934,243137,28789066,True,False,Russian,0.0745396891227524,2459.616627370048,82.98139127326812,0.7008162935889823,5.567602452404001,1.0639265694168851,0.1346363637832972,0.4391567937512771,0.1336747063784349,0.7007352123285283,0.0573400145554767,0.2651750307999371,0.2884530202661586,0
elded,853049385,110940,44758,7699,2601858,1108422,14789437,True,False,Spanish,0.1720139416417176,327.8616223483372,5.684182995382531,0.4260117193175031,4.1638723634396975,0.998738273202584,0.3554489711143174,0.0399172813067053,0.0047956266655565,0.4192919225012994,0.0427386536922997,0.1850425598976829,0.1745391691963102,1
LPL,850636305,48765,146577,17573,502467,280538,31029241,True,False,English,0.1198892049912332,1692.919743983187,61.75378880603104,0.5583212429871016,21.621654875422948,0.9926354401623124,0.2373685682510399,0.2955682063221013,0.098281528132552,0.5547977732163548,0.224331528513701,0.1775406750591343,0.2646480465824806,1
juansguarnizo,849083325,123780,45631,6039,1204773,946280,12708431,True,False,Spanish,0.1323442396616335,704.7662298208875,10.548402894155164,0.7854425688490695,2.927290353853611,1.1358861494645764,0.2655834927967217,0.1105047603420465,0.012905831394053,0.7874058850353598,0.0298759386298897,0.3536310771944278,0.2599844975654165,1
Rakin,842581305,144510,51854,5333,1258173,517248,24523589,True,False,Portuguese,0.1028464535040691,669.6863666602287,19.49142844426005,0.4111103957881786,2.2142412289806934,1.0933075171568165,0.1987608919188399,0.1039349305858635,0.0278167050002867,0.4040306135220324,0.0224589233024461,0.3012914516388998,0.1763822526613947,1
SolaryHS,827452485,460065,17513,1802,149073,35986,10445269,True,False,French,0.1028949922914406,5550.65293513916,70.06814782019548,0.2413985094550992,0.2350102702878941,0.9980885717386384,0.1988708489169109,1.0,0.1121442142763483,0.2302188356832097,0.00187130059161,0.1842439167872138,0.2878915193758821,0
Cellbit,817373955,103095,68813,8264,1293451,547018,18105470,True,False,Portuguese,0.1200935869675788,631.9326785475445,13.99780123097048,0.4229135854392629,4.809544594791212,0.959384910918026,0.2378315635130917,0.0968643413297876,0.0186570776953903,0.4161189440553303,0.0494548260700337,0.1366675855340887,0.1592657230329537,1
dota2ti_ru,812538090,6195,457060,126232,541644,108438,12068376,True,False,Russian,0.2761825580886535,1500.1330948002746,22.281011143850943,0.2002016084365376,1222.5859564164648,1.0390416462128915,0.5914266083394658,0.2594627215716036,0.0324678283605737,0.1880267019311114,1.0,0.2345853314159643,0.3843281986031198,1
uzra,812362125,208785,14181,3683,185506,29752,20715640,True,False,Chinese,0.2597137014314928,4379.169002619861,111.6709971645122,0.1603829525729626,1.0584093684891156,1.0564492866947488,0.5541190005943238,0.7986545562058095,0.181509422365798,0.1472461089135012,0.0104361575123028,0.2559836087969781,0.3246581423981189,0
OverwatchLeague,805163370,24480,254493,33132,1796619,83198,27099682,True,False,English,0.1301882566514599,448.1547673713793,15.083711126287763,0.0463080931460704,81.20588235294117,0.9927158197276256,0.2606994519599358,0.0624460317758214,0.0204676355548213,0.0304154345741211,0.8441164957183177,0.1776394813411302,0.2326307551540246,1
Thijs,794621265,108720,24923,7180,755116,68557,15548337,True,False,English,0.2880873089114472,1052.3168162242623,20.59066024292956,0.0907900243141451,3.962472406181016,1.0179496447391885,0.6183949512697768,0.1755947572406795,0.0296494747181057,0.0759719580745037,0.0406437257023097,0.2086580669756484,0.1914854889968373,1
Swagg,790021440,108375,74199,6309,784966,723082,7527027,True,False,English,0.0850281001091659,1006.440329899639,9.588984745836123,0.9211634644048278,3.4928719723183392,1.1554448991142987,0.1583962113001444,0.1670029134360364,0.0113061755879769,0.9264055193928826,0.0357590221184515,0.3776735975271958,0.2794239065604479,1
TeePee,789698115,170010,78741,4410,520519,238257,17102146,True,True,English,0.0560064007315121,1517.1360027203618,32.85594954266799,0.4577296890219185,1.5563790365272632,1.053290202617133,0.0926521102360207,0.2626470615413303,0.050099620752872,0.4517761333770335,0.0156159530293357,0.2521003164327302,0.187481865894887,1
LVNDMARK,788421150,199350,96236,3688,248829,244295,8815201,True,False,English,0.0383224572924892,3168.5259756700384,35.426742863572976,0.9817786512022312,1.1100075244544771,1.0723859457553753,0.0525919142585734,0.5719228113827475,0.0543859524938469,0.9884850449283636,0.0109728727263227,0.2755736877316479,0.325655380586917,0
Agraelus,779867430,169515,23555,4642,414951,132125,20334558,True,True,Czech,0.197070685629378,1879.4205339907603,49.00472103935164,0.318411089502134,1.6430404388992124,0.9910772633733442,0.4122110885777433,0.3304964622885475,0.0770247692201238,0.3090918818978913,0.0165173901495412,0.1756252920309892,0.220161147360806,1
BLASTPremier,753808200,25260,113167,24689,501371,315910,21104122,True,False,English,0.2181643058488782,1503.4938199457088,42.09282547255425,0.6300922869491853,58.6437054631829,1.2087152779147416,0.459995371692014,0.26009212516881,0.0655004365881104,0.6283026585719692,0.6094285815558022,0.4431560127316918,0.4110791977180663,1
cloakzy,748023225,101670,40497,6743,2138294,558107,14533643,True,False,English,0.1665061609501938,349.8224402257126,6.7968403783577,0.2610057363486966,3.97934493951018,1.0911114143178633,0.3429719591478373,0.0440301489681363,0.0066507811109545,0.2502997330116197,0.040819230914994,0.2985919003841433,0.1638939589229475,1
aceu,744620970,118125,26141,6328,859439,763489,15894732,True,True,English,0.2420718411690448,866.4035143855468,18.49431082368848,0.8883574052376026,3.2142222222222223,0.9961551180944356,0.5141541374427676,0.1407765272807628,0.0261541921596836,0.8928069330419537,0.0328605549647058,0.1818672260791819,0.2981032618281759,1
蝦愛橘子 (shuteye_orange),728551080,325935,7441,2217,85247,29549,18572922,True,True,Chinese,0.2979438247547372,8546.35447581733,217.8718547280256,0.3466280338311026,0.4081181830733121,1.0082385861364846,0.6407233396011766,1.0,0.3585800966170427,0.3379904897972319,0.0036719395625365,0.1967207842715097,0.4229477749749161,0
Elraenn,726379485,51150,65543,13224,1223076,672978,20881140,True,False,Turkish,0.2017606761973056,593.8956246382073,17.072643073692884,0.550234000176604,15.512023460410555,1.0738783612129728,0.4228355254818424,0.0897406827377737,0.0237838189552825,0.5465151591869045,0.1607801850375353,0.2774082338875538,0.2535106008811488,1
Elajjaz,726000045,145755,13080,4922,346566,37883,12800182,True,False,English,0.3762996941896024,2094.839208116203,36.93432708344154,0.1093096264492189,2.026139755068437,1.011979177317015,0.8182262532678927,0.3708405197560809,0.0568995758338752,0.0949389558583084,0.0205023238670697,0.2013188920813181,0.2604544201107575,1
CDNThe3rd,722562675,134280,55752,4919,2009972,167704,15136396,True,False,English,0.0882300186540393,359.48892571637816,7.530650178211438,0.0834359881630191,2.1979445933869526,1.093924549098433,0.1656496547899263,0.0458405084818959,0.0078742759019883,0.0684402634752844,0.0222894084797386,0.3020499358604359,0.1020240078315449,1
POW3Rtv,721548885,177885,69009,3836,1080764,495072,23271722,True,False,Italian,0.0555869524264951,667.628534074044,21.53265837870247,0.4580759536772135,1.2938696348764651,1.0574207619051137,0.0917019159900748,0.1035495354178139,0.0312200858117588,0.4521307630770502,0.0128853750260473,0.2571777910896233,0.1581109110687281,1
IzakOOO,717096330,129165,43050,4463,1461767,286467,23586902,True,False,Polish,0.1036701509872241,490.5681480016993,16.13588348895549,0.1959730928390092,2.073162234351411,1.243958135451081,0.2006268491763431,0.0703892979410638,0.0222219421956568,0.1836960340591915,0.0209914436729995,0.4864781644068791,0.1640672885753556,1
DreadzTV,715644660,109725,35865,6249,675908,57448,32228705,True,True,Russian,0.1742367210372229,1058.7900424318102,47.682088390727735,0.0849938157264006,3.417088174982912,1.0437135478245214,0.3604843286693567,0.1768070765123392,0.0748195190907782,0.0700357249612656,0.034970731989761,0.2403282491127452,0.1595742717227077,1
따효니 (ddahyoni),711864630,152445,17253,4534,322895,46946,15586820,True,False,Korean,0.2627948762534052,2204.6319391752736,48.27210083773363,0.1453909165518202,1.7845124471120732,1.0299181567186229,0.5610989181467747,0.3914027308519732,0.0758032578684569,0.1318918960144456,0.0179889578392232,0.2233703158551475,0.2335926794293368,1
WePlayEsport_EN,704823000,107745,87751,6127,175061,137229,17857171,True,False,English,0.0698225661246025,4026.156596843386,102.00542096754846,0.7838924717669841,3.411944869831547,1.0676651373029291,0.1239504626206293,0.7325416584116984,0.1653938265647039,0.7858183407832662,0.0349172322071924,0.2697706514825157,0.3520653620116676,0
ElmiilloR,686456910,126105,45726,5163,426716,189847,20714971,True,False,Spanish,0.1129116913790841,1608.6973771782637,48.54510025403313,0.4449024644025534,2.456524324967289,1.054335548245088,0.2215621072259957,0.2797948662427225,0.0762584348964337,0.4386390292884368,0.0249791107254842,0.2533853036617189,0.2157698086734653,1
Squeezie,667977780,29775,158972,19260,2149306,875678,21128175,True,False,French,0.121153410663513,310.7876589001287,9.830231246737318,0.4074236055731478,38.81108312342569,1.164806976519117,0.2402324276137414,0.0367196339098414,0.0117084103867852,0.4002547580080843,0.4031330280711848,0.3891818963905376,0.2468716923966958,1
allkeyshop_tv,663185955,487005,6075,1361,67472,26937,55639770,True,False,English,0.2240329218106996,9829.054348470476,824.6349596869812,0.3992322741285274,0.1676779499183786,1.000561469898775,0.4732897992815161,1.0,1.0,0.3918655407763446,0.0011709212842207,0.1872837176620509,0.5089349965006887,0
Domingo,662502810,65610,102022,11423,829700,276400,23040428,True,False,French,0.1119660465389817,798.4847655779197,27.769589008075208,0.3331324575147644,10.446273433927756,0.8839699671376718,0.2194198973874387,0.1280565626995016,0.041619036791423,0.3241688880038339,0.1080871176445736,0.043964046110265,0.1442192581061726,1
PlayHearthstone,661075170,41175,43877,13154,825727,39065,28719610,True,False,English,0.2997926020466303,800.5977399309942,34.78099904690049,0.0473098251601316,19.16794171220401,1.220560749734198,0.6449114541406327,0.1284522849323765,0.0533092917621444,0.0314413663815156,0.198808422873555,0.4577170149517165,0.2524399725069901,1
ESL_DOTA2,661049190,212010,99858,4714,337177,91323,14784068,True,False,English,0.0472070339882633,1960.540576611097,43.84660875445241,0.2708458762015203,1.334088014716287,0.6614360374808811,0.0727185271284139,0.3456887926402693,0.0684245522246583,0.260377590484992,0.0133037197505711,0.0,0.1267521970381508,1
Kitboga,656365305,80760,20913,7394,772055,331906,8392545,True,False,English,0.3535599866111987,850.1535577128573,10.87039783435118,0.4298994242638154,5.49331352154532,1.0991826381456231,0.7667130178177894,0.1377332015871595,0.0134426995745373,0.4232735464348472,0.0565672737728042,0.3085134222842915,0.2843738602452382,1
DansGaming,653181210,187530,33646,3270,817365,29415,13757678,True,False,English,0.0971883730606907,799.1303885045237,16.83174346834034,0.0359875942816244,1.046232602783555,1.0651608036292175,0.1859433994743819,0.1281774763044108,0.0233821625419044,0.0198456135994587,0.0103094968731877,0.2666922086194208,0.1057250595687941,1
老皮 (mobilmobil),652685055,126120,16497,5303,446426,34362,20520762,True,True,Chinese,0.3214523852821725,1462.02294445216,45.9667716486047,0.0769713233548225,2.522835394862036,0.9758837340155196,0.6939782906319844,0.2523253733264587,0.071959539434771,0.0618194256086929,0.0256688671596937,0.1569487025222528,0.2104500331139756,1
Destiny,650910525,162690,24101,3894,571183,115692,8579344,True,True,English,0.1615700593336376,1139.583154610694,15.020306976923331,0.2025480450223483,1.436105476673428,1.0274589691550409,0.3317899963234434,0.1919381786508087,0.0203619206318361,0.1904298236179766,0.0143648879823361,0.2203473686801807,0.161538695981097,1
우왁굳 (woowakgood),650364705,158850,14177,4100,591500,207575,18626351,True,False,Korean,0.2892008182267052,1099.5176754015215,31.4900270498732,0.3509298393913778,1.5486307837582625,0.998586955019692,0.6209174317077946,0.1844346323485144,0.04782219265744,0.3423962181672585,0.0155353570261377,0.1848565525836133,0.2326603974151264,1
RATIRL,649761570,145050,14480,4420,423002,249048,14109245,True,True,English,0.3052486187845304,1536.0720989498868,33.35503141829117,0.5887631736965783,1.828335056876939,1.0134772843191846,0.6572712030015229,0.2661934530396357,0.0509317492897844,0.585975118609098,0.0184447931484279,0.2031604345472413,0.2969961252726183,1
bratishkinoff,646333065,60795,56790,10626,1128907,389268,25254350,True,False,Russian,0.1871104067617538,572.529947108132,22.370620431975357,0.344818483719208,10.487046632124352,1.0005037014498606,0.3896476414143373,0.0857392741987712,0.0326172356010743,0.3361372246616388,0.1085112334949744,0.1872127060108722,0.1899775525636113,1
Yogscast,644580630,443130,54885,1384,961860,127684,20999649,True,False,English,0.025216361483101,670.1397604641008,21.832334227434345,0.1327469694134281,0.1873942184009207,1.0510176458871332,0.0229021129745051,0.1040198431207359,0.0317197409539975,0.118942497015304,0.0013760065447363,0.249306784516483,0.0880444975209603,1
앰비션_ (lol_ambition),639445965,113415,57254,5332,362297,108498,17248420,True,False,Korean,0.093128864358822,1764.9772562290054,47.608509040924986,0.2994725322042412,2.8207909006745138,1.0574095134020247,0.1767472201985452,0.3090632871307407,0.0746968388659717,0.2896958078527964,0.0287681494902081,0.257163963908997,0.1893558779078765,1
jukes,628079220,76605,24263,8165,1327059,353576,19915875,True,False,Portuguese,0.3365206281168857,473.2865833395501,15.00752792453086,0.266435780172547,6.395143920109653,1.004155841477381,0.7281130277779052,0.06715277055694,0.0203406138789968,0.2558609555703851,0.065947959696931,0.1917020855694997,0.2215195688417763,1
木棉花官方頻道 (muse_tw),625892895,446655,16702,1397,121053,120954,13670649,True,True,Chinese,0.0836426775236498,5170.403831379644,112.93110455750788,0.999182176402072,0.1876616180273365,1.003070401461169,0.1552577540618746,0.9468386610954812,0.1836104229681075,1.0,0.0013787879900232,0.1903678124627245,0.4129089064297018,0
Shlorox,625142130,115650,13945,5216,331632,77979,13181386,True,False,German,0.3740408748655432,1885.047673324649,39.74702682491437,0.2351371399623679,2.7060959792477304,1.0363239816826209,0.8131092529160493,0.3315503246502294,0.0615892426700496,0.2238062043304389,0.0275751124882287,0.2312446523901141,0.2814791315741851,1
coscu,622424175,77160,80444,8919,1865296,1061265,19438119,True,False,Spanish,0.1108721595146934,333.6865435834313,10.420929975725032,0.5689525951913262,6.935458786936237,0.9044364765871938,0.2169418681672435,0.0410081846743291,0.0126932934152358,0.5656859571106776,0.0715682227462864,0.0691224268039874,0.1628366588196266,1
dogdog,622199835,103335,24727,5856,594239,50345,12089717,True,False,English,0.2368261414647955,1047.0531806226115,20.34487302247076,0.0847218038533317,3.4002032225286687,1.0282089497631053,0.5022708287839456,0.1746089726142385,0.0292396690927326,0.069757141838581,0.0347950975954567,0.2212692795559522,0.1719901649134844,1
chocoTaco,620395515,160830,30514,3846,1134153,250201,17922897,True,False,English,0.1260405059972471,547.0121888316655,15.80289167334566,0.2206060381623996,1.434806939003917,1.002980080031405,0.2513033744025575,0.0809602553392043,0.0216667387193109,0.2089240608790811,0.0143513808150709,0.190256785180793,0.1279104325560029,1
Locklear,619247415,108450,50103,5512,824676,469017,17854413,True,False,French,0.1100133724527473,750.8978253277651,21.65021535730396,0.5687288098598723,3.049515905947441,1.0359181376180124,0.2149964209810384,0.1191443815250954,0.0314160907588136,0.5654567655840574,0.031147307967096,0.230745770081683,0.198817789482964,1
餐餐自由配 (blusewilly_retry),618755280,100515,17585,5941,374480,42764,18366224,True,False,Chinese,0.3378447540517486,1652.3052766502883,49.04460585345012,0.11419568468276,3.5463363677063127,1.0361639743504758,0.7311126270829094,0.2879618443818289,0.0770912699159452,0.0999430512492997,0.036315149636504,0.2310479639716117,0.2439119843730165,1
Amouranth,618067800,235170,13495,2560,1707804,532750,48015117,True,False,English,0.1896998888477213,361.9079238601151,28.115121524484078,0.3119503174837393,0.6531445337415487,1.026630668771527,0.3955137063110978,0.0462935434869668,0.0421951496125427,0.3024750308629287,0.0062206618526842,0.2193291835114496,0.1686712126062783,1
UberHaxorNova,615472275,181950,7808,3247,421256,65267,7518457,True,False,English,0.4158555327868852,1461.0409703363275,17.84771492868944,0.1549342917370909,1.0707337180544103,1.041775514261246,0.9078337919779904,0.252141467171054,0.0250761107418655,0.1416658195938425,0.0105643532935442,0.2379459285562111,0.2625379118890846,1
Sfory,612617325,73590,75219,3197,457502,450299,12391816,True,False,Russian,0.0425025591938207,1339.0484085315477,27.085818204073423,0.9842558065319932,2.6066041581736648,2.603921187833937,0.0620612784844007,0.2292944463914271,0.0404789729531861,0.9910220432562462,0.0265402155419725,1.0,0.3915661594378721,1
Giantwaffle,612594165,165525,36340,3429,878934,15334,10831070,True,False,English,0.094358833241607,696.9740219402139,12.322961678578825,0.0174461336118525,1.2429542365201631,1.079298998665795,0.1795335214927349,0.10904541943851,0.0158645864141661,0.0008562292235364,0.012355761740176,0.2840715323350543,0.1002878417740296,1
ZanoXVII,610609920,95730,30648,6073,514866,322929,6034891,True,False,Italian,0.1981532237013834,1185.958909696892,11.721284761471916,0.6272097982776101,3.806330303979944,1.0502979445266958,0.4146634085292925,0.2006235265478454,0.0148613992475294,0.6253505348790921,0.0390195621981597,0.2484220942933489,0.2571567542825446,1
침착맨 (zilioner),601906185,97545,43164,5843,465887,121506,18265409,True,False,Korean,0.1353674358261514,1291.9574596415011,39.20566360512313,0.260805731862018,3.5940335229893896,1.0560583302447146,0.2724320688084275,0.2204751555108492,0.06068661765795,0.2500948968262678,0.0368112873070651,0.2555030270334446,0.1826671755240007,1
SkipNhOLIVE,600910875,498765,7940,1196,324765,271487,6544645,True,False,Portuguese,0.1506297229219143,1850.294443674657,20.15194063399689,0.8359490708666266,0.143875372169258,1.007355852903159,0.3070063827462982,0.3250416674974832,0.0289179893163566,0.8391325206751441,0.000923330931972,0.1956356877244028,0.2827762631486095,1
Kamet0,600882645,130620,70983,4560,565661,221911,14071951,True,False,French,0.0642407336968006,1062.2663485727317,24.877004071343084,0.3923038710464395,2.094625631603124,1.0088233797919235,0.1113056980780341,0.177458126358846,0.0367961758764832,0.3847697616691687,0.0212147022688548,0.1974396396995489,0.1548306839918226,1
MYM_ALKAPONE,599850495,97830,26221,5948,770535,153803,7831334,True,False,Spanish,0.2268410815758361,778.4857209601121,10.16350198238886,0.1996054689274335,3.647960748236737,1.0308607595171646,0.4796512441094334,0.1243111000155806,0.0122640789117285,0.1874161609127058,0.0373722291023409,0.2245290068428398,0.1775906366491048,1
김진우 (jinu6734),597275955,121545,12810,4710,274875,90213,9977487,True,False,Korean,0.3676814988290398,2172.900245566166,36.29827012278308,0.3281964529331514,2.325064790818216,1.0433187834025457,0.7987030854684405,0.3854599532552524,0.0558390661782103,0.3191136396633203,0.0236116910825584,0.2398429864138518,0.3037617370102723,1
imaqtpie,596368095,167190,26087,3478,2652018,50312,13182700,True,False,English,0.1333231111281481,224.87332099555888,4.970818448441904,0.0189712136192137,1.248160775165979,1.0255917666371184,0.2678009723380085,0.0206294179627845,0.0036062206267383,0.0024181520396299,0.0124099192667641,0.2180521169229609,0.0874861331928144,1
x2Twins,595707975,125745,31874,4167,1288969,1035561,15264996,True,False,English,0.1307335132082575,462.15849644172977,11.842795288327338,0.8034025643750936,1.988309674340928,1.1368919425966382,0.2619346450376911,0.065068679290795,0.0150639960194627,0.8057997572608381,0.0201088218223903,0.3548674446648042,0.2538072240159969,1
C_a_k_e,588662010,129660,17317,4403,302633,45957,18161823,True,False,Russian,0.2542588208119189,1945.1348993665597,60.012698549067686,0.151857199974887,2.037482646922721,1.031124975472636,0.5417618254310342,0.3428035853544888,0.0953785758136557,0.1385143915983268,0.02062031069267,0.2248537933243597,0.2273220803690892,1
SmiteGame,586925850,344055,33245,1588,535211,73678,8305604,True,False,English,0.0477665814408181,1096.6251627862655,15.518373127607616,0.137661595146587,0.2769324671927453,1.0742487718796936,0.0739860939856209,0.1838929165680733,0.0211923556315784,0.123975850038181,0.0023073681305174,0.2778635598232911,0.1138696906962103,1
RatedEpicz,582401145,175920,11860,3336,134757,74221,7251200,True,True,English,0.2812816188870152,4321.861906988134,53.80944960187597,0.5507765830346476,1.1377899045020463,0.99238676078237,0.6029777295917839,0.7879219641088147,0.0850357829320572,0.5470708497352751,0.0112618603029955,0.1772349868553542,0.36858386225438,0
wtcN,582125625,77385,73861,7438,1852272,566210,25333548,True,True,Turkish,0.100702671233804,314.2765344398663,13.67701287931794,0.3056840464035519,5.767009110292692,1.0113553036040626,0.1939044899417625,0.0373730377795091,0.0181222212825305,0.2960573795103901,0.0594142085855421,0.2005519976377895,0.134237222456254,1
Anton,581034300,142890,137531,3199,207484,128050,6176254,True,True,English,0.0232602104252859,2800.3812342156502,29.76737483372212,0.6171560216691407,1.3432710476590384,1.2711174898044784,0.0184707600351692,0.5029758982801389,0.0449499824285175,0.6150538796237093,0.0133992400923161,0.5198636998301869,0.2857855767150063,1
benjyfishy,580787955,34350,75491,14423,1739112,1455278,20411553,True,False,English,0.1910558874567829,333.9566140651091,11.73676738473428,0.8367937200134321,25.19301310043668,1.172290528198683,0.3985855081527775,0.0410587640360178,0.0148872137145982,0.8399975748150066,0.2614801873798622,0.3983810244861237,0.3257317120973976,1
StarLadder5,580541850,41715,189859,13089,1029203,104382,21525216,True,False,Russian,0.0689406348922094,564.0693332607852,20.91445127929087,0.1014202251645205,18.826321467098165,1.063248593584227,0.1219525859518805,0.0841547528351813,0.0301893375632877,0.0868589628006268,0.1952549473755426,0.2643416315267866,0.1304587030088843,1
Reborn_Live,578122875,32100,57849,17488,697007,682512,9965787,True,True,Spanish,0.3023042749226434,829.4362538683256,14.297972617204705,0.9792039391283014,32.68785046728972,1.0298523794153107,0.6506012544949072,0.1338532218209233,0.0191575590565661,0.9858481330852265,0.3394402068056679,0.2232894593494588,0.3920316391021249,1
CasinoDaddy,577240710,267465,6524,2168,151098,42680,7493491,False,True,English,0.3323114653586757,3820.3067545566455,49.593581648996015,0.2824656845226277,0.4863440076271662,0.9954758194040356,0.7185778307458462,0.6939896716788171,0.0780065875178467,0.2722781095710518,0.0044856312416635,0.1810322006880678,0.3247283385738822,0
H2P_Gucio,575998575,157995,10011,3581,220488,78264,13401489,True,False,Polish,0.3577065228248926,2612.380605747252,60.78103570262327,0.3549580929574398,1.3599164530523118,1.018060868684325,0.7761063442509425,0.467766749446344,0.0966596387066837,0.3465217860872843,0.0135723827589667,0.2087947885969345,0.3182369483078593,0
Xayoo_,575138175,91260,23935,6091,572789,215098,12984472,True,False,Polish,0.2544808857321913,1004.1012920988356,22.66885711841533,0.3755274629924806,4.0046022353714665,1.0346730353392135,0.5422648786248258,0.1665648535703472,0.033114491201132,0.3675880699644094,0.041081952996823,0.2292152327318775,0.2299715798482358,1
Jinnytty,569601090,151815,15190,3607,372334,213291,15165872,True,False,English,0.2374588545095457,1529.8121847588457,40.73190200196598,0.5728485714439187,1.4255508348977377,1.0401835599065556,0.5037041407970483,0.2650210832862218,0.0632313434558135,0.5696760521683207,0.0142551003995522,0.235989024580909,0.2753127907813109,1
KendineMuzisyen,567374295,58545,43422,9583,1372290,486410,17629667,True,True,Turkish,0.2206945787849477,413.4507247010472,12.84689606424298,0.3544513185988384,9.82116320778888,1.011296158708752,0.4657273075605545,0.0559465864629592,0.016738152005456,0.3460027690983459,0.1015848277365113,0.2004792939949926,0.1977464894764699,1
Jahrein,566176425,61890,43683,8929,1422862,247212,18410268,True,False,Turkish,0.2044044594006822,397.9137997922497,12.938899204560949,0.1737427803961311,8.656325739214736,1.0245389559158649,0.4288246010301977,0.0530367988415561,0.0168915505604497,0.1609286828082261,0.0894683871477442,0.216757953255773,0.1609846622739912,1
Mathil1,561997440,134715,25866,3953,293595,66982,13159849,True,False,English,0.1528261037655609,1914.1928166351609,44.82313731500877,0.2281442122651952,1.7606057231934082,1.0553379787382042,0.3119819385289205,0.3370086877257262,0.0700527365407774,0.2166443418256615,0.0177402841762897,0.254617537620666,0.2013409210696735,1
Greekgodx,561616335,89745,45741,7083,1278824,403108,12441822,True,True,English,0.1548501344526792,439.1662457069933,9.729112059204397,0.3152177312906232,4.73541701487548,0.8835115419142887,0.3165670621055657,0.0607626427379473,0.0115398124759304,0.3058213786938344,0.048683763632338,0.043400528607785,0.1311291980422335,1
Brunenger,559915035,183225,64308,2844,659652,649562,12736000,True,False,Spanish,0.044224668781489,848.8036646595477,19.307149830516696,0.9847040560780532,0.9313139582480556,1.0745034321201308,0.0659624472375421,0.1374803908076909,0.0275094538242206,0.9914811215930648,0.009114132741606,0.2781765999776112,0.2516206910302893,1
ClassyBeef,558883590,273660,33624,1941,108623,88671,6626543,False,True,English,0.0577266238401142,5145.168058330188,61.00497132283218,0.8163188275043038,0.4255645691734269,1.052166572290823,0.096549005467175,0.9421124530158976,0.0970330107506481,0.8190280508472755,0.0038534138938263,0.2507190980291702,0.3682158386673321,0
Diegosaurs,558587535,128580,32463,4150,521201,270255,9851921,True,True,English,0.1278378461633244,1071.731510492113,18.90234477677518,0.51852356384581,1.9365375641623888,1.0468144814442089,0.2553749662134828,0.1792307815753231,0.0268345147940583,0.514038663675666,0.0195702971663272,0.2441400602426534,0.2065315472779184,1
BobRoss,558170835,238035,11659,2175,1519266,216326,7491995,True,False,English,0.1865511621922978,367.3950677498213,4.931325390023867,0.1423884954971677,0.5482387043922112,1.0781198939883514,0.3883807606912123,0.0473211872106025,0.0035403731124831,0.1288169426178069,0.0051294493161554,0.2826221222914882,0.1426351392066247,1
Nick28T,556741020,183660,15155,3024,977377,78054,6777975,True,True,English,0.1995381062355658,569.6277076297068,6.934862391891768,0.0798606883526008,0.9879124469127736,1.002436459537897,0.4178006423660999,0.085195736751159,0.0068809077931555,0.0647785917457275,0.0097028605631445,0.1895885417090707,0.1289912134880595,1
녹두로 (nokduro),555637890,140670,15858,4040,165823,95603,9518923,True,False,Korean,0.2547610039096986,3350.7890340905665,57.404117643511455,0.576536427395476,1.7231819151204948,0.9777076220098018,0.5428994423535822,0.6060574161609955,0.0910292401267049,0.5734529991648065,0.01735100811044,0.1591907100622308,0.3316634693297933,0
GMHikaru,554249955,68355,46106,7155,505361,425023,20086431,True,False,English,0.1551858760248124,1096.740656679087,39.74669790506193,0.8410284925033787,6.280447662936142,1.133250034081846,0.3173276318972419,0.1839145465046053,0.0615886942558335,0.8443346507330479,0.0647549088007421,0.3503906421551807,0.3037185123911086,1
SkipNhO,553663800,131580,23408,3875,1076499,281967,13901197,True,False,Portuguese,0.1655416951469583,514.3189171564488,12.913339445740313,0.261929644152015,1.7669858641130871,1.0858867658090994,0.3407871133737944,0.0748373914017048,0.0168489342969665,0.2512459605347689,0.0178066493134756,0.2921695206178934,0.1656159282564339,1
jovirone,553283745,96450,29272,5632,1089830,300545,17980307,True,False,Portuguese,0.1924022957092101,507.6789453400989,16.498267619720508,0.2757723681675124,3.5035769828926906,1.0185515947529338,0.4016355845480042,0.0735938436655153,0.0228261520282765,0.2654230964045786,0.0358703738118212,0.2093980117933882,0.168124510375264,1
Chap,550951215,157545,22571,3430,1272899,273926,13683195,True,False,English,0.151964910726153,432.8318389754411,10.7496313533124,0.2151985349976706,1.3062934399695325,1.0195637842193637,0.3100310409787187,0.0595763218665651,0.0132413433640971,0.2033859235155852,0.0130146053267182,0.2106422419340199,0.1349819128309507,1
김도 (kimdoe),549244755,134985,11759,4062,287639,10062,14188002,True,True,Korean,0.3454375372055447,1909.4933406109744,49.3257242585324,0.0349813481481996,1.8055339482164685,1.0017064919243448,0.7483128846048899,0.3361285600786835,0.0775599838856283,0.0188150586208242,0.018207619906756,0.1886912317324414,0.2312858898048706,1
RebirthzTV,548041425,118920,14578,4629,276694,76546,8434367,True,False,Thai,0.317533269309919,1980.676939145771,30.482652316277186,0.276644957968008,2.3355196770938447,0.9955688635612062,0.6851001490314877,0.3494599725093502,0.0461425779406301,0.2663167661870858,0.0237204410256522,0.1811465748725471,0.2586477469277922,1
Klean,545108145,169605,101124,2801,276242,154466,7844435,True,False,English,0.0276986669831098,1973.2992991652247,28.396967151989923,0.5591691343097719,0.9908905987441408,1.1474424461541313,0.0285253861516185,0.3480782727446557,0.0426650760937613,0.5556661478564091,0.0097338387903243,0.3678366119605046,0.2254175555995456,1
接接 (godjj),544706325,126705,12461,4378,331744,19325,20264128,True,False,Chinese,0.351336168846802,1641.9477820246937,61.08363075142278,0.0582527491077457,2.0731620693737423,0.9819579888746012,0.7616753080011387,0.2860220712396392,0.0971641610857424,0.0426486489542691,0.0209914419569299,0.1644154577377608,0.2288195148292466,1
Gladd,543954570,171195,54477,2779,337972,157424,9290817,True,False,English,0.0510123538373992,1609.4663759127975,27.489901530304287,0.4657900654492088,0.9739770437220712,1.1433600320739274,0.0813388814876608,0.2799388859256234,0.0411527086335839,0.460031231986496,0.00955790687699,0.3628183196213789,0.2058063224219555,1
CSRuHub,540556545,110880,106003,5044,511431,121099,23271913,True,False,Russian,0.0475835589558786,1056.949119236026,45.50352442460469,0.2367846297936574,2.7294372294372296,0.966524428106258,0.0735714852960919,0.1764623045862025,0.0711871586821048,0.2254934941410406,0.0278179041899198,0.1454438105095257,0.1199960262341475,1
CriticalRole,539495145,21300,110800,17689,571210,237069,7827030,True,False,English,0.1596480144404332,944.4777664956846,13.702543722974038,0.4150294987832846,49.82816901408451,1.4318735125434046,0.3274359055424636,0.1553984356489847,0.0181647893352195,0.4080443940169114,0.5177308756309067,0.7174724434632664,0.3573744739396254,1
Vinesauce,536989080,86790,19065,6125,442493,80616,5560969,True,True,English,0.3212693417256753,1213.5538415296965,12.567360387621951,0.182185932884814,4.23435879709644,1.0101588492984472,0.6935636342081516,0.2057915627925909,0.0162720769485106,0.1695758045645777,0.0434718415479079,0.1990812606282592,0.2212926967816663,1
울프 (lol_woolf),532969650,50910,73800,9633,308528,141297,9294132,True,False,Korean,0.1305284552845528,1727.4595822745423,30.12411191204688,0.4579713996784733,11.352975839717148,1.086770450794604,0.2614701185230784,0.3020368990972426,0.0455447768250844,0.4520236832678874,0.1175184813565317,0.2932557871028298,0.2453082910287757,1
Mithrain,530456265,105540,40183,4990,1258713,371005,24222810,True,False,Turkish,0.1241818679541099,421.4274937972357,19.24410886357732,0.2947494782368975,2.836839113132461,1.007237641855627,0.2470929218801347,0.0574404923749159,0.027404344442079,0.2848586545771469,0.0289350802578461,0.1954903772334592,0.140203645127597,1
EWROON,526660590,101235,21341,5172,514693,232079,13289271,True,False,Polish,0.242350405323087,1023.2518996761175,25.819801318455852,0.4509076284309287,3.0653430137798194,1.0058694496517888,0.5147851807754781,0.1701514192001502,0.0383681193434052,0.4447892657776897,0.0313119388421466,0.1938085320506623,0.2322024093315886,1
ludwig,525883695,94575,60346,5368,542580,505089,8508355,True,False,English,0.0889537003281079,969.2279387371448,15.681291238158428,0.9309023554130268,3.4055511498810467,1.0358594886607393,0.1672890419429355,0.1600336993989573,0.021463992041536,0.9363796820569602,0.0348507258232449,0.230673676068876,0.2584484695554184,1
RduLIVE,525737445,127380,11854,3953,234884,62490,7653194,True,False,English,0.333473932849671,2238.2854728291413,32.582866436198294,0.2660462185589482,1.861987753179463,1.0440970081929464,0.721211218240398,0.397705434650654,0.0496443041867106,0.2554619829462492,0.018794842753117,0.2407996163458136,0.2806028998538238,1
Hiko,523057245,79665,41644,5268,1001350,479830,11106951,True,False,English,0.1265008164441456,522.3520697058971,11.091976831277774,0.4791831028112048,3.967614385238185,1.2463381683579031,0.2523461354121029,0.0763418569240934,0.013812142376468,0.473747817694474,0.0406972116910727,0.4894038110141377,0.2243914958520581,1
FENGRUSH,521568750,100605,16128,4985,95643,23288,44675247,True,False,English,0.3090897817460317,5453.287224365609,467.1041999937267,0.2434888073356126,2.973013269718205,1.039984423226441,0.6659727543014153,0.9998176514711754,0.7741298429552369,0.2323596308783778,0.0303515405988895,0.2357442365568073,0.4897292761269837,0
Chess,521511525,96315,83666,5767,326118,181232,84500786,True,False,English,0.0689288360863433,1599.1497709418063,259.11107635886395,0.5557252282916,3.592586824482168,0.9389014938654856,0.121925857610607,0.2780067706830185,0.4273390214251775,0.5521390441239489,0.036796238996047,0.111488421232179,0.2546158923451629,0
72hrs,519458565,136515,30702,3756,1024814,315190,12051692,True,False,English,0.1223373070158296,506.880824227616,11.759882281077347,0.3075582495945606,1.6508076035600483,1.013082828965067,0.242914358827462,0.0734443698830831,0.0149257536131886,0.2979768596110418,0.0165981828710111,0.2026755517688641,0.1414225127624418,1
TwitchRivals,516113670,36555,109148,14509,999480,644684,71159574,True,False,English,0.1329296001759079,516.3821887381438,71.19659623003962,0.6450194100932485,23.814526056627,0.9731081125682238,0.2669095350904075,0.0752238051961493,0.1140256973959112,0.6435903904318144,0.247141400365095,0.1535367801714994,0.2500712681084795,1
狂暴小建 (a541021),516009420,166575,8337,3105,207369,18023,18201933,True,False,Chinese,0.3724361281036344,2488.363352285057,87.77557397682392,0.0869127015127622,1.1184151283205763,0.9976683697772906,0.8094739512087175,0.444540540200757,0.1416681367826535,0.0720009670972382,0.0110603271871259,0.1837273850875649,0.2770785512606762,0
hashinshin,515812965,192255,12540,2483,570621,159892,11386166,True,False,English,0.1980063795853269,903.9501963650127,19.95399047704168,0.2802070025463486,0.7749083248810174,1.0805326418601,0.4143307562513862,0.1478083479975345,0.0285879433208312,0.2699648624653124,0.0074872280312347,0.2855879836478241,0.1922945202856872,1
JoshOG,510984165,159300,85051,2957,1748928,120782,20688501,True,False,English,0.0347673748691961,292.16992637775826,11.829246830058183,0.0690605902587184,1.1137476459510358,1.0847766829897711,0.0445384334790075,0.0332328662289658,0.0150414064218283,0.053717585406742,0.011011776831943,0.2908049554369523,0.0747245039675731,1
B0aty,510323715,151215,22375,3152,516113,49577,8448691,True,True,English,0.1408715083798882,988.7829118817004,16.369847300881784,0.0960584213147121,1.2506695764309097,1.0706922720381156,0.2849006805712442,0.1636959954534796,0.0226120344310553,0.0813676287538813,0.0124360153894384,0.2734917456078645,0.1397506833678272,1
AustinShow,509643945,21000,72199,24739,840624,378656,11648873,True,True,English,0.342650175210183,606.2686111745561,13.857411874988104,0.4504463351034469,70.68285714285715,0.9809919271479964,0.7419985538573782,0.0920579213982289,0.0184230038988899,0.4443168285484114,0.7346577830550359,0.1632279299499133,0.365780336784643,1
39daph,509052375,135495,12648,3766,505362,470589,8983449,True,False,English,0.2977545857052498,1007.3024386479397,17.776265330594704,0.9311918980849372,1.6676630133953283,0.9976056107249168,0.6402946482611939,0.1671643709560304,0.0249569814918776,0.9366762194866732,0.0167735099680339,0.1836502387556273,0.3282526614865728,1
scump,506838930,71355,79976,6789,893010,275270,8661072,True,False,English,0.0848879663899169,567.5624349111432,9.698740215675077,0.308249627663744,5.708639899096069,1.0462602994562082,0.1580787603721024,0.0848089481796384,0.0114891729336953,0.2986849399580346,0.0588070620103699,0.2434588340930694,0.1425546195911516,1
플러리 (flurry1989),505333050,128790,12084,3859,169505,51935,10969148,True,False,Korean,0.3193478980470043,2981.2279873750035,64.71282853013186,0.3063921418247249,1.7978103890053576,1.0167654522597065,0.6892109053842551,0.536845254462459,0.1032151903562246,0.2967825810663498,0.0181272807617337,0.2072024027703314,0.3085639358002256,0
Kyle,501208575,161295,9339,3059,182260,60506,5692219,True,True,English,0.327551129671271,2749.9647481619663,31.231312410841653,0.3319762975968396,1.1379150004649865,1.015823161265623,0.7077940380237404,0.4935337938807938,0.0473908329055229,0.3229847976307761,0.0112631615298566,0.2060440950671108,0.2981684531729668,0
SummonersInnLive,499421415,64875,110095,6328,503346,46779,13724263,True,False,German,0.0574776329533584,992.203007473984,27.2660615163327,0.0929360718074644,5.852485549132948,1.2165313899870656,0.0959849557259831,0.1643365180714918,0.0407794959956854,0.0781698496789156,0.0603033199172844,0.4527639394543855,0.1487230131406243,1
Aydan,495563580,140595,51268,3507,1701314,425036,11009240,True,True,English,0.068405243036592,291.28284373137467,6.4710218102008215,0.2498280740651049,1.49663928304705,1.0050640515314495,0.1207397398050512,0.0330667315453807,0.006107537724124,0.2388520413055713,0.0149945503071888,0.1928184994038409,0.1010965166818595,1
Faker,492835710,17115,56325,29414,2716270,750480,26508938,True,False,Korean,0.5222192632046161,181.4384100255129,9.759316268264936,0.2762906485732272,103.11656441717793,0.9789740431962052,1.0,0.0124948374702303,0.0115901725180834,0.2659538974031576,1.0,0.1607474535999951,0.4084643934985777,1
Mongraal,492733995,27060,89706,18180,2951980,1454481,19515587,True,False,English,0.2026620292956993,166.9164408295449,6.611015996043333,0.4927137040223849,40.31042128603104,1.0015920189579934,0.4248773993371303,0.0097751328663355,0.0063409526460662,0.4876052905124221,0.4187288878025141,0.1885505162638995,0.2559796965713947,1
탬탬버린 (2chamcham2),490230510,95055,16243,5107,489270,144698,13076008,True,False,Korean,0.3144123622483531,1001.9631491814336,26.725546221922457,0.2957426369898011,3.223607385198043,1.0098561449336418,0.6780302243314437,0.166164417716382,0.0398782847454176,0.2858758060109573,0.0329581778285648,0.1987091624125762,0.2336026788408902,1
EmadGG,487281450,132630,67732,2741,702744,623391,9556065,True,False,English,0.040468316305439,693.3982360575117,13.598216420204228,0.887081213073324,1.2399909522732413,1.3403835018118972,0.0574530207699778,0.1083757388189955,0.0179908424738845,0.8914999106893654,0.0123249381630726,0.6050086877196234,0.2821088564391532,1
쌍베 (pacific8815),483895050,120435,20936,3992,171858,54326,14452008,True,False,Korean,0.1906763469621704,2815.667876968195,84.09272771706874,0.3161098115886371,1.9887906339519243,1.0064864440551298,0.3977257187823816,0.5058388125386083,0.1355276583972646,0.3067350098243521,0.0201138246821965,0.1945669701284123,0.2600846657255359,0
FolagorLives,482387190,79995,57813,5032,786983,417899,9640983,True,False,Spanish,0.087039247228132,612.9575734164524,12.250560685554834,0.5310140117385,3.774235889743109,1.198373760641439,0.1629521491769574,0.0933106441632389,0.0157438708856352,0.5268308552017846,0.0386857215776242,0.4304437410493055,0.2113278303424243,1
lilypichu,477949200,56280,33075,8407,1363222,657630,14729189,True,False,English,0.2541798941798942,350.6026164483848,10.804688451330744,0.4824085878895733,8.962686567164178,1.0101517087877068,0.5415830295443784,0.0441762619942705,0.0133331410924026,0.4770512238846776,0.0926551002049046,0.1990724831819633,0.2279785399837662,1
mistermv,476597370,71655,39961,6627,479900,150486,12959273,True,True,French,0.1658366907735041,993.1180871014794,27.004111273181916,0.3135778287143155,5.549089386644337,1.0036635923876855,0.3414553796263226,0.1645078960879471,0.0403427414605608,0.3041418594307516,0.0571474448043788,0.1910969902050341,0.1831153852691659,1
Bonjwa,473157810,251250,11063,1802,123954,20250,14247514,True,False,German,0.1628852933200759,3817.20485018636,114.94194620585056,0.1633670555205963,0.4303283582089552,1.0450694584789704,0.3347694523160843,0.6934087405748557,0.1869631368223396,0.1503023016751817,0.0039029660145157,0.2419949972465897,0.2685569324415944,0
KingGeorge,472786395,160140,12621,2914,767727,250434,6445996,True,False,English,0.2308850328817051,615.8261921229812,8.396208548090662,0.3262018920788249,1.0917946796553015,1.0131543165858905,0.4888121805484675,0.0938478850427425,0.0093174375456375,0.3170708943047671,0.0107834258224283,0.2027634276611359,0.1870992084875298,1
KingRichard,472405995,137175,17327,3312,1536757,109795,9570639,True,False,English,0.1911467651641946,307.40448554976484,6.227815458136843,0.0714459084943162,1.4486604702022965,1.0398006949231782,0.3987913773233868,0.0360860261661125,0.0057020352288508,0.056160528044401,0.0144954828827312,0.2355183892226979,0.1244589731446967,1
melharucos,468792120,130275,13825,3519,328473,59167,17845821,True,True,Russian,0.2545388788426763,1427.18616141966,54.32964353234512,0.1801274381760449,1.6207253886010362,1.0225862629433475,0.5423962529067771,0.245801068122404,0.0859031119925075,0.167467580840632,0.0162852728040164,0.2143576126748981,0.2120351498902059,1
INSCOPE21TV,468467130,59925,51244,7554,658658,491663,10630158,True,True,German,0.1474123799859495,711.2448797403205,16.13911620294599,0.7464617449419881,7.563454317897372,1.0348897864453943,0.2997179977214406,0.1117180953777521,0.0222273321600987,0.7474833642779479,0.0781005251027825,0.2294816732237715,0.2481214979772988,1
JohnPitterTV,461605275,508965,4148,900,286184,211365,19054606,True,False,Portuguese,0.2169720347155255,1612.966745170939,66.58166074972745,0.7385633019316244,0.1060976687984439,1.0077210613696423,0.4572944687274093,0.2805944423627864,0.1063311292363635,0.7393941110650317,0.0005303737076196,0.1960846188748278,0.2967048573290065,1
Zizaran,460519830,156195,20745,2552,267004,47149,16917944,True,False,English,0.1230175946011087,1724.7675315725608,63.36213689682552,0.1765853695075729,0.9803130702007108,1.1553153355749248,0.2444554434888825,0.3015327262409794,0.1009631569574168,0.1638399430493342,0.0096238131432876,0.3775143320278378,0.199654902484623,1
imls,460332570,78945,32758,5621,392024,177673,8610645,True,False,English,0.1715916722632639,1174.2458880068568,21.96458635185601,0.4532197008346428,4.272088162644879,1.037369534179781,0.3544923861696492,0.1984298874768609,0.0319402473922671,0.4471571931142165,0.0438642959704799,0.2325298939123046,0.218068984005963,1
TSM_ImperialHal,459076530,120975,23107,3550,302593,287810,8907366,True,False,English,0.153633098195352,1517.1419365286044,29.43678802880437,0.9511455982127808,1.7606943583384995,1.0689591435781458,0.3138100576428281,0.2626481728372832,0.0443987888714377,0.9571119601328912,0.0177412061439449,0.2713613038882061,0.3111785815860985,1
악어 (jdm2088),458883255,32625,65622,15405,276488,132821,5377506,True,False,Korean,0.234753588735485,1659.6859719047482,19.449328723127223,0.4803861288735858,28.33103448275862,0.9130403847086518,0.4975757861428025,0.2893441163445784,0.0277465113485799,0.4749799064020292,0.294121350349771,0.079698748892877,0.2772444032467731,1
Ramee,457242510,159825,10845,2825,132642,74094,6606894,True,False,English,0.260488704472107,3447.1925182069026,49.80996969285746,0.5586013479893247,1.0605349601126233,1.0127061207709207,0.555874648241421,0.6241120612332007,0.0783673753467354,0.5550846449816146,0.0104582675536751,0.2022124846209387,0.3376849136629309,0
Towelliee,453487500,183090,15495,2392,705098,21398,17009119,True,False,English,0.1543723781865117,643.1552777060778,24.12305665311772,0.0303475545243356,0.7838767819105358,1.03547476787829,0.3154847803329443,0.0989661330487512,0.0355391052580533,0.014069322035696,0.0075805163909439,0.2302007594765515,0.11697343609049,1
SPYGEA,452479680,143730,17228,3131,222046,92067,10569192,True,False,Japanese,0.1817390294868818,2037.774515190546,47.599110094304784,0.4146303018293507,1.3070340221248171,1.0054687735927732,0.3774796299613404,0.3601533253421963,0.0746811678266461,0.4076355532823565,0.0130223087359299,0.1933160024939034,0.2377146646070621,1
FollowGrubby,451910415,132015,15296,3365,430649,46282,12249560,True,False,English,0.2199921548117154,1049.3706359471405,28.444417611558368,0.107470352885993,1.529371662311101,1.0172881880739948,0.4641360763895225,0.1750429904688688,0.0427441911316441,0.0930552492136906,0.0153350269310798,0.2078449738277237,0.1663597513270882,1
Amar,449223195,100800,45549,4207,604374,281928,11787544,True,False,German,0.0923620716151836,743.2867644868905,19.503724514952665,0.4664793654260441,2.504166666666667,1.05932477192208,0.1750101716895313,0.1177189662160478,0.027837206468713,0.4607371840386868,0.0254746782345006,0.2595182883282776,0.1777160824959595,1
mch_AGG,443328990,499575,11191,884,219431,124548,11142208,True,True,Portuguese,0.0789920471807702,2020.3571509950737,50.777729673564814,0.5675952805209838,0.1061702447080018,1.0038600457447655,0.1447224815647175,0.3568913651389416,0.0799809396458254,0.5642958524984649,0.000531128629847,0.1913384797642659,0.2229600412070104,1
IWillDominate,442870530,93480,23813,4591,797244,79514,8695968,True,False,English,0.1927938520975937,555.5018664298508,10.907536463115433,0.0997360908329194,2.946726572528884,1.0319312999788337,0.4025225940382209,0.0825502198225181,0.0135046215042366,0.0851341432336551,0.0300781108600958,0.2258449647275551,0.1399391090310469,1
Nadeshot,440331540,50175,40327,7985,1472104,428800,7844647,True,True,English,0.1980062985096833,299.1171411802427,5.328867389803981,0.2912837679946525,9.548579970104631,1.0990501060939186,0.4143305725872513,0.0345339550708158,0.0042032023170604,0.2813092198752275,0.0987494634097286,0.3083505077521812,0.1902461535020441,1
buddha,438460680,135090,11971,3184,247303,24901,6326808,True,True,English,0.2659761089299139,1772.969515129214,25.58322381855457,0.100690246377925,1.4141683322229626,1.019375971574506,0.5683055010512177,0.3105600940054207,0.0379736692572075,0.0861113492219658,0.0141367015489562,0.2104113739381811,0.2045831148371582,1
Deadlyslob,438143850,119085,104568,3088,315637,130944,6321235,True,False,English,0.0295310228750669,1388.125758387008,20.02691382822673,0.4148563064532992,1.5558634588739135,1.191467958076708,0.0326763005890765,0.2384857545775036,0.0287095297868847,0.4078670177150315,0.0156105900785599,0.4219548089063969,0.1908840002755756,1
懶貓 (failverde),437353350,184845,14610,2348,169973,29861,13001718,True,False,Chinese,0.1607118412046543,2573.0754296270584,76.49284298094403,0.1756808434280738,0.76215207335876,1.0076893237545173,0.3298458379654948,0.4604055942883598,0.122856228567684,0.1629135654727469,0.0073545396795336,0.1960456055293623,0.2132368952505302,0
嬌兔 (zrush),436243530,137910,10628,3084,180412,49296,13297850,True,True,Chinese,0.2901768912307113,2418.0405405405404,73.70823448551094,0.2732412478105669,1.341744616053948,1.025696494104456,0.6231285717718651,0.431370337711036,0.1182133987909357,0.2628308293650072,0.013383362411219,0.2181808527730513,0.2778512254705191,0
HoneyMad,434971635,67995,21369,6394,533250,74407,14755893,True,True,Russian,0.2992184940802097,815.6992686357244,27.67162306610408,0.1395349273323957,5.642179572027355,1.0004867167756888,0.6436109027265021,0.1312805306468425,0.0414556963458139,0.1258944380919314,0.0581157530285049,0.1871918276632563,0.1979248580838085,1
ESAMarathon,433329345,301395,22132,1460,244440,35038,32500708,True,False,English,0.0659678293873125,1772.7431885125184,132.95985927016855,0.1433398789068892,0.2906484845468571,0.9847572827448255,0.1152181620639251,0.3105177070857747,0.2170047399514956,0.129791309501724,0.002450039802634,0.1678564793264401,0.1571397396219989,1
Nmplol,429213420,63870,24687,6767,455444,130564,8859183,True,False,English,0.2741118807469518,942.4065746831664,19.451750379849116,0.2866741026339133,6.35697510568342,0.9930707715023236,0.5867358140943553,0.1550105385372336,0.0277505490220826,0.2765881944426326,0.0655509342021165,0.1780758044912888,0.2149519724649516,1
relaxing234,428279160,51180,19194,8405,258402,88247,12225523,True,False,Chinese,0.4378972595602792,1657.414261499524,47.31202931865853,0.3415105146244998,9.85345838218054,0.99560929581217,0.9577658615567144,0.2889186656936075,0.0742025126851106,0.3327493418102357,0.1019207566299211,0.1811962760668108,0.3227922357404001,1
Doigby,428267280,59655,93577,6829,1068260,611786,11805401,True,False,French,0.0729773341739957,400.9017280437347,11.051055922715443,0.572693913466759,6.868493839577571,1.0512619181320562,0.1310970940695401,0.0535963842608619,0.0137439141809869,0.5695176579712619,0.0708716647902701,0.2496070552659158,0.1814056284231394,1
Sequisha,426325350,163530,19755,2540,252495,86220,7404102,True,True,English,0.1285750442925841,1688.4506623893542,29.32375690607735,0.3414721083585814,0.9319390937442672,1.0263843085932365,0.2570449727724941,0.2947312274233096,0.0442103299684512,0.3327100077276109,0.009120635294369,0.2190263461776828,0.1928072532273196,1
HusKerrs,425044665,107610,39433,3247,361360,288952,6298662,True,False,English,0.0823422006948494,1176.2360665264555,17.43043502324552,0.7996236440115121,1.81042654028436,1.216465088101311,0.1523117280917333,0.1988026122505664,0.0243803721583587,0.8019295459226862,0.0182585118146101,0.4526824381076786,0.2747275347242722,1
얍얍 (yapyap30),422278350,46800,36933,9306,301033,26768,9798569,True,False,Korean,0.2519697831207863,1402.7643148757777,32.54981679749396,0.0889204838007793,11.930769230769233,0.969593989540798,0.5365763701154407,0.2412272938921536,0.0495891999065438,0.0740572532922348,0.1235285896198197,0.1492170574974105,0.1956992940539338,1
Elwind,421436625,58965,18270,7165,703464,200170,14369324,True,False,Turkish,0.3921729611384784,599.0876931868581,20.42652360319789,0.2845490316490964,7.290765708471127,0.997520380790549,0.8541846460871723,0.0907130641376339,0.0293758066316758,0.2744117860961966,0.0752640647171194,0.1835454701754934,0.2512491396408819,1
Shiphtur,420316860,118410,19688,3414,709343,58604,7906425,True,False,English,0.1734051198699715,592.5438892045174,11.146123948498822,0.0826172951590415,1.729921459336205,1.0397403855330345,0.3586004668570841,0.0894875269134744,0.0139024228767865,0.0676017925254873,0.0174211116993853,0.2354442541289545,0.1304095958335287,1
BarbarousKing,419187600,188895,13419,2244,159402,42931,4822422,True,True,English,0.1672255756762799,2629.751195091655,30.25320886814469,0.2693253535087389,0.7127769395696022,0.988928999261537,0.3446016802004659,0.4710199495581757,0.0457600225922512,0.2588203350788626,0.0068409479628703,0.172984546353823,0.2166712469577415,1
alexelcapo,418413015,72930,74670,5772,680023,211908,13364167,True,False,Spanish,0.0773001205303334,615.2924459907973,19.652522047048407,0.3116188717146332,4.748663101604278,0.9939685635386992,0.1408896875145852,0.0937479239566513,0.0280852993743598,0.3021355780430336,0.0488215471662757,0.1791794120160913,0.1321432413451661,1
moistcr1tikal,415091820,103170,42135,3977,1166681,724159,7780736,True,False,English,0.0943870891183101,355.7886174541284,6.669120350807119,0.6207000885417694,2.31288165164292,1.0116613388279496,0.1795975307428292,0.0451475070520716,0.0064378311224835,0.6186835638916827,0.0234849641476987,0.2009281902996221,0.1790465978760646,1
Rush,412717875,86265,15405,4731,542991,120906,7575905,True,False,English,0.3071080817916261,760.082349431206,13.952174161266024,0.2226666740332712,3.2905581637976,1.0112666941365476,0.661483524350204,0.1208644783075377,0.0185810028294991,0.2110344774912194,0.0336545884035665,0.2004430747790915,0.2076768576935197,1
LosPollosTV,411900525,69900,54323,5671,476096,138468,6201733,True,False,English,0.1043940872190416,865.1627507897567,13.026223702782632,0.2908405027557467,4.867811158798284,1.0390956398149458,0.2022668129899452,0.1405441544931417,0.0170371483280527,0.2808552462562133,0.0500609049266552,0.234651702850666,0.1542359949741124,1
DreamLeague,411414600,244560,147514,1751,349054,61032,7424007,True,False,English,0.011870059790935,1178.6560245692644,21.26893546557266,0.1748497367169549,0.4295878312070657,0.960744988563944,0.0,0.1992558270275325,0.0307803756708546,0.1620623809260744,0.0038952631790002,0.1383394559267132,0.0890555504550291,1
Voyboy,411274050,80670,21187,4632,1251182,139443,8151140,True,False,English,0.2186246283098126,328.7084133243605,6.514751650838966,0.1114490138125388,3.445146894756415,1.100653705912465,0.4610381599174706,0.0400758700824387,0.0061804493045419,0.0971300264376239,0.0352625940051103,0.3103217268706575,0.1583348044363072,1
BastiGHG,410621295,144135,10455,2733,507730,236118,8093220,True,False,German,0.2614060258249641,808.7394776751423,15.940007484292831,0.4650463829200559,1.13768342179207,1.0423951551396904,0.5579526956688212,0.1299770865159394,0.0218953544730058,0.4592695836109306,0.0112607526880158,0.2387076198036486,0.2365105154600602,1
DatModz,409985220,228615,14288,1753,270720,36757,9812812,True,False,English,0.1226903695408734,1514.4253102836878,36.24708924349882,0.1357749704491725,0.4600747982415852,1.023013965430039,0.2437141665170941,0.2621393974222099,0.05575373134183,0.1220436483529752,0.0042123834080203,0.2148833643674559,0.1504577819015976,1
dafran,408885990,92565,19611,4319,599036,142689,7944645,True,False,English,0.2202335423996736,682.573317797261,13.26238322905468,0.2381977043115939,2.7995462647869065,1.0227564350411662,0.4646829020516533,0.1063484256060351,0.0174309015190082,0.2269407056445369,0.0285471664127344,0.2145667960938358,0.1764194828879673,1
yeTz,408478725,87990,21212,4221,849972,281059,10731565,True,False,Portuguese,0.1989911370922119,480.57903672120966,12.625786496496357,0.330668539669542,2.8782816229116945,1.0998178703676107,0.416561569692523,0.0685185163981648,0.0163694918915687,0.3216454469509993,0.0293661581731231,0.3092942791328469,0.1936259103732043,1
Aurateur,407829960,163815,15547,2492,142427,26782,4368785,True,True,English,0.1602881584871679,2863.431512283485,30.673853974316668,0.1880401890091064,0.9127369288526692,0.999027452815588,0.3288860513232626,0.5147840855324263,0.046461372037813,0.1755714875239317,0.0089208976516835,0.1853980328624676,0.2100036544885974,1
pokelawls,407214675,118335,22496,3352,668807,182123,5999354,True,False,English,0.14900426742532,608.867244212456,8.97023206993946,0.2723102479489598,1.6995816960324504,1.0266116667690215,0.3033241686535696,0.0925445988000079,0.0102745176896378,0.2618773384539697,0.0171055226584548,0.2193058253704754,0.1507386619376859,1
ziGueira,407188275,117555,36519,3203,529814,212042,7967420,True,False,Portuguese,0.0877077685588323,768.5494815161547,15.038145462369814,0.4002196997436836,1.634809238228914,1.0814270276075792,0.1644665792369327,0.1224502204202269,0.0203916630719453,0.3928768205715445,0.0164317706046806,0.2866874040046572,0.1672174096516645,1
A_Seagull,407156655,95160,28779,4193,1028544,55228,7374161,True,True,English,0.1456965148198339,395.857304111443,7.169514381494618,0.0536953207641092,2.6437578814628,1.020427706478912,0.2958309747244214,0.0526516540519271,0.0072721474400531,0.0379811224780985,0.0269266822319867,0.2117042151615067,0.1053944660146656,1
koil,403848390,145035,13421,2791,299033,50231,7743238,True,True,English,0.2079576782654049,1350.5144582704918,25.894259162032284,0.1679781161276514,1.1546178508635847,0.9976672132798052,0.4368738602105597,0.2314418320415875,0.0384922642972959,0.1550247560603852,0.0114369017296506,0.1837259634673283,0.1761659296344679,1
PAGO3,402836460,156135,20284,2326,425072,150470,12693893,True,False,Polish,0.1146716623940051,947.6899442917904,29.862924398690105,0.3539870892460571,0.8938418676145643,1.1092228127537294,0.2255490450951127,0.156000018989557,0.0451092940035975,0.3455273249154116,0.0087243544487997,0.3208552696151798,0.183627551177943,1
Llobeti4,402468465,112545,37469,3410,648084,606080,9957496,True,False,Spanish,0.0910085670821212,621.0128085248209,15.364514476518476,0.9351874139772004,1.8179394908703184,1.04870001168643,0.1719440197852454,0.0948192453532048,0.0209358242276635,0.940768258857767,0.0183366602446504,0.2464578412868673,0.248876974959233,1
殺梗 (xargon0731),401439255,155325,8406,2549,283232,16999,17013239,True,False,Chinese,0.3032357839638354,1417.3513409501752,60.06820910066659,0.0600179358264602,0.9846450989859972,1.0139315575985433,0.6527114419015558,0.2439591824835911,0.0954711295935891,0.0444564789679848,0.0096688741675265,0.2037188482879565,0.208330992567034,1
itsHafu,400822020,123375,34345,3276,787371,36756,10008765,True,False,English,0.0953850633279953,509.0637323447269,12.71162514240428,0.0466819326594451,1.593191489361702,0.991700457597114,0.181858284548013,0.0738531894567835,0.0165126122698447,0.0307983052842995,0.015998869882312,0.1763913512149649,0.0825687687760363,1
shongxbong,400635750,50310,94869,7656,845158,671127,4198232,True,False,Arabic,0.0807007557790216,474.0365115161899,4.967393079163896,0.7940846563601125,9.130590339892665,1.0401439756892843,0.1485932924814301,0.0672932186660823,0.0036005094445357,0.7962567476766779,0.0944016065989553,0.235940365828911,0.224347623449432,1
StaysafeTV,399746130,135180,15608,2876,149648,73218,7427189,True,True,English,0.1842644797539723,2671.2427162407785,49.63106088955416,0.4892681492569229,1.276520195295162,1.0282126535659146,0.3832006408308783,0.4787905679618562,0.0780690773559545,0.4840764982023147,0.012704909115904,0.2212738324417934,0.2763525876514501,0
Loeya,398289900,150495,7955,2635,1233300,337821,19024045,True,False,English,0.3312382149591452,322.9464850401362,15.425318251844644,0.2739163220627584,1.050533240306987,1.0043766386862631,0.7161465505573341,0.0389967641657103,0.0210372034984249,0.2635222120281894,0.0103542313708771,0.1919734997181052,0.2070050768897735,1
RiotGamesJP,390922410,26325,60682,13675,141684,36105,9101692,True,False,Japanese,0.2253551300220823,2759.1147200813075,64.23937777024929,0.2548276446175997,31.16809116809117,1.0859125507169385,0.4762850542852219,0.4952474196583123,0.1024257970575214,0.2439723912406033,0.3236319298960095,0.2922012166200458,0.3222939681262857,0
btssmash,389890800,362970,94083,1061,216558,81658,6933788,True,False,English,0.0112772764473921,1800.3989693292328,32.01815679864055,0.3770721931307086,0.1753863955698818,1.0124110396486292,0.0,0.3156971392548229,0.0487027532560251,0.3691701176182765,0.0012511032205749,0.2018497572477904,0.1561118117662483,1
PietSmiet,387717165,84495,39004,4147,576903,122061,11483357,True,False,German,0.1063224284688749,672.0664739132922,19.905178166866875,0.2115797629757515,2.9447896325226344,1.1064963428376078,0.2066351671778044,0.1043806820240168,0.0285065576439854,0.1996797293749539,0.0300579631406561,0.3175037666014907,0.1477939776604846,1
Payo,385755615,137400,12274,2772,175503,112595,11672019,True,False,English,0.2258432458856118,2198.0001196560743,66.50609391292457,0.6415559847979807,1.210480349344978,1.012820067487098,0.4773908040983288,0.390160709894955,0.1062051352373441,0.6400432958765104,0.0120179739068862,0.2023525531984095,0.3046950787020724,1
Shotz,385739280,153105,10316,2523,159763,48388,5464553,True,True,English,0.2445715393563396,2414.4468994698395,34.20412110438587,0.3028736315667583,0.9887332222984226,0.9985900655480308,0.5198168110207959,0.4306973131347654,0.0523474523892312,0.293179070808494,0.0097113981286549,0.1848603761890163,0.2484354036118263,1
실프_ (silphtv),385176540,197055,9401,1891,309065,87400,7215989,True,False,Korean,0.2011488139559621,1246.2638603530002,23.347803860029444,0.2827884102049731,0.5757783359975641,1.0336674480428705,0.4214494476885076,0.2119175631708265,0.034246511790009,0.2726086316447539,0.0054159118649531,0.227979118284293,0.1956028640738905,1
m0xyy,384746505,136095,25387,2431,461534,269311,6207063,True,False,English,0.0957576712490644,833.6254858796968,13.44876650474288,0.5835128072904705,1.0717513501598148,1.162913881523071,0.1827023692620503,0.1346377899076862,0.017741661837262,0.5805979141064046,0.0105749385290633,0.3868548164007932,0.2188515816738766,1
LexVeldhuis,380251830,73935,58416,4939,244467,66680,14339774,True,False,English,0.0845487537660914,1555.4321442157836,58.657299349196414,0.2727566501818241,4.008115236356259,1.0413152039380338,0.1573103274580677,0.2698192425954964,0.09311869340115,0.2623345248502902,0.041118494633634,0.2373800938017707,0.1768468961234015,1
NateHill,379971075,111555,41610,3311,1055613,449635,14221498,True,False,English,0.0795722182167748,359.95300834680893,13.472264930424313,0.4259468195257163,1.780825601721124,1.0287321585481946,0.1460367679105726,0.0459274228424443,0.0177808412014848,0.4192254548634954,0.0179506079025629,0.2219124320109441,0.144805587788584,1
Shaunz,379800060,97860,20861,3791,148568,84393,10605782,True,False,French,0.1817266669862422,2556.405551666577,71.3867185396586,0.5680429163749933,2.324340895156346,1.0237549936350914,0.3774516246581059,0.4572836248623351,0.1143426918753042,0.5647543023176901,0.0236041612434039,0.2157942705350891,0.2922051125819881,0
Emongg,379682235,155910,21922,2228,504653,156093,5794763,True,False,English,0.101633062676763,752.3629801071231,11.482668288903463,0.3093075836267693,0.8574177410044256,1.0930275770201632,0.1960121456051725,0.1194187787604197,0.0144635495441042,0.2997684539698211,0.0083454768989474,0.3009473362660884,0.1564926235074256,1
fl0m,379633995,188070,19318,1931,658323,183265,11489901,True,False,English,0.0999585878455326,576.6682844135781,17.453288127560484,0.2783815847236083,0.6160472164619557,1.0453537868391225,0.1922188859100319,0.0865143106191222,0.0244184755662089,0.2680953462874857,0.0058347818883566,0.2423445068268321,0.1365710511830062,1
AsmodaiTV,379345935,132360,11751,2796,247056,30588,6547592,True,False,English,0.2379371968343119,1535.4653803186322,26.502460980506445,0.1238099863998445,1.2674524025385312,1.0250416425096336,0.504787750193364,0.2660798255120997,0.0395063305539045,0.1097896148002204,0.0126105874829113,0.2173758788833382,0.191691664570973,1
Homyatol,378734925,70725,26274,4826,375749,249186,6981248,True,True,Italian,0.1836796833371393,1007.9465946682492,18.579551775254224,0.6631714256059231,4.094167550371156,1.109622058670361,0.3818758764113348,0.167285009835677,0.0262963159910146,0.6621809214534528,0.0420135961206799,0.3213460411747268,0.266832960164481,1
Grimmmz,377312595,176580,21993,2153,1001739,37734,7803917,True,True,English,0.097894784704224,376.657587455415,7.7903695473571455,0.0376684944880852,0.7315664288141353,0.9924662802884784,0.1875436640860776,0.0490558911716854,0.0083073108591988,0.0215671209114521,0.007036393023891,0.1773327359127687,0.0751405193275123,1
aXtLOL,376430955,73815,25340,4991,763886,193266,8969210,True,False,Portuguese,0.1969613259668508,492.7842047111742,11.741555677156017,0.2530037204504337,4.056899004267425,1.0217699723757998,0.4119633514410592,0.0708043256521076,0.0148951973240254,0.2421044048020097,0.0416259350633408,0.2133541905278187,0.1657912341350602,1
boyMinORu,376358805,142830,22141,2717,367223,73551,17822170,True,True,Thai,0.1227135179079535,1024.8780849783377,48.53228147474423,0.2002897422002434,1.1413568578029825,0.969824176420535,0.243766605506451,0.1704559745668191,0.0762370619061977,0.1881169648259995,0.0112989631425931,0.1495000138640253,0.1398959306353476,1
just_ns,376209315,93615,37023,3969,341549,66811,12351240,True,False,Russian,0.1072036301758366,1101.4797730340304,36.162424717976045,0.1956117570246143,2.543823105271591,1.0125185860988273,0.2086313912212859,0.1848020980752635,0.0556125685964113,0.1833259691117454,0.0258871777421846,0.2019819583220876,0.1433735271781631,1
BurkeBlack,372767025,171675,4922,2154,276421,13471,5367772,True,True,English,0.4376269809020723,1348.5481385278254,19.41882852605265,0.0487336345646676,0.7528178243774574,1.008056171111038,0.957153587713291,0.231073575589264,0.0276956578000804,0.0328995721044804,0.007257446414358,0.1964965512792763,0.242096065150125,1
Trick2g,371417130,132945,28917,2650,1476226,115863,8688676,True,True,English,0.0916415949095687,251.599097970094,5.885735652942029,0.0784859499832681,1.195983301365226,1.0542510628242492,0.1733780448891013,0.0256346770774018,0.0051316791776546,0.0633706425136507,0.011867178087471,0.253281450272074,0.0887772786695589,1
FORMAL,369971310,137190,16518,2391,512592,176173,4803076,True,False,English,0.1447511805303305,721.7656732840154,9.370173549333582,0.3436904984861254,1.0457030395801443,1.1278881014095152,0.2936894683894634,0.1136884514810661,0.0109413475914115,0.3349819896160909,0.0103039884471066,0.3437995063409712,0.1845674586443516,1
Fortnite,369166335,12030,169084,28584,3558217,1163448,21509520,True,False,English,0.1690520687942087,103.75037132361516,6.045027607928353,0.3269749989952833,142.5635910224439,1.0735776445396443,0.3487393134443173,0.0,0.0053972696306823,0.3178626779005572,1.0,0.2770385790342335,0.3248396400016317,1
Magic,362552205,43350,114234,5123,365714,50355,18694298,True,False,Spanish,0.0448465430607349,991.3544600425467,51.11726102911018,0.1376895606949693,7.090657439446367,1.6325146719421944,0.0673712057300032,0.1641776003431342,0.0805470466193016,0.1240044911769226,0.0731825726477344,0.9641098431348788,0.2455654599419957,1
Xari,361741665,80535,28830,4841,269447,147894,5746209,True,False,French,0.1679153659382587,1342.5336522581435,21.32593422825268,0.5488797425838847,3.606630657478115,0.9278521694677484,0.3461642916832209,0.2299471700875737,0.0308754107729319,0.5451281855050477,0.036942320550534,0.0979060802720697,0.2144939098118963,1
RocketBeansTV,360858030,518415,5223,696,416018,27024,5973152,True,False,German,0.1332567489948305,867.4096553514512,14.357917205505531,0.064958727747357,0.0805532247330806,1.0001141576429748,0.2676506393494785,0.1409649594541279,0.0192575057887457,0.0495166303000921,0.0002646647591687,0.18673386073368,0.1107313767308822,1
ANGRYPUG,360278835,184845,9822,1892,366463,48331,4962556,True,True,English,0.1926287925066178,983.1247220046772,13.541765471548286,0.1318850743458411,0.6141361681408748,1.0301723997427248,0.4021486774632638,0.1626363178814789,0.0178967207523659,0.1180597803285435,0.005814903489808,0.2236828431478378,0.155039873843883,1
MarcaoRX,359273445,336690,5210,1258,166594,65904,4541683,True,True,Portuguese,0.2414587332053742,2156.5809392895303,27.261984225122152,0.3955964800653084,0.2241824824022097,0.8482312327894667,0.5127652376611852,0.3824036396235405,0.0407726978518631,0.3881419133767667,0.0017586717895976,3.233970661363765e-05,0.2209790833349277,1
yamatonjp,359095725,159420,8247,2269,179920,67794,10882318,True,False,Japanese,0.2751303504304596,1995.8633003557136,60.48420409070698,0.3768008003557136,0.8539706435829884,0.9927340869134528,0.589042997175951,0.352304105831886,0.0961647258136341,0.368892168549807,0.0083096207797571,0.1776619362114331,0.2653959257270781,1
btscsgo,357966315,57165,74949,6530,219539,166599,9173781,True,False,English,0.0871259122870218,1630.5363283972324,41.78656639594787,0.7588583349655414,6.853844135397534,0.9589562011795468,0.1631484752540845,0.2838849104628241,0.0649898051070244,0.7601794305210867,0.0707192810671076,0.1361405956810132,0.2465104163488568,1
Skyyart,356907810,111165,32577,2311,598579,239491,8203617,True,False,French,0.0709396199772845,596.2584888544369,13.705153371568333,0.4000992350216095,1.2473350425043854,1.3892744018285703,0.1264809726513873,0.0901832048641147,0.0181691404510839,0.3927534456685664,0.0124013301365152,0.6651076449019343,0.2175159564456003,1
gratis150ml,356697420,198075,9601,1801,741652,129328,12187175,True,False,Portuguese,0.1875846266013957,480.949852491465,16.432471024146096,0.1743782798401406,0.5455509276789096,0.999900051319884,0.3907219119681848,0.0685879635470983,0.0227164481350209,0.1615795346169325,0.0051014915214062,0.1864706713315722,0.1391963368533691,1
ShivFPS,355389630,203175,7216,1782,236407,174213,6900666,True,False,English,0.2469512195121951,1503.2957145938994,29.189770184470003,0.7369198035591162,0.5262458471760797,0.981582446009664,0.5252076026016403,0.260055023586366,0.0439869314038818,0.7377109091386785,0.0049006833680934,0.1639538230664359,0.289302495527516,1
Ponce,355091505,111360,23255,3043,242969,196880,13687141,True,False,French,0.1308535798752956,1461.4683560454214,56.33286962534315,0.8103091340870646,1.6395474137931034,1.047874104431312,0.2622066372111841,0.2522215088558266,0.0892431282890116,0.8128731755484024,0.0164810562984117,0.2454425978623247,0.2797446840108602,1
Distortion2,354144315,170220,11495,1953,314170,44982,5500067,True,True,English,0.1698999565028273,1127.2378489352898,17.506658815291086,0.1431772607187191,0.6884032428621784,1.065289006131218,0.3506600698576846,0.1896261241195811,0.0245074615111299,0.1296247627912639,0.0065874169286689,0.2668498010686447,0.1613092727128288,1
boxbox,353396640,117720,25314,2717,1717150,145809,9971842,True,False,English,0.1073319111953859,205.80417552339637,5.80720496170981,0.0849133739044346,1.3848114169215089,1.104898856709576,0.2089219917200407,0.0170581087255098,0.0050007434887635,0.0699533398296723,0.0138313359252397,0.3155400627143631,0.1050509304005982,1
강지 (rkdwl12),353381040,141450,29993,2484,507418,270927,12873339,True,False,Korean,0.0828193245090521,696.4298467929793,25.370284459755077,0.5339325762980422,1.053658536585366,1.0057468967884386,0.1533925771437771,0.1089435051847826,0.0376186314853637,0.5298199263021777,0.0103867401694872,0.1936578843987569,0.1723032107807242,1
TheKAIRI78,353046060,50310,47081,6795,885915,650990,5134322,True,False,French,0.1443257364966759,398.51008279575353,5.795501825795928,0.7348221894877048,8.103756708407872,1.0327318966776844,0.2927256917621287,0.0531484719630157,0.0049812306315731,0.7355626210084283,0.0837206583756268,0.2268290952448524,0.2328279614976042,1
RiotGamesRU,352700745,17880,73049,19753,173861,75538,6832561,True,False,Russian,0.2704075346685102,2028.6363531786888,39.29898597155199,0.4344735161997227,66.28523489932886,0.9986327367824852,0.5783441999511435,0.3584419113487219,0.060842215783289,0.4279581390615412,0.6889144668559316,0.1849128296454164,0.383235627107674,1
FPSThailand,351025410,158640,38563,2260,390579,74894,18596656,True,False,Thai,0.0586053989575499,898.7308841489174,47.61304627232903,0.1917512206237406,0.8547655068078669,0.9790782770808508,0.0985397324532666,0.1468308643469549,0.0747044038766729,0.1793721700600372,0.0083178888113927,0.1608755827153955,0.1114401070439533,1
김나성 (naseongkim),350120640,215505,7628,1584,103260,20536,8471746,True,False,Korean,0.2076560041950708,3390.670540383498,82.04286267673832,0.1988766221189231,0.4410106494048862,1.0256641728765346,0.4361904649927129,0.6135265076327816,0.1321098801123926,0.1866697066584014,0.0040140813847878,0.2181411220237245,0.2651086271341334,0
오킹 (obm1025),346276365,96000,19328,3563,428179,244442,8920133,True,False,Korean,0.1843439569536424,808.7187017579097,20.832719493482863,0.5708874092377253,2.226875,1.012361905346618,0.3833806839420486,0.1299731955589359,0.0300530646295958,0.5676675123008198,0.0225903376328547,0.2017893590896107,0.2225756921923109,1
singsing,346171920,126795,11839,2735,572005,45761,6526670,True,True,English,0.2310161331193513,605.1903742100156,11.410162498579558,0.0800010489418798,1.294215071572223,0.9982340464783118,0.4891091675429637,0.0918559869362439,0.0143426592850769,0.0649223431593039,0.0128889681996138,0.1844227410704189,0.1429236443656035,1
BlackUFA,345166455,88035,10349,3889,279922,34803,12888906,True,False,Russian,0.3757851000096627,1233.0808403769622,46.04463386229021,0.1243310636534463,2.650536718350656,1.0081734830943587,0.817060520988307,0.2094486197625164,0.0720893605585575,0.1103232802128017,0.026997194536603,0.1966407565988788,0.238759955442944,1
QuattroAce,342273825,185715,48810,1696,157620,136490,7245324,True,False,Russian,0.0347469780782626,2171.5126570232205,45.96703464027408,0.8659434081969293,0.5479363540909458,1.0866779571711371,0.0444922277531792,0.3852000827860595,0.0719599779256955,0.8698514597496024,0.0051263043199125,0.2931420896598604,0.2782953570323849,1
bateson87,342162660,98730,20204,3344,598678,254821,16648694,True,False,English,0.1655117798455751,571.5303719194626,27.809096041611685,0.4256394923481404,2.032209054998481,1.0363756671449902,0.3407193449577584,0.0855520716778267,0.0416849076066543,0.418910703290893,0.0205654556893211,0.2313081865526847,0.1897901116291897,1
Staiy,341874270,91545,15429,3711,259624,90591,5503882,True,False,German,0.2405210966362045,1316.805341570887,21.19943456691215,0.3489315317536129,2.432246436178928,1.0063309574746957,0.5106411693024462,0.2251287185344609,0.0306644955238462,0.3403496355106545,0.024726576268909,0.1943758388271529,0.2209810723279116,1
polsatgames,340417455,57870,66706,5695,141026,74586,16290334,True,False,Polish,0.0853746289689083,2413.8630819848822,115.51298342149674,0.5288811992114929,5.904613789528253,1.0329150605949304,0.1591812179973775,0.4305879745815537,0.1879152378422071,0.5246465182933582,0.0608455489790949,0.2270542488095477,0.2650384577505232,0
NymN,340095510,100125,23488,3402,241746,111122,4409296,True,True,English,0.1448399182561308,1406.8299372068204,18.23937521199937,0.4596642757274163,2.0386516853932584,0.9984448011414304,0.2938904897678912,0.2419887121008153,0.0257291332506682,0.4537574557341841,0.0206324708313643,0.1846818104569594,0.2034466786903137,1
orangemorange,338213940,122835,18387,2653,261139,85861,9889442,True,False,German,0.1442867243160928,1295.1490968411458,37.870413840904654,0.3287942436786539,1.2958847234094517,1.0378441067437278,0.2926373157952493,0.2210728919657816,0.0584603307760142,0.3197258718086131,0.0129063356331274,0.233113260473174,0.1896526677419933,1
MinosTV_,338084550,167190,24576,2034,204605,192534,5554989,True,True,French,0.082763671875,1652.376774761125,27.14982038562108,0.9410033967889349,0.7299479633949398,0.9941778391073268,0.1532665048435305,0.2879752346967778,0.0405856849864049,0.9467247438997374,0.0070195580227636,0.1794366632312247,0.2691680649467399,1
NairoMK,335695215,106200,22074,3054,339545,69474,6132895,True,False,English,0.138352813264474,988.6619299356493,18.062097807359848,0.2046091092491422,1.7254237288135594,1.0350268148838793,0.2791949724366955,0.1636733377029209,0.0254335553213633,0.1925406789342387,0.0173743270739485,0.2296501149226243,0.1513111643986318,1
철면수심 (109ace),335311860,145425,12180,2202,166726,35165,7631326,True,False,Korean,0.1807881773399015,2011.155188752804,45.771661288581264,0.2109149142905125,0.9085095410005156,1.0471105315201756,0.3753256237870415,0.3551680025055795,0.0716342282857335,0.198998819307474,0.0088769250845759,0.2445039786985067,0.2090845962781519,1
UnknownxArmy,333869670,92250,41700,3735,850944,836664,11325781,True,False,English,0.089568345323741,392.352105426444,13.309666676067993,0.9832186371841156,2.4292682926829268,0.96899154340941,0.1686814236289843,0.0519951931496547,0.017509738093737,0.9899598180216462,0.0246955981284322,0.1484765028289018,0.2335530456418927,1
s1mple,333097410,24615,34971,12723,1681884,740732,20277843,True,False,English,0.363815733035944,198.0501687393423,12.056624000228316,0.4404180074250067,31.012797074954296,1.0636087183321092,0.7899458003183085,0.0156059222028253,0.0154205166263508,0.4340462370170731,0.3220165872374473,0.2647843135350106,0.3069698961561692,1
bysTaXx,331965075,48945,259210,6210,1093212,795296,10207313,True,False,Spanish,0.0239574090505767,303.6602918738543,9.33699319070775,0.7274856112080731,7.612626417407294,1.0921755810894906,0.0200501540012641,0.0353848057847144,0.010886025359477,0.7280488060271146,0.0786120048915175,0.2999000234340577,0.1954803032496909,1
Sjow,331726155,149700,8140,2189,240206,21662,3365340,True,False,English,0.2689189189189189,1381.0069482027925,14.010224557255023,0.0901809280367684,0.8773547094188376,1.0123067972399802,0.5749719748097676,0.2371525289955599,0.0186777913394429,0.0753481472788469,0.0085528578424958,0.2017216176542905,0.1860708196534006,1
hardgamechannel,331308960,55125,27529,5711,786562,256678,10562872,True,False,Russian,0.2074539576446656,421.2115001741757,13.429166422990178,0.3263290115718786,6.216054421768708,1.0523795944572891,0.4357327602712684,0.0574000406398157,0.0177089822547148,0.3172010847443588,0.0640851012937099,0.2509809547357753,0.1905181539899405,1
scoped,330160515,63360,47343,5165,731808,728892,8279834,True,True,English,0.1090974378472002,451.1572912567231,11.314216297170844,0.9960153482880756,4.891098484848484,1.0088802931297487,0.2129215150118316,0.0630083506958024,0.0141826863906478,1.0,0.0503031357186505,0.1975096002085985,0.2563208813375885,1
VooDooSh,329448660,137670,7560,2519,85678,66129,9003037,True,True,Russian,0.3332010582010582,3845.1954994280914,105.07991549756063,0.7718317421041574,1.0978426672477664,0.9499926944414,0.7205930635885016,0.698650887599233,0.1705199887436246,0.773466248599133,0.0108463359573807,0.125122238328714,0.4165331271360978,0
WELOVEGAMES,328935150,116520,27956,2761,413458,49713,23682775,True,False,Russian,0.0987623408212906,795.5708923276367,57.27975997562026,0.1202371220293234,1.42173017507724,1.022453114235316,0.1895089761891702,0.127510846454892,0.0908218962633219,0.1061304373457994,0.0142153585480289,0.214193940120289,0.1237302424869169,1
StereOnline,327697680,400770,4227,785,327645,91352,4620985,True,False,Portuguese,0.1857109060799621,1000.1607837751224,14.103633505776068,0.2788139602313479,0.1175237667490081,1.041618069928763,0.386477292460414,0.1658268669732771,0.0188335338247221,0.2685381671017374,0.0006492260288357,0.2377523906955199,0.1796795795140844,1
keanelol,327242790,147255,7208,2176,162917,85035,4068823,True,False,English,0.3018867924528302,2008.647286655168,24.974821534892,0.5219528962600588,0.886625241927269,1.0212713427787332,0.6496555135398122,0.3546983173830583,0.0369592687612445,0.5175508417357875,0.0086492883397927,0.2127412519483751,0.2967090802846784,1
살인마협회장 (sal_gu),326488155,122925,16252,2663,164092,45255,6226900,True,False,Korean,0.1638567560915579,1989.6652792336008,37.94761475269971,0.2757904102576603,1.299816961561928,0.9973694152828044,0.3369701486225703,0.3511433275411891,0.0585890492988019,0.2654415743546639,0.0129472381034212,0.1833598963860387,0.2014085390511142,1
sips_,325731015,108990,7872,2984,430755,84034,4331397,True,True,English,0.3790650406504065,756.1862659748581,10.055360936030922,0.195085373356084,1.6427195155518854,1.0015523197764904,0.8244907112801759,0.1201348116920535,0.0120837733244465,0.1827868690921216,0.0165140519596423,0.1885017161925465,0.2240853222568311,1
ESL_CSGOb,325637220,52530,89949,5114,575769,183662,13742820,True,False,English,0.0568544397380737,565.569212652991,23.868634817088104,0.3189855653916761,5.841233580810965,1.2121766499371165,0.0945732093911114,0.0844356533682441,0.0351149029767953,0.3096802359480661,0.0601862788627527,0.4474108914288277,0.1719001953292995,1
kyo1984123,325018110,204975,5967,1516,135687,12731,12070678,True,False,Chinese,0.2540640187699011,2395.3518760087554,88.95972348124728,0.0938262324319942,0.4437614343212587,1.045941666739074,0.5413205320053373,0.4271211574138864,0.1436424913780213,0.0790815147605704,0.0040426945801141,0.2430671560094709,0.2397125910245667,0
midbeast,324433515,118005,16153,2652,330060,143256,10000927,True,False,English,0.1641800284776821,982.9531448827486,30.300330242986124,0.4340301763315761,1.3484174399389857,1.0366968594205974,0.3377024714320663,0.162604184561119,0.0458385889410194,0.4275040890103965,0.0134527719866693,0.2317030109640256,0.203134186149216,1
Alexby11,323225055,54810,53526,5331,1448018,1145810,8378248,True,False,Spanish,0.0995964577962112,223.2189482451185,5.786010947377726,0.7912954120736069,5.835796387520525,1.1062073339351977,0.1913985371685216,0.020319583592169,0.0049654063126429,0.7934001209621953,0.0601297221059084,0.3171485034820692,0.231226978937251,1
Tumblurr,322841490,81210,17165,3846,353687,236441,4008897,True,False,Italian,0.2240605884066414,912.7886803868956,11.33458962302827,0.6685035073384094,2.8415219800517177,1.0336429637458864,0.4733524736086129,0.1494636376735682,0.0142166552175394,0.6676418153574096,0.0289837906404901,0.2279490210532015,0.260267898925137,1
Veritas,320121405,135150,103833,1595,182492,131913,4176079,True,False,English,0.0153612050118941,1754.1667853933322,22.88362777546413,0.722842645157048,0.7081021087680355,1.485039402405547,0.0005768040870225,0.307038679661513,0.0334725823307659,0.7232936754277756,0.0067923211705513,0.782826416028605,0.3090000797843722,1
daltoosh,319194420,154440,16445,2038,241602,163486,3665065,True,False,English,0.1239282456673761,1321.1580202150644,15.169845448299268,0.6766748619630633,0.7917637917637917,1.014124600729115,0.2465183804298162,0.2259438972466655,0.0206112489193898,0.6760105731701366,0.0076625557216558,0.2039561458389242,0.2301171335544314,1
ELoTRiX,319051995,56310,31194,5620,895851,318247,5587147,True,True,German,0.1801628518304802,356.14404069426723,6.236692262440964,0.3552454593453599,5.988279168886521,1.0081835840109814,0.373909047074755,0.0452140714559408,0.0057168356905362,0.346816094658444,0.0617158219791316,0.1966531731131054,0.1716708406619855,1
TSM_Viss,316437645,117795,18844,2668,762778,101135,7091125,True,False,English,0.1415835279133941,414.8489403207748,9.296446672557416,0.1325877253932336,1.3589710938494843,1.006874777942749,0.2865136489767569,0.0562084471932014,0.0108184213921255,0.1187794059858054,0.0135625492938481,0.1950443281168418,0.1134878001597632,1
Anthony_Kongphan,316366395,163920,49085,1858,462128,44534,6805829,True,False,English,0.0378527044922073,684.5860778831839,14.72715135200637,0.0963672402451269,0.6800878477306003,1.0387539558271224,0.0515277630806907,0.1067253795024626,0.0198731367805989,0.0816839081170152,0.0065009216073884,0.2342316890782241,0.0834237996943966,1
modestal,316203420,55455,25985,5660,323364,193939,11440074,True,False,Russian,0.2178179719068693,977.8559765465544,35.378316695736075,0.5997544562783736,6.123884230457128,1.0074173405807976,0.4592108065502878,0.1616495762704869,0.0543052106393364,0.5972319280615681,0.0631263626909337,0.1957112712236712,0.2552058592393807,1
소풍왔니 (yumyumyu77),315613800,66315,24521,4496,309322,46911,13030325,True,False,Korean,0.1833530443293503,1020.3406159277388,42.1254388630618,0.1516574960720543,4.0678579506898895,1.0585659192095958,0.3811359270493032,0.1696061879228446,0.0655548135035071,0.1383098632583107,0.0417399281540729,0.258585471451114,0.1758220318898588,1
XEWER,315398565,189315,17100,1660,455056,215059,6449741,True,False,French,0.0970760233918128,693.0983549277452,14.173510512991808,0.4725989768292254,0.5261072815149355,1.0036137418702622,0.1856888889479958,0.1083195764571118,0.0189500410645525,0.4670046327168666,0.00489924203173,0.1910357116417203,0.1626496821433295,1
blxckoutz,314656260,152970,18483,2566,482061,402587,8381945,True,False,Portuguese,0.1388302764702699,652.7312103654932,17.387726864442467,0.8351370469712339,1.0064718572269071,0.8016290694444848,0.2802765903270805,0.1007595336398797,0.0243091640471552,0.8383008799459332,0.0098959123823901,0.0,0.2089236800570731,1
EASPORTSFIFA,313078095,12165,106126,24395,1287954,427684,11286667,True,False,English,0.2298682697925108,243.08173661481695,8.763253190719544,0.3320646544830017,120.32059186189888,1.054969118259917,0.4865088634882084,0.0240395279224638,0.0099294179367726,0.3230752890383018,1.0,0.2541641172483008,0.3496195359390079,1
ALOHADANCETV,312898725,70320,18317,4288,555334,92209,12461610,True,True,Russian,0.2340994704372986,563.4424058314456,22.439847010987982,0.1660424177161852,3.6587030716723543,1.0376960288415007,0.4960939838904861,0.0840373405618956,0.032732658369808,0.1530422951407274,0.0374839689177268,0.2329312362620721,0.1727202471904527,1
연두는말안드뤄 (rudbeckia7),311520135,126300,7111,2478,212053,24606,9675073,True,False,Korean,0.3484741949092954,1469.067332223548,45.625730359862864,0.1160370284787293,1.1771971496437057,0.9953629469018574,0.7551919556191207,0.2536446609240927,0.0713909149214622,0.1018288781392429,0.0116717677427952,0.180893452584164,0.2291036049884796,1
Flashpoint,311325840,19320,77708,11713,93616,93120,27828448,True,False,English,0.1507309414732074,3325.5622970432405,297.26166467270554,0.9947017603828404,36.37577639751553,1.375751209173011,0.3072356774743285,0.60133290036269,0.4909482101906595,1.0,0.377801383051185,0.6484843105780121,0.5709670802761458,0
Steelmage,311218875,178485,10815,1696,60987,37839,7005761,True,False,English,0.1568192325473879,5103.036302818634,114.87302211946808,0.6204437011166314,0.5701319438608287,1.0281070967593595,0.3210277445231976,0.934221930188817,0.1868482184052204,0.618420982671583,0.0053571790574058,0.2211440771295516,0.3811700219959626,0
RoyalPhunk,311093010,104565,12141,2934,204451,34597,4921311,True,True,German,0.2416604892512972,1521.6018018987434,24.070858054008053,0.1692190304767401,1.6835461196385024,1.014013651062142,0.5132222842903593,0.2634834257025272,0.0354520735583913,0.1562956483580378,0.0169387233289984,0.2038197613730518,0.1982019861018943,1
Overpow,309892665,153015,10858,2004,254516,29344,9020762,True,True,Polish,0.1845643764965923,1217.576360621729,35.44280909648116,0.1152933410866114,0.7858053132045878,1.010600649499941,0.3838800097919804,0.2065449085369748,0.0544127400241833,0.1010672247832332,0.0076005766443941,0.1996243418843554,0.1588549669441868,1
NeVeR_LosEs,309559170,82635,9671,3680,200953,23806,10608507,True,False,Chinese,0.3805190776548444,1540.4555791652774,52.79098595193901,0.1184655118361009,2.671991286984934,1.017962602697562,0.8277846037062117,0.2670144003341796,0.083337679457828,0.1043160286795907,0.0272203612986862,0.2086739954978315,0.2530578448290546,1
AvoidingThePuddle,309117315,80955,13108,3893,336181,67040,4202354,True,True,English,0.2969942020140372,919.4966848215694,12.500272174810592,0.1994163858159741,2.885306651843617,0.9808334119844052,0.6385721184536843,0.1507199267000588,0.0161602195177012,0.187222509940625,0.0294392313253735,0.1630330757740612,0.197524513618584,1
Ko0416,307823730,200625,5448,1515,108784,12127,11705657,True,True,Chinese,0.2780837004405286,2829.6783534343285,107.60458339461684,0.1114777908515958,0.4530841121495327,1.012755041485457,0.5957333476965416,0.5084627237199021,0.1747294147035313,0.0971594986709925,0.0041396674841303,0.2022726202275084,0.2637495454171011,0
Dota2ruhub2,307331445,55230,54508,5158,248277,71813,13417924,True,False,Russian,0.0946283114405224,1237.857091071666,54.04416840867257,0.2892454798471062,5.603476371537208,1.0788240434428495,0.1801439820213736,0.2103431259295828,0.0854271339845105,0.2792216908616291,0.0577131689410373,0.2834876953920325,0.1827227995216943,1
Slushpuppy,307001595,150525,118125,1560,122486,85852,5065635,True,False,English,0.0132063492063492,2506.42191760691,41.35684894600199,0.7009127573763532,0.6218236173393124,1.3073967396164703,0.0,0.4479225858849756,0.0642733291731654,0.7008340064833883,0.0058948670246401,0.5644598328593132,0.2972307702375805,1
itmeJP,306920835,145950,24603,2079,369273,6134,10677522,True,False,English,0.084501890013413,831.1488654735115,28.91498159897961,0.0166110167816222,0.8546762589928057,1.0115044142793372,0.1572041649879709,0.1341739632854212,0.0435287712606812,9.376814899599952e-07,0.008316960470849,0.2007352913813226,0.0906600148446225,1
JesusAVGN,306076605,78315,43859,3838,682899,181914,13548535,True,False,Russian,0.0875076951138876,448.2018644045459,19.839734719189806,0.2663849266143309,2.940432867266807,1.0183104788165085,0.1640133442759634,0.062454852206178,0.0283974425608179,0.25580887349438,0.0300126448118715,0.209101620924448,0.1249647963789431,1
tarzaned,306010080,72390,14602,4159,388878,172683,7744943,True,True,English,0.2848239967127791,786.9050961998364,19.91612536579596,0.4440544335241387,3.447161210111894,1.016408376244449,0.6110024301013499,0.1258878981269382,0.0285248101133157,0.4377705117212571,0.03528354656973,0.2067634684053581,0.2408721108396582,1
Mickalow,305967975,157260,37872,1830,864324,260914,8191116,True,False,French,0.0483206590621039,353.9968518749913,9.476904494148028,0.3018705948232376,0.6982067913010301,1.063179541867597,0.0752412697993166,0.0448119414666528,0.0111193020900412,0.292151802752049,0.0066893917667241,0.2642567499606938,0.1157117429725796,1
UNLOSTV,304599090,19995,128345,12171,1585519,571237,11452750,True,False,Turkish,0.094830340098952,192.11317555954864,7.223344532610458,0.3602839196502848,36.52213053263316,1.2516443135925712,0.1806016462113579,0.0144940297682332,0.0073618994568617,0.3519762738426562,0.37932373379188,0.4959263703278891,0.238280658899813,1
resttpowered,304222200,148335,9248,2072,252184,37681,8585834,True,False,Slovak,0.2240484429065743,1206.3501253053323,34.0459109221838,0.1494186784252767,0.8381029426635656,0.9898229419920188,0.4733249598860879,0.2044424358308016,0.0520836655961803,0.1360169603635799,0.0081445676623417,0.174083422133658,0.1746826685787749,1
Felps,303435945,96930,15553,3109,844681,284169,6099521,True,False,Portuguese,0.1998971259564071,359.2314080700288,7.221094117187436,0.3364216787165806,1.9244815846487155,1.0069040581556583,0.4186139451470245,0.0457922800413236,0.0073581472971764,0.3275375700516592,0.0194448929245701,0.1950803207097648,0.1689711926952531,1
Doublelift,301917225,20370,52584,13364,1389835,166536,7617972,True,False,English,0.2541457477559714,217.23242327326625,5.481206042443887,0.1198242956897761,39.36377025036819,1.1090736703226174,0.541505676184875,0.0191984147405095,0.0044571993991588,0.1057076379675957,0.4088819852591541,0.3206719368359017,0.2334038083978658,1
쉐리 (kss7749),301790445,115380,12295,2403,170718,19597,7546887,True,False,Korean,0.1954453029686864,1767.7716760974238,44.20674445576916,0.1147916447006174,1.249609984399376,1.0884818205878464,0.4085290394833108,0.3095866318974726,0.0690250132088454,0.1005534084403178,0.0124249936939274,0.295359482062262,0.1992464281310227,1
Kiwo,299469345,234330,10836,1243,296481,38195,4900030,True,True,English,0.1147102251753414,1010.0793811407814,16.527298545269343,0.1288278169596028,0.3182691076686724,1.0281425940457962,0.2256364030185925,0.1676844425235029,0.0228745558329067,0.1149286658668843,0.0027373448113661,0.221187712037007,0.1258415206817099,1
adolfz,299235990,62520,15928,4926,294217,154653,2743587,True,True,Portuguese,0.309266700150678,1017.0588035361654,9.32504579952892,0.5256426379169117,4.727447216890595,0.9716289569311024,0.6663735351558999,0.1689915632703588,0.0108661052509193,0.5213297199923458,0.0486008631536072,0.1517185336006444,0.2613133867372959,1
LigaPro1,298828170,232620,11533,1149,30986,29434,60922719,False,False,Other,0.0996271568542443,9643.973730071646,1966.1369328083647,0.9499128638740076,0.2963631673974722,1.1180325693939823,0.1914680810621317,1.0,1.0,0.955849445457846,0.0025094829585345,0.3316846302309302,0.5802519399515736,0
knekro,298811910,102210,13731,2912,260728,97206,10900480,True,False,Spanish,0.2120748670890685,1146.0675876775797,41.80786106593845,0.3728253198735847,1.7094217786909305,1.0039524516428684,0.4462007047416363,0.193152596766401,0.0650253101082052,0.3648206486033123,0.0172078775192286,0.1914520693711577,0.2129765345183235,1
Savjz,298693050,86205,12708,3401,542892,13967,4072337,True,False,English,0.267626691847655,550.1887115669415,7.501191765581368,0.025727032264244,2.3671480772577,1.0187931808713258,0.5720446373694115,0.0815551611258041,0.0078251593401596,0.0093371774233016,0.0240494342473179,0.2096949806317636,0.1507510916896264,1
BobbyPoffGaming,298668465,224295,6453,1254,125803,81131,2208405,True,False,English,0.1943282194328219,2374.096523930272,17.554470084179233,0.6449051294484234,0.3354510800508259,1.0618721755599765,0.4059984622099656,0.4231404108549895,0.0245871781331333,0.6434733490007232,0.0029160687562793,0.262649674784812,0.2937941906233172,1
The_Happy_Hob,295999245,106125,8560,2834,216106,38712,4158704,True,True,English,0.3310747663551401,1369.6947100034242,19.24381553496895,0.1791343137164169,1.60226148409894,0.9841766435334692,0.7157762834202978,0.2350339494905353,0.0274038553698092,0.1664504645285525,0.0160932144199312,0.1671427307333525,0.2213167496604131,1
Smurfdomuca,294868035,107055,18282,2843,267948,251923,5976634,True,False,Portuguese,0.1555081500929876,1100.467385462851,22.30520100915103,0.9401936196575454,1.5933865769931344,0.9688217500503068,0.3180576931742453,0.1846124960246665,0.0325081605749927,0.9458954042117454,0.0160008991505658,0.1482677849731229,0.2742237396848898,1
Timmac,294663825,191970,13500,1460,393639,32867,4232938,True,False,English,0.1081481481481481,748.5635950706104,10.753350150772665,0.0834952837498317,0.4563213002031567,1.0513337379342234,0.2107710483178769,0.1187072220261828,0.0132475437845909,0.0685009915220027,0.004173340161894,0.2496953394908701,0.1108492475505696,1
Nikolarn,293952480,129510,30044,2279,526389,214216,3964166,True,False,English,0.0758554120623086,558.4320341040561,7.530867856281191,0.4069537927274316,1.055825804957146,0.9959315716927972,0.1376169274224193,0.0830989877207404,0.0078746388407014,0.399773595446464,0.0104092837252836,0.1815924324955963,0.1367276442752008,1
소우릎 (so_urf),293688270,167895,9665,1756,95477,44040,8120712,True,False,Korean,0.1816864976720124,3076.0106622537364,85.05411774563507,0.4612629219602627,0.6275350665594568,0.9961490534577928,0.3773606273867181,0.5545963510085615,0.1371306019561229,0.4553947219850642,0.0059542765448681,0.1818597711471232,0.285382725004743,0
RiffTrax,293583075,521445,24765,562,79099,17200,3313465,True,False,English,0.0226933171815061,3711.5902223795497,41.89009974841654,0.2174490195830541,0.064666455714409,1.001811913370077,0.0171865524418563,0.6736290133485666,0.0651624282001869,0.205690775198258,9.94132986385629e-05,0.1888208206528947,0.1917648338567335,0
pimpimenta,293014110,164940,20855,1744,828298,254312,12258152,True,False,Portuguese,0.0836250299688324,353.7544579366364,14.799205116998955,0.3070295956286264,0.6344125136413241,1.01862906361279,0.1552177762986033,0.0447665454255784,0.0199932733693449,0.2974354344482796,0.0060258145758965,0.2094932401015165,0.1221553473698699,1
FACEIT TV (faceittv),292881510,35910,145470,9722,1681615,23166,17259602,True,False,English,0.0668316491372791,174.1668039355025,10.263706020700338,0.0137760426732635,16.24394319131161,0.8389207435375107,0.1171750100142806,0.0111329959531582,0.0124311509771861,0.0,0.1683934891889415,0.0,0.0515221076889277,1
crokeyz,292698660,163095,5916,1796,68907,36715,3476636,True,False,English,0.3035835023664638,4247.734772954852,50.45403224636104,0.532819597428418,0.6607192127287778,0.999249074708873,0.6534991433213377,0.7740392802259828,0.0794412328769409,0.5286800601430875,0.0062994523710215,0.1856704607513111,0.3712716049482803,0
Letshe,291144945,80745,28808,3073,884661,687813,11561585,True,False,English,0.106671757845043,329.1034023202108,13.068943923152483,0.7774876478108563,2.283485045513654,1.1733593947367418,0.2074265180050803,0.0401498444433539,0.0171083765497318,0.7792587894011409,0.0231791856667638,0.399694924706461,0.2444696064620886,1
SaltyBet,290991045,508140,3467,571,224099,69465,4509671,True,False,English,0.1646957023363138,1298.4932775246657,20.123565923988952,0.3099746094360082,0.0674223639154563,1.0029057762739932,0.3388706495541272,0.2216991970817399,0.0288706796321595,0.3004515937561567,0.0001280797854978,0.1901654475630839,0.1800309412287942,1
소니쇼 (sonycast_),290499225,100605,7998,2840,255949,54706,10802748,True,False,Korean,0.3550887721930482,1134.988708688059,42.20664272960629,0.2137378930958902,1.6937527955867004,1.0167333582529918,0.7701762414040649,0.1910777212596992,0.0656902062275465,0.2018899954976968,0.017044891430619,0.2071629513318287,0.2421736678585759,1
HGmony,290461620,111360,21999,2465,34358,32326,90310969,False,False,Russian,0.1120505477521705,8453.973455963676,2628.528115722685,0.9408580243320332,1.328125,1.058138726655942,0.219611321612038,1.0,1.0,0.946575859542084,0.0132416934889775,0.2580603465918479,0.5729148702058245,0
jakenbakeLIVE,289531305,120435,23432,2375,489623,116554,7920696,True,False,English,0.1013571184704677,591.3351803326233,16.17713220171438,0.2380484576909173,1.1832108606302154,1.0122299821043454,0.195387037352528,0.0892611574012341,0.0222907169452001,0.2267878535312481,0.0117343213383412,0.2016271929342324,0.124514713250464,1
Syndicate,289369785,58695,22845,4281,3000509,282047,13227099,True,False,English,0.1873933026920551,96.44023230725188,4.408285060967989,0.0939997180478378,4.376181957577306,1.151613763810436,0.3902884977057053,0.0,0.0026682981984823,0.079259191433494,0.0449470618635636,0.3729641886902147,0.1483545396485766,1
RakanooLive,289110855,104535,22607,2726,1234662,471456,3836302,True,False,Arabic,0.1205821205821205,234.16194472657293,3.107167791670919,0.3818502553735354,1.5646434208638256,1.0145578674745206,0.2389382596754945,0.0223690107400575,0.0004989210631179,0.3740636080566561,0.0157019177450305,0.2044887373758314,0.142676742442698,1
공혁준 (rhdgurwns),289103100,76590,40001,3828,289455,67061,12487303,True,False,Korean,0.095697607559811,998.7842669845054,43.14074035687758,0.2316802266328099,2.99882491186839,0.9860722791757276,0.1825663044091559,0.165569070044895,0.0672476446557484,0.2202657790565959,0.030620028896226,0.1694729338030137,0.1392902934776058,1
limit_maximum,288857850,85905,124818,1886,162040,70116,5965543,True,True,English,0.0151100001602332,1782.6329918538631,36.81524932115527,0.432707973339916,1.3172690763052208,1.7828879259025128,7.73895611903034e-06,0.3123698900312211,0.0567010352557659,0.4261499443030941,0.0131287720230797,1.0,0.3013928967615467,1
ElRichMC,288441015,31155,95938,9062,688715,431071,8120275,True,False,Spanish,0.0944568367070399,418.8104150483146,11.790472111105464,0.6259062166498479,17.4520943668753,1.0216572040446348,0.179755532948791,0.0569503604220006,0.0149767566083863,0.624015461389692,0.1809604715670799,0.2132155704757457,0.2116456922352826,1
guit88man,287764245,140685,7681,1989,144898,25130,8666012,True,True,Russian,0.2589506574664757,1985.9780328230893,59.80767160347279,0.1734323455120153,0.8482780680243096,1.0283814953885135,0.5523904443543993,0.3504527723621335,0.0950367305561967,0.1606107484532601,0.0082504075801352,0.2214813806248601,0.2313704139884975,1
RaizQT,286839210,121965,15185,2164,167584,31194,5190502,True,False,English,0.1425090549884754,1711.614533607027,30.972539144548406,0.1861394882566354,1.064567703849465,1.086791019786668,0.2886102851788595,0.2990694054172571,0.0469593754032769,0.1736248697350151,0.0105002154659079,0.2932810714598966,0.1853408704433688,1
ReventXz,286819950,84330,47282,3073,362062,219868,8050871,True,False,Spanish,0.0649930205998054,792.1846258375638,22.23616673387431,0.6072661588346747,2.186410530060477,1.1067886457403235,0.1130098858837436,0.126876659421523,0.0323930584378712,0.6049250979633196,0.0221694331211048,0.3178630788585486,0.2028728689476851,1
PatoPapao,286740930,100470,11694,2795,656860,116753,8955254,True,False,Portuguese,0.2390114588677954,436.5327923758487,13.633428736717107,0.1777441159455591,1.6691549716333234,1.021107520948501,0.5072213220796841,0.0602694441192059,0.0180495526271726,0.1650266824274796,0.0167890290630487,0.2125398745722725,0.1633159841481439,1
Replays,285932205,140220,16193,1983,871405,449727,5185473,True,False,English,0.1224603223615142,328.1277993585072,5.950703748544018,0.5160941238574486,0.8485237483953787,1.0283250051626245,0.2431930307692352,0.0399671314909497,0.005240001697425,0.5115505333940834,0.008252963105434,0.2214119402245856,0.1716026001136188,1
cdewx,284645955,139140,23448,1904,380159,50596,8015709,True,False,English,0.0812009553053565,748.7550077730634,21.085148582566767,0.1330916800601853,0.8210435532557137,1.0744496618181554,0.1497264159344596,0.1187430701953312,0.0304739443666354,0.1192955351651201,0.0079671188046106,0.2781105030337015,0.1173860979166431,1
亞洲統神 (asiagodtonegg3be0),284354865,63645,18594,4426,494643,22853,11106574,True,False,Chinese,0.2380337743358072,574.8688751281227,22.453717125280253,0.0462009974870765,4.172519443789772,1.0094503490451672,0.505006531352117,0.0861773135044814,0.0327557842705401,0.0303057517033997,0.0428285991466266,0.1982103393244784,0.1492140532169406,1
BotezLive,283479405,115845,36278,1985,330772,280964,12851602,True,False,English,0.0547163570207839,857.0235842211554,38.85335518121244,0.8494189350972876,1.0280978894212094,1.2327746849265386,0.0897297188559846,0.1390198344446845,0.06009920723964,0.8529277892315482,0.0101208626791674,0.4727309494037651,0.270771393642465,1
Conterstine,283398825,92805,18090,2557,386804,375789,5308302,True,False,Spanish,0.1413488114980652,732.6677723084559,13.723493035232314,0.971523045263234,1.6531436883788588,1.1942519035364942,0.2859819358082759,0.115730219268118,0.018199718515,0.9779816845592904,0.0166224824266839,0.4253769635185747,0.3066488340159906,1
BeyondTheSummit_PT,282753480,339000,49496,807,203549,60955,9694977,True,False,Portuguese,0.0163043478260869,1389.117509788798,47.62969604370446,0.2994610634294445,0.1428318584070796,1.033557697579805,0.0027133459789125,0.238671491843364,0.0747321643515995,0.2896840620158952,0.0009124764798754,0.2278442079353683,0.1390929581008358,1
AlphaCast,281533785,84165,28898,3046,411993,152951,8864009,True,True,French,0.1054052183542113,683.3460398599005,21.51495049673174,0.3712465988499804,2.171448939582962,1.098168778544817,0.2045573717430576,0.1064931426015701,0.0311905611292651,0.3632037889139112,0.022013805209894,0.307267139137184,0.1724543014558137,1
DownToQuest,281365035,513540,20723,543,82299,53724,3524088,True,True,English,0.0262027698692274,3418.8147486603725,42.82054459956986,0.652790434877702,0.0634419908867858,1.009011278447057,0.0251366662232348,0.6187974135127392,0.0667137762865127,0.6515491472555087,8.667662443534411e-05,0.1976706134231996,0.2599923822209384,0
똘똘똘이_ (jungtaejune),280810635,165945,6787,1649,124835,15713,8660860,True,False,Korean,0.242964490938559,2249.4543597548764,69.37845956662795,0.1258701485961469,0.5962216396999006,1.026192235910906,0.5161762952736422,0.3997971670309111,0.1109942841638789,0.1118995462947822,0.005628559621769,0.2187902415466096,0.2272143489885988,1
PENTA,280798065,116745,7172,2322,152821,40474,2786097,True,True,English,0.3237590630228667,1837.4311449342692,18.23111352497366,0.2648457999882215,1.1933701657458564,1.035842213583504,0.699203706708871,0.3226326021473639,0.025715358385515,0.254232564722005,0.0118399966966446,0.2306524407443735,0.2573794449007955,1
thedarkness,280707810,155595,7440,1914,536792,138160,7628946,True,False,Portuguese,0.257258064516129,522.9359044099018,14.212108228140508,0.2573808849610277,0.7380699893955461,0.942577189534642,0.5485561409064869,0.0764511987021242,0.0190143957562446,0.2465873126402161,0.0071040419513388,0.1160067564757624,0.1689533077386955,1
uhSnow,280296045,88500,8375,3150,134611,43869,3334788,True,True,English,0.3761194029850746,2082.2670138398794,24.773517766007235,0.3258946148531695,2.135593220338983,1.0054561743341404,0.817817831865093,0.3684859730556327,0.0366236312258844,0.3167561938908212,0.0216408401364757,0.1933005149020439,0.2924374975126585,1
JERICHO,280176915,112860,21935,2401,1191987,66665,7582522,True,False,English,0.1094597674948712,235.05031095137784,6.361245550496776,0.0559276233717314,1.2764486975013292,1.033951441462566,0.2137423159120488,0.0225353858148798,0.005924505715075,0.0402673529436745,0.0127041654080524,0.228328216140224,0.0872503236556591,1
T90Official,279691620,76395,51422,3379,160226,69044,6886631,True,False,English,0.0657111742055929,1745.6069551758142,42.980733463982126,0.4309163306829104,2.653838602002749,1.0834935427447814,0.114636750066439,0.3054355768496984,0.0669808621733857,0.4243150192298153,0.0270315401669428,0.2892276600585436,0.2046045680908041,1
DanucD,278223765,135030,4439,2045,546052,223147,12048648,True,False,English,0.4606893444469475,509.5188095639243,22.065019448697196,0.4086552196494107,0.908686958453677,1.007559363336265,1.0,0.0739384172651804,0.0321077013712914,0.4015161253573721,0.0088787705506505,0.1958858521681176,0.2853878111187687,1
DisguisedToast,277695945,20325,38169,9892,1340283,192604,5928269,False,False,English,0.2591631952631716,207.19202213263915,4.423147201001579,0.1437039789357919,29.201476014760143,1.3811946140084126,0.5528719153462973,0.0173180275258957,0.0026930781222695,0.1301642054414377,0.3031755346398779,0.6551755957459516,0.2768997261369549,1
DesertHeartsRecords,276313155,64620,24264,3620,85097,84304,58418224,False,False,English,0.1491922189251566,3247.037557140675,686.4898175023797,0.9906812226047922,3.361188486536676,1.1812070694634678,0.303749943252073,0.5866266237034649,1.0,0.9976026842183968,0.034389272968857,0.4093416497048014,0.5552850289745989,0
Jankos,274889760,45045,18826,5858,573657,271355,9284513,True,False,English,0.3111654095399979,479.1883651729169,16.184781149711412,0.4730265646544886,7.802863802863802,1.0417478276815937,0.6706747630184888,0.0682580685373163,0.0223034701791214,0.4674425501880412,0.0805908217143208,0.2379118949310479,0.2578635947613894,1
GarenaTW,273964050,12435,85416,22130,401222,21388,7818029,True,False,Chinese,0.2590849489556991,682.8240973824965,19.48554416258331,0.0533071466669325,106.77925211097708,0.995557559044946,0.5526946606280457,0.1063953921285035,0.0278068940274953,0.037583570889939,1.0,0.1811326788379383,0.3176021994186537,1
개복어 (dogswellfish),273920670,161235,10929,1601,215413,37690,10626908,True,False,Korean,0.1464909872815445,1271.6069596542457,49.33271436728517,0.174966227664997,0.5957763512884919,1.0611435812427448,0.297630727286657,0.216663871534137,0.0775716386245668,0.1621816860567803,0.0056239278076943,0.2617540529275822,0.1702376507062363,1
Sykkuno,272813670,91035,29658,2530,334591,305734,5285377,True,False,English,0.0853058196776586,815.3646392162372,15.796530689707732,0.913754404631326,1.6674905256220136,1.1845058507011268,0.1590253413569642,0.1312178605529664,0.0216561329324321,0.918817471913291,0.0167717157796479,0.4133966642839618,0.2768141978032106,1
JokerdTV,271815660,120165,319862,2013,159384,157656,9070954,True,True,English,0.0062933390024448,1705.4137178135825,56.912575917281536,0.9891582592982984,1.0051179628011484,1.1237060219545367,0.0,0.2979081037346989,0.0902096834217687,0.9960429292383276,0.009881829403592,0.3386587007102288,0.2887835410847694,1
A1taOda,269877405,140625,11974,1844,537519,67361,10306828,True,False,Russian,0.1540003340571237,502.079749739079,19.17481614603391,0.1253183608393377,0.7867733333333333,1.0407419812002892,0.3146419728003974,0.0725452146642619,0.0272888113993371,0.1113344284761489,0.0076106458245975,0.2366754618813133,0.128349422507676,1
livekiss,269518965,517260,7435,520,31323,2447,1641644,True,False,Chinese,0.0699394754539341,8604.506752226798,52.41017782460173,0.0781215081569453,0.0603178285581719,1.0020216176063816,0.1242153023415186,1.0,0.0827027509514585,0.0629973965193915,5.41796209772985e-05,0.1890785988061774,0.2431747047065872,0
Jerma985,269372580,57495,15921,4773,334594,92752,3411872,True,True,English,0.2997927265875259,805.0729540876406,10.19705075404819,0.2772076008535717,4.9809548656404905,0.981593950535638,0.6449117362684681,0.1292904123502907,0.0123200154055978,0.2668930013721469,0.0512378064592137,0.1639679649622425,0.2114368228029932,1
KamoLRF,269229795,66330,19264,3948,688868,184854,5731570,True,False,German,0.2049418604651162,390.82929530766415,8.32027325989885,0.2683445885133291,3.57123473541384,1.0281014678839384,0.4300419987239843,0.0517099981024118,0.0091908292207326,0.2578158768103374,0.0365741382089225,0.2211371578553551,0.1677449998202906,1
GoldGlove,268632360,119895,22448,2196,1433703,23684,16902968,True,False,English,0.0978260869565217,187.36960165389905,11.789727719060362,0.0165194604461314,1.0989615913924684,1.0202930296249657,0.1873880401300491,0.0136056433782047,0.0149755154696201,0.0,0.0108579748154089,0.2115386641392097,0.0730609729887487,1
harbleu,266439435,65775,13230,3926,349467,112349,3527460,True,False,English,0.2967498110355253,762.4165801062761,10.093828601842231,0.3214867212068664,3.5812998859749143,1.031780586227187,0.6380184890820418,0.1213016378847184,0.0121479111824483,0.3122418145639382,0.0366788341876151,0.2256597004083484,0.2243413978848517,1
runthefutmarket,265426125,84945,20746,2999,292812,146753,4266359,True,False,English,0.1445579870818471,906.4728392279004,14.570301080556808,0.5011850607215551,2.118311848843369,1.0419080184300646,0.2932518189797324,0.1482807938012401,0.0196116173921565,0.4962812978352078,0.021461082258945,0.2381088088133877,0.2028325698467783,1
웁_게임방송 (alenenwooptv),265229580,189900,4290,1418,125615,22295,5390604,True,False,Korean,0.3305361305361305,2111.448314293675,42.91369661266568,0.1774867651156311,0.4480252764612954,0.9849649173234224,0.7145560885839818,0.3739511077161484,0.0668690903785564,0.1647631145287038,0.0040870463385039,0.1681117133606755,0.2487230268177617,1
KarmikKoala,262630950,120450,10587,2205,151920,71165,8619663,True,False,Russian,0.2082742986681779,1728.7450631911531,56.73817140600316,0.4684373354397051,1.0983810709838109,0.988850201766053,0.4375911139967008,0.3022776466377412,0.0899188955212468,0.4627424545968232,0.0108519363411738,0.1728876848252859,0.2460449553198287,1
JustCooman,262612740,76035,10776,3287,159117,89413,7809170,True,False,Russian,0.305029695619896,1650.437979599917,49.0781626099034,0.5619324145125913,2.5938054843164333,1.050757592080521,0.6567752669616065,0.2876121331053345,0.0771472197230106,0.5584961832481332,0.0264070859203817,0.248987114340983,0.3092375005499083,1
IamCristinini,262492530,135240,7943,1906,398634,218848,12690137,True,False,Spanish,0.2399597129548029,658.4800343171933,31.834055800558907,0.5489948173010832,0.8456078083407276,1.0183308256465595,0.5093694427572311,0.1018361853499494,0.0483957982218706,0.5452460401916742,0.0082226319945401,0.2091266321896861,0.2370327884508253,1
Xop0,262276575,235920,4074,1110,94751,50725,18709302,False,False,Russian,0.2724594992636229,2768.0612869521165,197.4575677301559,0.5353505503899695,0.2822990844354018,1.0015479938229177,0.5829926034083501,0.4969229513151587,0.3245429744505913,0.5312721557433352,0.0023631907673552,0.1884963985301909,0.3544317123691635,0
Warframe,262160025,13740,346131,12843,1254031,282680,5405191,True,False,English,0.0371044488936269,209.0538631022678,4.310253095816611,0.2254170750164868,56.082969432314414,1.4856388728231815,0.0498327075618969,0.0176667169762373,0.0025048476711911,0.2138513225277781,0.5827922423079646,0.7835633128120388,0.2750351916428511,1
Smoke,261617925,100050,25500,2331,166007,53212,2955403,True,False,English,0.0914117647058823,1575.9451408675538,17.802881806188896,0.32054070009096,1.3979010494752624,1.121781130027007,0.1728574006655455,0.2736609592856123,0.0250013596389828,0.3112729395158697,0.0139674920495447,0.3362925344606051,0.18884211426936,1
Moondye7,261610875,97350,22231,2530,306920,39732,6839587,True,False,German,0.1138050470064324,852.3748045093184,22.28459207611104,0.1294539293627003,1.5593220338983051,1.0621829266064544,0.2235858640669138,0.138149201308492,0.0324737989158431,0.1155699038630005,0.0156465655858177,0.2630316643540423,0.1314094996823516,1
jean_mago,261252810,113445,11418,2012,342691,269837,7609872,True,False,Portuguese,0.1762129970222455,762.3567878934667,22.206220764478783,0.7874061472288446,1.0641279915377495,1.1445839047429032,0.3649612714699555,0.1212904398747061,0.0323431289635371,0.7894168994462465,0.0104956416534707,0.364322760552192,0.2804716903266847,1
mL7support,260845395,115380,9038,2124,342850,140872,5387428,True,False,English,0.2350077450763443,760.8149190608137,15.71365903456322,0.4108852267755578,1.1045241809672386,1.0643834840022603,0.4981515374088503,0.1210016754718776,0.0215179594732961,0.4038000048873431,0.0109158359230061,0.2657366913562586,0.220187284086772,1
KriszhAdvice,258011790,147675,28709,1593,284899,97984,6927865,True,False,Hungarian,0.0554878261172454,905.6254672708574,24.316915819290344,0.3439253911035139,0.6472320975114271,1.0967731157485916,0.0914773609077339,0.1481220962181726,0.035862330268204,0.3352225567579195,0.0061591616998733,0.3055515258307669,0.1537325052804451,1
QuickyBaby,255820995,118710,11077,2207,416329,45998,5642381,True,False,English,0.1992416719328338,614.4683531533955,13.55269750605891,0.1104847368307276,1.1154915339903968,0.9764422114074284,0.4171291170186664,0.0935935861355422,0.017914947937778,0.0961424544993289,0.0110299164577641,0.1576352087811304,0.132240871805035,1
aDrive,255087615,101085,14637,1692,461081,117274,3858228,True,False,English,0.1155974584955933,553.2381837464567,8.367787872412872,0.2543457657114477,1.0043033090963052,1.4914280236736377,0.2276462907345067,0.0821262726199932,0.0092700512220202,0.2434788711272452,0.0098733555147608,0.7906796049843005,0.2271790743671378,1
Ampeterby7,254852265,27480,43882,9301,1194476,1185647,6513197,False,False,Spanish,0.2119547878401166,213.3590503283448,5.452765061834645,0.9926084743435616,20.30786026200873,0.9971078261294156,0.4459286840657942,0.0184730013968544,0.0044097792207498,0.999576494411049,0.2106656611212645,0.1830383388912183,0.310348659851155,1
KabajiOW,254772135,72240,13865,3252,369667,87338,4098475,True,True,English,0.2345474215650919,689.1936120887177,11.086937703392511,0.2362612838040723,2.700996677740864,1.0844852567088794,0.4971087468040633,0.1075882880944236,0.0138037405443853,0.2249575051844623,0.0275220704240618,0.2904467207640144,0.1935711786359018,1
SNEUX,254717640,57510,30067,3748,196635,155555,4540889,True,False,Spanish,0.1246549373066817,1295.3830192997175,23.09298446360007,0.7910850052127038,3.9102764736567552,1.1817240452080442,0.2481645861862493,0.2211167014504973,0.0338216466488678,0.7931846311025675,0.0401007925185242,0.409977140217903,0.2910609163541016,1
TrU3Ta1ent,254345355,113745,10901,2204,595939,101235,6614948,True,False,English,0.20218328593707,426.797633650424,11.100042118404737,0.1698747690619342,1.1626005538704998,1.0145650685349523,0.4237928814615942,0.0584462233391663,0.0138255897804002,0.1569672282441184,0.0115199364442186,0.2044975892526105,0.1448415747536847,1
OgamingSC2,253498875,484455,11457,547,105368,11075,15776556,True,False,French,0.0477437374530854,2405.843092779592,149.72815275985118,0.1051078126186318,0.0677462303000278,0.9566107729907845,0.073934344519862,0.4290859743176451,0.2449628290138664,0.0906356348133184,0.0001314485883679,0.1332574867948496,0.1620012863413183,0
머독 (ajehr),252452325,76575,11117,3292,362794,86655,5623906,True,False,Korean,0.296123054780966,695.855843812191,15.501651074714577,0.2388545565803183,2.579431929480901,1.001457544660549,0.6365986712413938,0.1088360047123307,0.0211644746403269,0.2276134261184604,0.0262575746555807,0.18838521423343,0.2014758942669204,1
cyr,252345645,146190,19267,1678,182107,49771,4106827,True,True,English,0.0870919188249338,1385.6998632672,22.551725084702948,0.2733063528584843,0.6886927970449415,1.0286939637471146,0.1630714684055898,0.2380314278924051,0.0329191947726312,0.2628975072175095,0.0065904288218706,0.2218654811936365,0.1542292513839404,1
MrSavage,251627985,33030,31525,6883,1651212,734583,9931629,True,False,English,0.2183346550356859,152.38987180325725,6.014750982914368,0.4448750372453688,12.503178928247047,1.106808782527421,0.4603812710154115,0.0070545667966485,0.0053467888480571,0.4386109395473213,0.1294826976211821,0.3178878319292663,0.2264606826263145,1
Perxitaa,251497200,30330,55418,8010,689582,669977,7036771,True,False,Spanish,0.1445378757804323,364.709635692347,10.204400636907575,0.9715697335487296,15.845697329376854,1.0352094501062594,0.2932062599855626,0.0468182539078526,0.0123322700026268,0.9780295007381188,0.1642510036868556,0.2298746185911201,0.2874186511520228,1
IlloJuan,251067885,60495,24315,4087,275174,178705,5676686,True,False,Spanish,0.1680855439029405,912.3968289155224,20.62944173504764,0.6494254544397363,4.053558145301264,1.015469877790101,0.3465498031297885,0.1493902509147647,0.0297141358245729,0.6481028757835873,0.0415911840184345,0.2056098226675156,0.2368263453897773,1
masondota2,250624350,83205,8377,2882,104526,39906,3406472,True,False,English,0.3440372448370538,2397.7225762011367,32.58970973729024,0.3817806096090925,2.078240490355147,1.0451529776396942,0.7451407422091118,0.4275651470781438,0.049655714150493,0.373992279793219,0.0210442668254339,0.2420976628645785,0.3099159688201633,1
Annoying,250297065,64290,17361,3884,431285,158587,1799471,True,False,English,0.2237198318069235,580.3518902813685,4.172347751486836,0.3677081280359854,3.624825011665889,1.0023816555037766,0.4725805430597296,0.087204183989763,0.0022749155137345,0.3595798358938841,0.0371315751182438,0.1895211740537627,0.1913820379381863,1
고차비 (kumikomii),249821475,152370,5227,1615,177741,62122,5979126,True,False,Korean,0.3089726420508896,1405.5365672523503,33.63954293044374,0.3495085545822292,0.6359519590470565,1.0152144110667551,0.6657073927229691,0.2417464870848933,0.0514061206502884,0.3409405980287338,0.0060418276243272,0.2052957911470765,0.2518563695430481,1
Manyrin,249488880,109125,17140,2284,449520,146381,11128490,True,False,Russian,0.1332555425904317,555.0117458622531,24.756384588004984,0.3256384588004983,1.255807560137457,1.0009925313400858,0.2676479064298211,0.0824584290229254,0.0365950647580561,0.3164938496326732,0.012489459819246,0.1878135983370937,0.1505830513333026,1
1DrakoNz,249476295,99180,15242,2655,373375,252999,6950267,True,True,Portuguese,0.1741897388794121,668.1655038500168,18.614709072648143,0.6776002678272515,1.6061705989110708,0.9474158722997508,0.3603778979710323,0.1036501002346206,0.0263549344098976,0.6769583349442374,0.0161338763651842,0.1219546892857511,0.2175716388684539,1
Pace22,247862850,156975,10350,1524,171871,112723,3080537,True,True,English,0.1472463768115942,1442.1446899127834,17.9235414933293,0.6558581726992919,0.5825131390348781,1.036086417291484,0.2993419436065603,0.2486025324597292,0.0252025377899607,0.6546909953383675,0.0054859661369697,0.2309526272450237,0.2440461004294352,1
Rammus53,247730100,104520,16370,2217,978645,332303,11041262,True,True,Turkish,0.1354306658521686,253.1358153365112,11.282193236566886,0.3395541795032928,1.272675086107922,1.0690885636354504,0.2725753064998757,0.0259224767029161,0.0141292937433301,0.3307457456402057,0.0126649129462396,0.2715203930127635,0.1545930214242218,1
SaltyTeemo,247613265,517980,1803,476,173196,36103,2117741,False,False,English,0.2640044370493621,1429.6708064851382,12.22742442088732,0.2084516963440264,0.0551372639870265,1.0042780317269964,0.5638389881260615,0.2462663976195566,0.0157052953592381,0.1964760950614952,2.922722818703171e-07,0.1918522874798189,0.202356559319742,1
Odablock,247535550,101595,29397,2336,131966,92477,4228405,True,False,English,0.0794638908732183,1875.752466544413,32.041624357789125,0.700763833108528,1.3795954525321128,1.0430194476861188,0.1457913693303548,0.3298094989858022,0.0487418811559009,0.7006814845103355,0.0137770803536752,0.2394750290966712,0.2463793905721233,1
MckyTV,247481385,65025,49791,3599,722041,256660,9947455,True,False,German,0.0722821393424514,342.7525375982804,13.776856161907704,0.3554645788812546,3.320876585928489,1.057499888633681,0.1295222393834118,0.0427060828951788,0.0182886918532323,0.3470405076734424,0.0339699554572583,0.2572750573267047,0.1381337557648714,1
Calebhart42,246974370,124830,6763,1808,177595,13410,2533119,True,False,English,0.2673369806298979,1390.6606041836762,14.263458993777975,0.0755088825698921,0.8690218697428502,1.0942951883588228,0.5713883421148924,0.2389604857720359,0.0191000138473161,0.0603216552503228,0.0084661810660409,0.3025055427940912,0.2001237034741166,1
MacieJay,246761880,107805,7318,2249,835787,195140,5353692,True,False,English,0.3073244055752938,295.24493680806233,6.4055698401626255,0.2334805398983233,1.2517044663976624,1.0177701537711703,0.6619735719008645,0.0338087605798947,0.0059984084314645,0.2221095842025217,0.0124467801382865,0.208437428370144,0.1907957556038627,1
R6esportsBR,246712590,47100,60386,4021,323856,98848,5855733,True,False,Portuguese,0.0665882820521312,761.7971876389506,18.08128612716763,0.3052220740082011,5.122292993630573,1.3026757611710496,0.1166237001122159,0.1211856367747952,0.0254655483655257,0.2955842468083542,0.0527079815496627,0.5586565876469484,0.195037283542917,1
chistor_,246342825,128430,7099,1838,89608,30354,5658271,True,False,Russian,0.2589097055923369,2749.1164293366664,63.1447080617802,0.3387420766003035,0.8586778790002336,1.043585239737596,0.5522976743164663,0.4933749189662691,0.1006006337979393,0.3299140239947365,0.0083585846393591,0.2401705268736446,0.2874527270980692,0
Kephrii,245934495,165135,8709,1297,559647,102990,5923710,True,False,English,0.148926397979102,439.4457488381069,10.584725728896965,0.1840267168411516,0.4712507948042511,1.1482602760074414,0.3031477676552909,0.0608149886658469,0.012966393135135,0.1714610580903106,0.0043286342172749,0.3688419262688879,0.153593461338791,1
FEDMYSTER,245399790,24945,35011,9086,609723,284967,5176805,True,False,English,0.2595184370626374,402.4775020788129,8.490421060055139,0.4673712489113909,21.854479855682506,1.082724454729306,0.5536766598398007,0.0538914985005402,0.0094745198272611,0.4616506136019465,0.2267533342308101,0.2882822614732093,0.2656214812455946,1
Gosu,244854375,64590,16362,3502,1751290,185952,9377658,True,False,English,0.2140325143625473,139.8137230270258,5.354714524721777,0.1061800158740128,3.2531351602415235,1.0824963533544496,0.4506354471225252,0.0046992794892302,0.0042462977280803,0.0917337403028572,0.0332653207061636,0.28800186870572,0.1454303256757627,1
supertf,244635645,90585,9118,2526,196136,139939,3551440,True,False,English,0.2770344373766177,1247.275589386956,18.107027776644777,0.7134794224415711,1.6731246895181322,1.0691289804447393,0.5933564070488231,0.2121070418892022,0.0255084678986992,0.7137042564327865,0.0168303213911228,0.2715700752254057,0.3055127616476733,1
MoMaN,244502235,145755,16550,1363,360418,120693,8390437,True,True,French,0.0823564954682779,678.3851944131536,23.27973908073404,0.3348695126214562,0.5610785221776269,1.230732065207666,0.1523441106554398,0.1055640651452927,0.0341330261116529,0.3259479068034102,0.0052630069098667,0.4702200667040725,0.1822453637216225,1
Kotton,244412715,73005,58818,2757,253065,80920,4459178,True,True,English,0.0468734061001734,965.8100290439216,17.620682433366923,0.3197597455199257,2.26587220053421,1.2143235676540407,0.0719627455559095,0.1593935861606689,0.024697575220157,0.3104731186822456,0.0229959798586146,0.450049982055087,0.1732621645887805,1
saintvicious,244262295,168030,5370,1422,247236,44436,3133396,True,False,English,0.264804469273743,987.9722006503908,12.673704476694333,0.1797311071203222,0.5077664702731655,1.0222803417412654,0.5656513354572709,0.1635441637673998,0.016449386435333,0.1670616752385183,0.0047084640427349,0.2139815601739454,0.1885660975192004,1
winstrike_tv,243711495,19695,153252,12058,148183,148055,8767404,True,False,Russian,0.0786808655025709,1644.665683647922,59.16605818481202,0.9991362032081952,36.734196496572736,1.0262301010967934,0.1440175483547556,0.2865310855102161,0.0939669565142784,1.0,0.3815296077633954,0.2188367871856666,0.3541469975547187,1
pijack11,243578730,148140,8181,1569,252717,144993,6752832,True,True,Portuguese,0.1917858452511917,963.8399078811476,26.72092498723869,0.5737366303018792,0.6354799513973268,1.0479584837969147,0.4002391128705327,0.1590246177704788,0.0398705796744784,0.5705855647090315,0.0060369178812946,0.2455463208839647,0.2368838522982968,1
pqueen,243465255,88965,11976,2602,485787,328149,8544093,True,False,Turkish,0.2172678690714763,501.1769664482582,17.588146656868133,0.6754997560659302,1.7548474119035575,1.0517451460434506,0.4579646349896524,0.0723761395313215,0.0246433277120473,0.674807079121825,0.0176803872048087,0.2502010613804747,0.2496121049900216,1
Northernlion,242833140,60855,9312,3968,359260,22629,3384340,True,False,English,0.4261168384879725,675.9259032455603,9.420308411735231,0.0629878082725602,3.912250431353217,1.005634178679622,0.9310791681457828,0.1051034839788846,0.0110249383842979,0.0474980974483667,0.0401213252896611,0.1935193260823189,0.2213910565548854,1
Nattank,241616550,144480,8770,1537,86544,67207,8232442,True,True,Portuguese,0.1752565564424173,2791.8347892401557,95.12435293030136,0.7765645220928082,0.6382890365448505,1.088040542585223,0.362794605578899,0.5013753022842983,0.1539208932487432,0.7783133628568399,0.0060661375056775,0.2948170427171876,0.3495478906986076,0
bmkibler,241615470,103230,15034,2247,475075,23971,5087052,True,False,English,0.1494612212318744,508.5838446561069,10.7078924380361,0.0504572962163868,1.3060156931124671,1.0416354163716235,0.3043593257216935,0.0737633150920552,0.0131717512907368,0.0346648738906496,0.0130117162513037,0.2377737137459526,0.1127907826653986,1
Arteezy,240834885,12285,31009,19681,634982,99726,3776042,True,True,English,0.6346867038601697,379.27828662859736,5.94669140227597,0.157053270801377,96.12210012210012,0.9960865425018668,1.0,0.0495467011651886,0.0052333118375189,0.1438359888514275,0.9992724477588688,0.1817829297868223,0.3966118965666377,1
선바 (sunbaking),240663180,86235,8260,2762,251416,98720,3298202,True,False,Korean,0.3343825665859564,957.2309638209184,13.118504788875809,0.3926559964361854,1.921725517481301,1.0104211052540826,0.7232695852371501,0.1577868809770087,0.017191010307231,0.3851303936869746,0.0194162247841697,0.1994036377872634,0.250366288796633,1
flamuu,239018790,126915,5242,1851,117425,36301,3225407,True,True,English,0.3531095001907668,2035.5017245050035,27.467804981903345,0.3091420055354482,0.875073868337076,1.0174490500827165,0.765692511596996,0.3597276723740799,0.0411158666455459,0.2995988758510134,0.0085291329227493,0.2080427128542323,0.2804511287074362,1
Mixwell,238993935,52905,23552,4219,331208,271798,6539837,True,False,Spanish,0.1791355298913043,721.5826157580735,19.7454077196203,0.8206263133740731,4.784802948681599,1.0707316389672787,0.3715818105985004,0.1136541680867576,0.0282401693918712,0.8234395967514369,0.0491974676889349,0.2735401372592632,0.2766088916294607,1
AntoineDanielLive,238217145,54870,16671,3964,416920,272263,6778234,True,False,French,0.2377781776738048,571.3737527583229,16.257876810898974,0.653034155233618,4.334609075997813,1.09522767510106,0.5044275172647724,0.0855227397154832,0.0224253439408618,0.6517987553959435,0.044514627843066,0.3036517986571592,0.268723463802881,1
G4G_REVENANT,237767160,82110,14376,2947,284620,69353,6608568,True,False,Spanish,0.2049944351697273,835.3845829527089,23.218916450003512,0.2436687513175462,2.153452685421995,0.9825975624164774,0.4301610984585789,0.1349672372673113,0.0340316154029235,0.2325439219382856,0.0218266112448607,0.1652016511376585,0.1697886892416031,1
maxim,236707830,71685,21262,3173,312566,129119,5439874,True,True,German,0.1492333740946289,757.3051131601006,17.4039210918654,0.4130935546412597,2.655785729232057,1.040672940965131,0.3038431738236495,0.1203443517206609,0.0243361649851377,0.4060616814303481,0.0270517938521386,0.2365905944287769,0.1863712933734519,1
양띵 (yd0821),236218920,28275,38412,8075,279864,56233,1901665,True,False,Korean,0.2102207643444756,844.0489666409399,6.794961123974502,0.2009297373009747,17.135278514588858,1.0345929983329365,0.442000526225638,0.136589921070644,0.0066476477950063,0.1887724208972845,0.1776650071307348,0.2291168475393036,0.1967987284431018,1
c9judite,235689105,364425,8210,644,105341,84754,7982996,True,False,Portuguese,0.0784409257003654,2237.391946155817,75.78242089974464,0.8045680219477697,0.1060300473348425,1.0042584101475267,0.1434740024238219,0.3975380931162968,0.1216717285569781,0.8069933699009391,0.0005296703206937,0.1918281677261634,0.2770058386741489,0
WOKE,235303170,51600,50598,3827,107484,105725,3460437,True,True,English,0.0756354006087197,2189.1925309813555,32.194903427486885,0.9836347735476908,4.45,1.1915701472402331,0.1371185260348303,0.3885112063638157,0.0489974462129321,0.9903860073872776,0.045714904545074,0.4220804245559574,0.3388014191833146,1
Amaz,235255500,84525,12652,2764,915023,-5405,4237993,True,False,English,0.2184634840341448,257.10337335782816,4.631569916821763,-0.0059069553442918,1.962023070097604,1.0069700818098586,0.4606731128743065,0.0266655292236301,0.0030405852108774,0.0,0.0198353930504051,0.1951614800413671,0.1175626834000977,1
ESL_SC2,234726075,278745,40072,1414,305311,36130,5674624,True,False,English,0.0352864843282092,768.8097546436256,18.58637258402088,0.1183383500758243,0.3043642038422214,0.5955316417090006,0.0457143944140511,0.1224989649130363,0.0263076884529227,0.1041857949516865,0.0025927083743944,0.0,0.0502165918510152,1
CooLifeGame,234307740,47010,15459,4415,395859,167356,5764214,True,False,Spanish,0.2855941522737564,591.8969633126947,14.56128065801207,0.4227666921808017,5.634971282705807,1.1289265217419584,0.6127470965447965,0.0893663692865282,0.0195965774730949,0.4159685021566671,0.0580407736329519,0.345075980676184,0.2567992166283705,1
BruceGrannec,234104805,78270,11287,3011,463188,95268,5973378,True,False,French,0.2667670771684238,505.42070390424624,12.896227881551336,0.2056789035985388,2.3081640475277885,0.993354442424538,0.5700973153462533,0.0731709155111505,0.016820403866253,0.1936363173235593,0.0234358924346706,0.1784245059183889,0.1759308917333792,1
CuteDog_,234058290,207090,7016,1104,113658,22074,3489772,True,True,English,0.1573546180159635,2059.3208573087686,30.70414753031023,0.194214221612205,0.3198609300304215,1.0237545060223765,0.3222405762011869,0.3641885691211387,0.0465118810497768,0.1818946721067328,0.0027539026759561,0.2157936711389709,0.1888972120489604,1
大丸 (wtf_winds123),233395950,92775,11975,2410,259338,32952,9883708,True,False,Chinese,0.2012526096033403,899.9681882331166,38.11129876840263,0.127061980889804,1.5586095392077608,1.04386734067497,0.4216845804228953,0.1470625892300478,0.058861962716731,0.1131201708150924,0.0156391543376216,0.2405172984027132,0.1661476259875169,1
theRealShooKon3,233210205,166260,6148,1333,126282,37207,2944974,True,True,English,0.216818477553676,1846.7414595904404,23.32061576471706,0.2946342313235457,0.4810537712017322,1.0522759027902049,0.4569466090987781,0.3243762572462281,0.0342011805706666,0.2847406235344608,0.0044306031050533,0.2508534921392976,0.225924794282414,1
Albralelie,232815960,128580,18730,1668,240030,216977,5392597,True,False,English,0.0890549919914575,969.9452568428948,22.466345873432488,0.903957838603508,0.7783481101259916,1.0855336262954172,0.1675185022948451,0.1601680402261784,0.0327768404183111,0.908784240919272,0.0075230080904131,0.2917354251828548,0.2614176761886458,1
룩삼 (looksam),232224165,75030,32222,3302,285474,14351,7901792,True,False,Korean,0.1024765688039227,813.4687046806364,27.67955050197216,0.0502707777240659,2.640543782487005,0.9373362102766404,0.1979229762340259,0.1308627859886581,0.0414689139077663,0.0344738494936519,0.0268932497228708,0.1095643021966919,0.0901976795906108,1
GTimeTV,232140015,187335,14110,1022,665021,155419,5838039,True,True,German,0.0724309000708717,349.0717060062765,8.77872879202311,0.2337054017843045,0.3273280486828409,1.2124956458748275,0.129859233445557,0.043889549901622,0.0099552206959983,0.2223398782910211,0.0028315743700441,0.4478030159999711,0.1427797454507023,1
WagamamaTV,231985905,178470,7377,1268,312799,20933,3880798,True,False,English,0.1718855903483801,741.6452897867321,12.406682885814853,0.0669215694423575,0.4262901327954278,1.0251257004199206,0.3551582114213342,0.1174115474191234,0.0160041763473787,0.0515268902294091,0.0038609610828174,0.2174792067572258,0.1269068322095481,1
sleepy,231452460,107280,8855,2103,317125,254462,3295029,True,False,English,0.2374929418407679,729.8461489948759,10.390316121403233,0.802402837997635,1.1761744966442953,1.0258970087474908,0.5037813602913209,0.1152017797835796,0.0126422503638843,0.8047758795421177,0.0116611302807933,0.2184273346529527,0.2777482891524414,1
FifaTargrean,231025755,170820,6721,1353,396862,66121,7798628,True,False,Thai,0.2013093289689034,582.1312068174832,19.650729976666952,0.1666095519349295,0.4752370916754478,0.9995945603195854,0.4218130692358126,0.0875374180925044,0.0280823114219267,0.1536231301603778,0.0043700989971366,0.1860951476545635,0.1469201959270536,1
GrandPOObear,231011760,101175,13295,2230,253619,44926,3877237,True,True,English,0.1677322301617149,910.8614102255746,15.28764406452198,0.1771397253360355,1.3224610822831728,1.0238963922786186,0.3457494263493589,0.1491026945080814,0.0208076567533655,0.1644076909789713,0.0131827783833365,0.2159680842922522,0.1515363885442276,1
Pun1shers_TV,230552955,123345,6289,1961,82289,51159,4148542,True,False,Greek,0.311814278899666,2801.746952812648,50.41429595693228,0.6216991335415426,0.9539097652924724,0.9531726008497328,0.6721446746251223,0.5032316729003543,0.0793749798190766,0.6197067437720286,0.0093491704708988,0.1290311264656267,0.3354730613421845,0
gamelifeow,229805670,99600,37939,1659,234471,169229,8373012,True,False,Russian,0.0437280898284087,980.1027419169108,35.71022429212994,0.7217481053093986,0.9993975903614458,1.3907690436247704,0.0648375256244829,0.1620703551634298,0.0548586063767242,0.7221726937396574,0.0098223270655567,0.6669449277762948,0.2801177392910243,1
Sh4dowehhh,229762950,112875,11788,2012,84234,70619,6477747,True,False,Russian,0.170682049541907,2727.6746919296247,76.90180924567277,0.8383669302182016,1.069501661129568,1.011705844666222,0.3524317787825725,0.4893592657752663,0.1235381056626803,0.8416087905554793,0.0105515376476411,0.2009828989359487,0.3364120628932647,0
LuluLuvely,229749045,107070,10110,2178,431852,360592,6019198,True,False,English,0.2154302670623145,532.0087553143206,13.938103794818597,0.8349897650120874,1.2205099467637994,0.985208242798859,0.4538018362977539,0.0781503810955182,0.0185575430446069,0.8381500399563723,0.0121223000678596,0.1684108202972351,0.261532153459891,1
Swifty,229431480,122160,19884,1572,615027,71011,8647522,True,False,English,0.0790585395292697,373.0429395782624,14.06039409651934,0.1154599716760402,0.7721021611001965,1.194734599099167,0.1448731095352873,0.048378932396998,0.0187614399497104,0.1012378808263468,0.0074580387944099,0.4259703152454451,0.1244466194580329,1
Mibrtv,228640020,82620,151094,3310,250709,242229,6671227,True,False,Portuguese,0.0219068923981097,911.973722522925,26.60944361789964,0.9661759250764832,2.403776325344953,0.8360631172016754,0.0154050306306714,0.1493110106692886,0.0396847047042738,0.9725053889028212,0.0244304350339453,0.0,0.2002227616568334,1
PsheroTV,228376905,184215,10739,1166,202779,59927,5384623,True,True,English,0.1085762175249092,1126.2354829642122,26.554145153097707,0.2955286296904512,0.3797736340688869,1.0632334765817535,0.2117407722476171,0.1894383989351011,0.0395925045406199,0.2856566287336657,0.0033771044002989,0.2643230490076659,0.1656880763108281,1
bytarifaaa,228077640,15390,121009,13435,638657,629175,3651549,True,False,Spanish,0.1110247998082787,357.12070798566367,5.717543219599879,0.9851532199600098,52.37816764132553,1.1030785001207897,0.2172876507748483,0.0453969837382243,0.0048512487907526,0.991941136354262,0.5442555262383634,0.3133023961414688,0.3528391570063199,1
Alderiate,227675805,69030,11480,3337,319860,80730,5471250,True,False,French,0.2906794425087108,711.7983023822923,17.10513974864003,0.2523916713562183,2.900478053020426,0.9883773872208628,0.6242670227488655,0.1118217415215332,0.0238380012686445,0.2414775698555085,0.0295970416516778,0.1723064793024408,0.200551309391445,1
Solaaaa,227479455,96375,16718,2227,309594,107558,5135340,True,False,German,0.1332097140806316,734.7670012984747,16.58733696389465,0.3474162935974211,1.3864591439688716,1.0598821327919292,0.2675440891398441,0.1161233672408027,0.0229746590101396,0.338797792304693,0.0138484753008302,0.2602034221065623,0.1699153008504786,1
Strippin,227458650,121575,9127,1816,293665,19904,3115313,True,False,English,0.1989700887476717,774.5514446733523,10.608390512999506,0.0677779102038036,0.8962368908081432,1.0302493158353874,0.4165138879743481,0.1235742805673568,0.0130058498718618,0.0524039184293708,0.0087492670713901,0.2237773919689473,0.1396707659805458,1
Mendo,226473345,99480,25321,1959,518090,176007,5487693,True,True,English,0.0773666126930216,437.1312802794881,10.592161593545525,0.3397228280800633,1.1815440289505428,1.1621090466751764,0.1410403150642285,0.0603815301789501,0.0129787910912077,0.3309184684211012,0.0117169832396252,0.3858654761545315,0.1571502606916074,1
Pikabooirl,225939795,103740,21309,2146,237214,78399,5574448,True,False,English,0.1007086207705664,952.4724299577596,23.49965853617409,0.3304990430581669,1.24117987275882,1.014884849050003,0.1939179676827143,0.1568956928550138,0.0344997019290534,0.3214718556487204,0.0123373051110949,0.204890678262533,0.1540022002481883,1
Skadoodle,225401640,89955,30357,2318,611890,219104,5373229,True,True,English,0.0763580063906183,368.3695435454085,8.781364297504453,0.3580774322182091,1.5461063865265967,1.0809816757674209,0.1387554759231349,0.0475036890649914,0.0099596149235335,0.3497164821943835,0.0155090986768786,0.2861399569099294,0.1412640529488086,1
MasterSnakou,225243465,124275,12948,1786,448316,73137,6565757,True,False,French,0.1379363608279271,502.4212051320943,14.645377367749534,0.1631371621802478,0.8622812311406156,1.0148152228051477,0.2782515648601624,0.0726091631406618,0.0197367934886447,0.1500668545826849,0.0083960660934737,0.2048050904597534,0.1223109221042301,1
루시아 (lucia94),224762820,141705,8886,1603,82578,37026,5801449,True,False,Korean,0.1803961287418411,2721.8244568771343,70.25417181331589,0.448376080796338,0.6787339896263364,0.9894771638944948,0.3744374992731208,0.4882636215832552,0.1124543755560634,0.4421965611383205,0.0064868390064003,0.1736583756920791,0.2662495453748733,0
Otzdarva,222546390,91905,14940,2387,262104,146762,3176930,True,False,English,0.159772423025435,849.0766642248878,12.12087568293502,0.5599380398620395,1.5583482944344704,1.0144461434204874,0.3277177336490528,0.1375315187342618,0.0155276446575143,0.5564536285916564,0.0156364369140667,0.2043514009975425,0.2095363939240158,1
꽃핀 (cherrypach),222377040,94125,10985,2369,240835,90457,6606649,True,False,Korean,0.2156577150659991,923.3584819482218,27.432262752506904,0.3755974007100296,1.5101195219123509,0.9972863968356208,0.4543170840214136,0.1514431721003851,0.0410566064223423,0.3676596972339415,0.0151347694516964,0.1832578462683085,0.2021448625830146,1
Opat04,222161730,116775,9497,1814,178477,109720,6632006,True,False,Czech,0.1910076866378856,1244.763919160452,37.158883217445386,0.614757083545779,0.932048811817598,1.0487744290995815,0.3984763167691952,0.211636651063667,0.0572739824720846,0.6125969880696993,0.0091217765630463,0.2465493186154721,0.255942505592194,1
icebergdoto,221837100,52380,16441,3746,171113,84551,6944929,True,False,Russian,0.2278450215923605,1296.4362731060762,40.5867993665005,0.4941237661662176,4.290950744558992,1.1305789940732505,0.4819255125128722,0.2213139570146406,0.06298941112036,0.4890494168690273,0.0440605013289776,0.3471072761493581,0.2744076791658726,1
P4wnyhof,221823735,181830,7196,1205,489174,6719,6891131,True,False,German,0.1674541411895497,453.4659139692625,14.08727978183632,0.0137353988560307,0.3976241544299621,1.012407672754383,0.3451194594665469,0.0634407143604831,0.0188062669552168,0.0,0.0035627824672126,0.2018456185055485,0.1054624736258347,1
Mazarin1k,220905615,202410,9605,780,205378,68292,9980766,True,False,Czech,0.0812077043206663,1075.6050550691896,48.59705518604719,0.3325185755046791,0.2312138728323699,1.399201259439143,0.1497417047684743,0.1799562270626053,0.0763450603253942,0.3235401758619703,0.0018318111130671,0.6773101977346543,0.2347875294776943,1
김뚜띠_ (kimdduddi),219998175,90750,7244,2318,149158,67954,3549865,True,False,Korean,0.3199889563776918,1474.9337950361362,23.799360409766823,0.4555840115850306,1.5325619834710744,1.045824984490762,0.6906631223317291,0.2547433442847766,0.0349994004630289,0.4495786207688583,0.0153682121074128,0.242923724789288,0.2813794041241823,1
옥냥이 (rooftopcat99),218888325,92805,8794,2256,214028,59213,5969221,True,False,Korean,0.2565385490106891,1022.7088278169211,27.88990692806549,0.2766600631693049,1.4585421044124778,1.045471329727053,0.5469261915540631,0.1700497115725019,0.0418196451076453,0.2663322362991019,0.0145982699556558,0.2424889959850683,0.2137025084123394,1
KingGothalion,218707740,34875,41994,5792,1015521,44907,3349456,True,False,English,0.137924465399819,215.365058920495,3.2982636498900564,0.0442206512716132,9.9647311827957,1.0827330244163251,0.2782246176363778,0.0188486908594817,0.0008175387582834,0.0282775643802649,0.1030781973151436,0.2882927957291353,0.1195899007797811,1
ItsSlikeR,218576850,95655,12762,2317,283503,154360,5243404,True,True,English,0.1815546152640652,770.9860213119438,18.495056489702048,0.5444739561838852,1.4533479692645443,0.9862123869979708,0.3770618685082722,0.1229065406623893,0.0261554354225613,0.5406159643312219,0.0145442414481362,0.1696451608229097,0.2084882018659151,1
Alinity,218509065,90150,17341,2441,1203324,255987,13908506,True,False,English,0.1407646617842108,181.58788904733888,11.558404885134845,0.2127332289557924,1.6246256239600665,0.9929695898069651,0.2846586363927429,0.0125228322124281,0.0145898265861908,0.2008610607301073,0.0163258423867135,0.1779514272682288,0.1178182709294019,1
TidesofTime,218415420,88485,12457,2104,251700,27110,2240586,True,False,English,0.1689010195071044,867.760905840286,8.90181168057211,0.1077075883988875,1.4266824885573826,1.1731887920682569,0.3483971350119716,0.1410307423764515,0.0101604390959639,0.0932982158505812,0.0142668716678228,0.3994852120101314,0.1677731026688204,1
GernaderJake,218318010,146295,21162,1347,295771,70693,8847646,True,False,English,0.0636518287496455,738.1318993410442,29.913838746868358,0.239012614488912,0.5524454014149492,1.107879394617962,0.1099716264284347,0.1167535523468663,0.0451941844476845,0.2277753023823318,0.0051732066607859,0.3192038778635063,0.1373452916882682,1
スタンミ (sutanmi),217833015,80190,7854,2683,53124,16505,3473483,True,False,Japanese,0.3416093710211357,4100.463349898351,65.38444017769746,0.3106882011896694,2.007482229704452,1.0124715215823843,0.7396407754619003,0.7464579817186073,0.1043349810057334,0.301182424424738,0.0203082514718172,0.201924104440127,0.3523080864204873,0
DarioMocciaTwitch,217475940,103995,8160,1749,114376,96707,4356099,True,False,Italian,0.2143382352941176,1901.4123592362037,38.08577848499685,0.8455182905504651,1.0090869753353526,1.1956634344720856,0.4513280098688008,0.3346151370743809,0.0588194122713446,0.8489329131032497,0.0099231143947296,0.427112082676346,0.3551217782314753,1
bebe872,217343400,212205,4965,1087,70232,51251,2383295,True,False,English,0.218932527693857,3094.649162774804,33.934602460416905,0.7297385807039526,0.3073443132819679,0.9422394857934387,0.461735657605624,0.5580870081634409,0.0518980789180017,0.7303562026506305,0.0026237069642826,0.1155916354066891,0.3200487149514448,0
Lasqa,216969405,72210,10010,2863,135446,25351,5298356,True,True,Russian,0.286013986013986,1601.8886124359524,39.11784770314369,0.1871668413980479,2.378894889904445,1.0494936253136409,0.6136981639336704,0.2785197066161863,0.0605402005636795,0.1746770416237109,0.0241716225880792,0.247433387889298,0.233173353869104,1
六希夫 (qttsix),216951540,154035,9671,1412,118305,23620,8174656,True,False,Chinese,0.1460035156653913,1833.83238240142,69.0981446261781,0.199653438147162,0.550004869023274,0.9974901771248595,0.2965264369147796,0.321958618413007,0.1105269098257906,0.1874652889705142,0.0051478206592823,0.183508342431672,0.1841889028691743,1
Flight23white,216792240,31455,74388,7522,828896,704583,2016920,True,False,English,0.1011184599666612,261.54335405165426,2.4332606261822955,0.8500258174728796,14.348116356700048,0.916264191244706,0.1948463940018445,0.0274970580453243,0.0,0.8535493326420885,0.1486734219453291,0.0836616010986722,0.2180379679555431,1
Heelmike,216316170,101400,18963,2115,308927,208795,3406743,True,True,English,0.1115329852871381,700.217753708805,11.027663493317192,0.6758716460523037,1.2514792899408285,1.0086503839858996,0.218438865148848,0.1096529122726972,0.0137049115463476,0.6751879532084236,0.012444437891205,0.1972269852477919,0.2044426775525522,1
OGADotaPIT,216072855,18705,60846,10161,157820,48664,8333671,True,False,English,0.1669953653485849,1369.1094601444684,52.80491065771132,0.3083512862755037,32.593424218123495,1.1368575398789986,0.3440801748656806,0.234924342679341,0.0833608963799548,0.2987890544335989,0.338458001074045,0.3548251552519755,0.2757396041140993,1
SoloRenektonOnly,215806260,122985,5118,1735,391603,74554,4581141,True,False,English,0.3389996092223525,551.0842868925928,11.698431830195377,0.1903815854321851,0.8464446883766313,1.0113754647101478,0.7337287700613964,0.0817228863360315,0.0148232961281894,0.1779694472880585,0.0082313370778745,0.2005767806025324,0.2028420862490138,1
OfficialAndyPyro,215726910,209625,9676,1027,255595,29422,10284627,True,True,Finnish,0.1061389003720545,844.018505839316,40.23798196365344,0.1151117979616189,0.293953488372093,1.002053256179748,0.2062194131039833,0.1365842163083423,0.0624078213467015,0.1008812959482462,0.0024844178884825,0.189117490404929,0.1162824425001141,1
k3soju,215233395,125865,7504,1647,76666,70939,2609837,True,False,English,0.2194829424307036,2807.4165210132264,34.04164818824511,0.925299350429134,0.7851269217018234,1.0382718437230394,0.4629825357300074,0.5042934814284629,0.0520765582602322,0.9306413199508504,0.0075935201317381,0.2336390545656568,0.3652044116778246,0
SkyrrozTV,215122605,85890,17061,2185,597890,216436,6233611,True,False,French,0.1280698669480101,359.8029821539079,10.426016491327836,0.3619996989412768,1.5263709395738736,1.1462834027771671,0.2559005728541849,0.0458993256249091,0.0127017742577454,0.3537335028464105,0.0153038139251886,0.3664118621960115,0.1749918086174083,1
LeBouseuh,214699305,61455,24497,3678,988237,351530,4545514,True,False,French,0.1501408335714577,217.2548740838483,4.599619322085694,0.3557142669218011,3.590920185501586,0.949864574179465,0.3058988807200611,0.0192026193750241,0.0029873133872553,0.3472962276655431,0.0367789029017541,0.124964746972785,0.1395214485037371,1
BikeMan,214504440,136845,7223,1486,264192,11101,3531376,True,True,English,0.2057316904333379,811.9263263081396,13.366703003875967,0.0420186833817829,0.6515400635755783,1.05484474260772,0.4318312344464872,0.1305739261581475,0.017604835828854,0.0260224014571196,0.0062039724277928,0.2540112289399782,0.1443745998763966,1
Rubini,214130175,161985,5521,1284,102528,43426,7976244,True,True,Portuguese,0.2325665640282557,2088.5043597846443,77.79576310861424,0.4235525905118601,0.4755995925548661,1.029527728279906,0.4926214252175244,0.3696541161809308,0.1250286116425015,0.4167733861814298,0.0043738696694298,0.2228903831475639,0.27189029867323,1
JLWaliid,213819030,94875,19603,2239,272391,246417,4345817,True,False,French,0.1142172116512778,784.970979217375,15.954334027188857,0.9046444265779706,1.4159683794466402,1.0065618650336208,0.2245195583248951,0.1255256726745435,0.0219192413856776,0.9094874154526688,0.01415542533303,0.1946596810859818,0.2483778323761327,1
qSnake,212541900,152955,5441,1389,200878,37641,6296155,True,False,Russian,0.2552839551553023,1058.0645964217088,31.34317844661934,0.1873823913021834,0.5448661370991468,1.0004114057459692,0.5440841062526597,0.1766712134742811,0.0475773492372684,0.1748977987719595,0.0050943684466431,0.1870992518598055,0.1892373480071029,1
Criken,212449905,113040,11050,1828,285509,32753,3593487,True,True,English,0.1654298642533936,744.1093100392632,12.586247718986092,0.1147179248289896,0.970276008492569,1.028130400772136,0.3405337780513886,0.1178730142583975,0.0163035681490168,0.1004779076476124,0.0095194093400503,0.2211727235006667,0.1343134001578554,1
Loserfruit,212318190,99525,42374,1816,1869993,790345,10477877,True,False,English,0.0428564685892292,113.53956405184404,5.603163755158442,0.4226459671239411,1.094800301431801,1.1747330104339224,0.0628630046258133,0.0,0.004660541772431,0.4158448606297474,0.0108146897872901,0.401383436698297,0.1492610889189298,1
Broxah,212141310,46605,13137,4269,317896,209200,5351294,True,False,English,0.3249600365380223,667.3292837909254,16.833473840501295,0.6580768553237537,5.495976826520759,1.0662684997183685,0.7019243235524362,0.103493491202203,0.0233850476237416,0.6569632767898915,0.0565949770167119,0.2680538399211599,0.3017358260176907,1
JonVlogs,212114490,81180,21617,2239,480299,261559,3260166,True,False,Portuguese,0.1035758893463477,441.6300887572117,6.787784276044714,0.5445753582664132,1.654841093865484,1.1669901665925588,0.2004133142360351,0.0612240763904035,0.0066356817023486,0.5407198160803338,0.0166401385489229,0.3918655746762697,0.2029164336057189,1
ImSoFresh,211617645,180060,5788,1119,111954,36095,3673955,True,False,French,0.1933310297166551,1890.219599121068,32.81664790896261,0.322409203780124,0.3728757080973009,1.0502786679090288,0.4037394855516155,0.3325189336735448,0.0500340924046171,0.313186582426388,0.0033053533513541,0.2483983985827076,0.2251971409983712,1
BeBePtv,211307910,110010,14353,1865,57205,24674,63847323,True,False,Russian,0.1299379920574096,3693.871339917839,1116.1143781138012,0.4313259330478105,1.0171802563403327,1.0299229926209488,0.2601325168349483,0.6703105841771038,1.0,0.4247345167487489,0.0100072993227651,0.2233762603701129,0.4314268629089465,0
TrilluXe,210899220,79170,27943,2095,412495,95629,7212835,True,False,German,0.0749740543248756,511.27703366101406,17.485872556030984,0.2318306888568346,1.5877226222053809,1.2715408038591316,0.135620349916415,0.0742677011320585,0.0244728041926601,0.2204198761397194,0.0159419836593194,0.5203840570589676,0.1651844620165233,1
landonorris,209499930,30120,97550,6524,584831,457635,12694726,True,False,English,0.0668785238339313,358.22302511323784,21.70665713684808,0.7825081091802589,12.99601593625498,1.066141778685381,0.1172811972762306,0.0456034279832408,0.0315101971925007,0.7844005348324208,0.1346091040843803,0.2678980685622155,0.2302170883218315,1
LotharHS,208564530,152235,14561,898,251812,136198,6742783,True,False,Polish,0.0616715884898015,828.2549282798278,26.77705192762855,0.5408717614728448,0.353926495221204,1.5256313446353125,0.1054857031859564,0.1336319807069683,0.0399641611709606,0.5369267479753402,0.0031082468723719,0.8327239101876722,0.2753067916832116,1
ElcanaldeJoaco,208060515,20445,48072,8673,810622,758797,4893535,True,True,Spanish,0.180416874687968,256.6677378605565,6.036765594814846,0.9360676122779792,25.45267791636097,1.1733652113866675,0.3744844959551929,0.0265839425013639,0.0053834942218368,0.9416697209463374,0.2641811764878027,0.3997020748017693,0.3353341508190505,1
CzechCloud,207938580,145050,8212,978,180668,111145,9000160,True,False,Czech,0.119094008767657,1150.943055770806,49.81601611796223,0.6151891867956694,0.4045501551189245,1.465812719540332,0.23556717611999,0.194065684574284,0.0783774566642942,0.6130395300489098,0.0036348255445772,0.7591920875568364,0.3139794600848153,1
chess24,207560115,82035,32856,1603,66198,49745,20337169,True,False,English,0.0487886535183832,3135.4438955859696,307.2172724251488,0.7514577479682165,1.1724264033644176,1.5783786502885258,0.0763014377250711,0.5657271305975246,0.5075473810236424,0.7526000605025873,0.0116221432540432,0.8975633396695112,0.4685602487953966,0
TheNo1Alex,206694345,176910,8554,1105,140855,30883,7225371,True,False,English,0.1291793313069908,1467.4263959390862,51.29651769550247,0.2192538426040964,0.3747668305918263,1.0573382278127463,0.258413890079159,0.2533373429627801,0.0808459246087107,0.2075391990461676,0.0033250244848548,0.2570763363632514,0.1767562862574873,1
Crystal_LoL,206487075,139725,7471,1466,167132,98846,5571500,True,False,Turkish,0.1962254048989425,1235.4730093578728,33.33592609434459,0.591424742120001,0.6295222758990875,1.0080562896763936,0.4102962378639324,0.2098966301461552,0.0508998946261723,0.5887009850731997,0.0059749471573361,0.196496697025299,0.2437108986486824,1
WeAreTheVR,206446935,75975,20851,2688,410814,85526,9512134,True,True,Hungarian,0.1289146803510623,502.531401072018,23.154356959597287,0.2081866732876679,2.1228035538005923,1.0109006281436563,0.2578143649112192,0.0726298008655527,0.033923974158231,0.1962046695910156,0.0215078042074784,0.1999930895175159,0.1303456172085021,1
AdzTV,206255820,137250,11247,1443,489577,167548,4236933,True,False,French,0.1283008802347292,421.2939333342865,8.654272974424861,0.3422301292748638,0.6308196721311475,1.0414238702763292,0.2564238971665067,0.057415478893543,0.0097477131857747,0.3334863408763656,0.0059884424515638,0.2375136714943505,0.1500959240113507,1
IrmanPlay,205792560,42570,17697,2612,252042,232876,3312084,False,False,Russian,0.1475956376787026,816.5010593472516,13.141000309472233,0.923957118258068,3.681465821000705,1.8507716863783676,0.3001331392373233,0.1314306916794183,0.0172285175090656,0.929266662200199,0.0377207431521713,1.0,0.4026299589630295,1
Tomato,205792050,76080,5358,2675,92634,36010,2200922,True,True,English,0.4992534527808884,2221.5606580737094,23.75933242653885,0.3887341580845046,2.109621451104101,1.0111935788201305,1.0,0.3945731765473752,0.0349326610586427,0.3811138117549095,0.021370686224527,0.2003531980480591,0.3387239222722523,1
쫀득이_ (pjs9073),205748130,79215,15654,2597,193757,115990,5979215,True,False,Korean,0.1659000894340104,1061.8874672915042,30.859349597691956,0.5986364363610089,1.9670516947547811,1.0001301517773884,0.3415989993327161,0.1773871686842374,0.0467706523567791,0.596086899073351,0.0198876999460413,0.1867535214639787,0.2280808234761839,1
runitup247,205746015,486000,1182,422,91608,30397,2424188,True,False,English,0.3570219966159052,2245.9393830233166,26.46262335167234,0.3318159986027421,0.0520987654320987,1.0031888859633726,0.7745556576533354,0.3991388748757356,0.039439908530956,0.3228206261413661,0.0,0.1905134590968071,0.2877447543830334,1
NeZaK_,205442370,134205,7262,1407,255840,207722,3017013,True,False,Italian,0.1937482787110988,803.0111397748593,11.792577392120076,0.8119215134459037,0.6290376662568459,1.0879958094850437,0.4046846976049363,0.1289042714762001,0.0149802667827606,0.8145245066894659,0.0059699063305278,0.294762054720006,0.2773042839339828,1
피닉스박1 (xkwhd),205225605,179595,9938,1139,142209,50675,4794915,True,False,Korean,0.1146105856309116,1443.126700841719,33.717380756492204,0.3563417223945038,0.3805228430635596,1.0032601888049693,0.2254106852825726,0.2487864455095684,0.051535901112112,0.3479388411770747,0.0033848975444219,0.1906011078499008,0.1779429797459417,1
skill4ltu,205017270,135510,4049,1503,127741,46398,4548052,True,True,English,0.3712027661150901,1604.9449276269952,35.60369810789018,0.3632193266061796,0.6654859419969006,1.0066074035973511,0.8066799633664362,0.2790920996838111,0.0546809932792266,0.3549825942171948,0.0063490350755088,0.1947156591962403,0.2827500574697363,1
ilMasseo,204889125,92370,8980,2184,617665,436741,4364008,True,False,Italian,0.243207126948775,331.71561445119926,7.0653315308460085,0.707083937085637,1.418642416368951,1.0156295542175695,0.5167259490402897,0.0406390649659379,0.007098441426439,0.7071542692523045,0.0141832402088178,0.2058061043226742,0.2486011782027438,1
Worrun_,204440715,94455,41881,1728,146163,103762,3425022,True,True,English,0.0412597597956113,1398.717288233,23.432893413517785,0.7099060637781107,1.0976655550262029,1.252560467506573,0.0592459116729996,0.2404693583226784,0.0343883831924966,0.7100445727443213,0.0108444936662732,0.4970525491225363,0.2586742114535509,1
brax,204330900,26010,28736,5295,574927,282648,4449212,True,False,English,0.1842636414253897,355.4032077115877,7.738742483828382,0.4916241540230325,12.21453287197232,1.4836372587139617,0.3831987417291634,0.0450753267136458,0.0082212320914903,0.4864894192171136,0.1264802505962631,0.7811028361056477,0.3050946344088873,1
rewinside,204116820,48420,24167,4455,1259972,372220,5349508,True,False,German,0.1843422849340009,162.00107621439207,4.245735619521704,0.2954192632852158,5.520446096654275,0.9462508883409336,0.3833768962442002,0.0088545731548216,0.0023972764774115,0.2855446202601255,0.0568495021893835,0.1205226370830888,0.1429242509015052,1
금사향 (sah_yang),204029970,125325,7143,1559,206794,108366,7584329,True,False,Korean,0.2182556348873022,986.6338965347156,36.67576912289525,0.5240287435805681,0.7463794135248354,1.0442635932975803,0.4602022632821345,0.1632935233882821,0.0564684773149241,0.5196768372750248,0.0071904751632724,0.2410043904667072,0.2413059944817241,1
HAchubby,203908095,73110,13675,2779,221461,159519,5075885,True,False,English,0.203217550274223,920.7404238218016,22.919994942676137,0.7203028975756454,2.280672958555601,1.0036196055680515,0.4261358448499189,0.1509528567276142,0.0335332179882039,0.7206925727476777,0.0231499348180601,0.1910429195704402,0.2575845577836525,1
Recrent,203854050,129375,6781,1502,220789,120204,8936320,True,False,Russian,0.2215012535024332,923.2980356811254,40.474480159790566,0.5444292967493851,0.6965797101449276,1.049056909627743,0.4675547024164559,0.1514318515977252,0.0628021392082514,0.5405702260162728,0.0066724671461715,0.2468965567551055,0.2459879905233304,1
iLame,203117655,161025,4911,1243,233263,66490,9831952,True,True,Russian,0.2531052738749745,870.766709679632,42.149642249306574,0.2850430629804126,0.4631578947368421,1.0148064934476102,0.5391486460503989,0.1415936755730419,0.0655951682616498,0.2749177522124156,0.0042444532516869,0.204794359929436,0.2050490092131049,1
ixxYjYxxi,203102445,37305,15223,5459,857099,409932,2378245,True,False,Arabic,0.3586021152203902,236.96497720800048,2.7747611419450964,0.4782784719151463,8.780056292722156,0.9973211128349188,0.7781351681387397,0.0228939684948723,0.0,0.4728213327691738,0.0907554112528522,0.183300520781452,0.257984400239515,1
Wingsofdeath,202858185,144150,7176,1343,473157,6267,2534023,True,False,English,0.1871516164994426,428.7333485502698,5.355564854794498,0.0132450751019217,0.5590010405827264,1.047856655274236,0.3897409956016363,0.0588087480528532,0.0042477154992995,0.0,0.0052413973008028,0.2454211485508244,0.1172433341675694,1
mang0,202842615,140325,24391,1403,328671,53694,3077795,True,True,English,0.0575212168422778,617.1600627983606,9.364364364364365,0.1633670144308442,0.599893105291288,1.03030659276735,0.0960836881799514,0.0940976951179378,0.0109316618287637,0.1503022595927853,0.0056667495803786,0.2238477994247394,0.096821642287426,1
Kamikatze,202635300,126900,8509,1586,107476,36955,4997073,True,False,German,0.186390880244447,1885.400461498381,46.49478023000484,0.3438442070787897,0.7498817966903073,1.0068164405450768,0.3880176671162589,0.3316163955533797,0.0728398980087406,0.3351394114934699,0.0072269063553386,0.1949726170875167,0.2216354826024507,1
Philza,202591425,62925,24611,2991,527540,292543,5158370,True,False,English,0.1215310227134208,384.0304526670963,9.778159002160974,0.5545418356901847,2.8519666269368296,1.0764191661197338,0.2410878483955886,0.050436696707733,0.0116215893603976,0.5509270631815556,0.0290924340751909,0.2805315088783591,0.1939495234331375,1
Kurumx,202487955,131190,16413,1543,50286,49439,2485867,True,False,English,0.0940108450618412,4026.726225987352,49.43457423537366,0.9831563457025811,0.7056940315572833,1.0003052223929347,0.1787452089352263,0.7326483397428906,0.077741471485952,0.989896021705527,0.0067672727623017,0.1869687263676318,0.3621278401665882,0
Pieface23,201823125,93360,14072,2149,238155,127444,2037389,True,False,English,0.1527146105741899,847.4444164514707,8.554886523482606,0.5351304822489555,1.3811053984575836,1.005943683377574,0.3117293682177861,0.1372258279753741,0.0095820042990149,0.5310467712068611,0.0137927865535458,0.1938997835822545,0.199546090305806,1
CurtisRyan,201233880,162660,7245,1205,65688,33141,3760730,True,True,English,0.1663216011042098,3063.4800876872487,57.25140056022409,0.5045213737668981,0.4444854297307267,1.0266757072385289,0.3425538678083585,0.552249598933961,0.0907746120801168,0.4996982093690283,0.0040502254568261,0.2193845468796629,0.284785176754659,0
CalebDMTG,200582400,121635,5446,1608,71327,9005,1563033,True,False,English,0.2952625780389276,2812.152480827737,21.9136231721508,0.1262495268271482,0.7931927487976322,1.0255296461336183,0.6346493963503631,0.5051804418356618,0.0318552755304627,0.1122880895266585,0.007677419488895,0.2179757555248539,0.2516043963761492,1
MarkiLokurasY,200552295,71070,26329,2714,923377,417223,7000112,True,False,Spanish,0.1030802537126362,217.19437997697585,7.580990213098225,0.4518446961533588,2.29126213592233,1.0397561010510048,0.1992905295648245,0.0191912899128314,0.0079582087827929,0.4457489711366372,0.0232600816341691,0.2354635723710256,0.1551521089003801,1
JLBichouu,200256675,90720,16461,2039,212578,150452,4001304,True,False,French,0.1238685377559079,942.0385693721834,18.822756823377773,0.7077496260196258,1.3485449735449735,1.0825967866030397,0.2463831215356071,0.1549416177369598,0.0267018163122035,0.7078360398672227,0.0134540985694774,0.288125325903371,0.2395736699874736,1
나나양 (nanayango3o),199960005,122025,6411,1589,147351,63332,4789098,True,False,Korean,0.2478552487911402,1357.031883054747,32.50129283140257,0.4298036660762397,0.7813153042409342,1.031265348781168,0.5272555389235795,0.2326624289146479,0.0495082949911762,0.4231754749256278,0.0075538723372965,0.2250263466922898,0.2441969927974362,1
DavyJones,199829100,48375,44526,4111,955846,454965,10940319,True,False,Portuguese,0.0923280779769123,209.05993224850027,11.445692088474503,0.475981486557458,5.09891472868217,1.0048246432807424,0.1749331644419211,0.0176678536185705,0.0144018984342034,0.4704688569507977,0.0524648048267655,0.1925242077012249,0.1537434643289139,1
Fairlight_Excalibur,199826220,163650,19156,1208,408958,5162,1645770,True,False,English,0.0630611818751305,488.6228414653828,4.024300783943583,0.0126223230747411,0.4428964252978918,1.010809998725272,0.108633608716032,0.0700249768857433,0.0020280740383909,0.0,0.0040336969038519,0.1998816836417172,0.0641003400309559,1
PG_Esports,199821495,107715,24734,1933,112874,41935,16923320,True,False,Italian,0.0781515323037115,1770.305783439942,149.93107358647697,0.3715204564381523,1.0767302604094138,0.95969705939965,0.1428184271430871,0.3100612247927753,0.2453011626998139,0.3634842623403946,0.0106267283039148,0.1370512928952796,0.2015571830292108,0
StreamerHouse,199501650,496545,12609,402,630255,10659,2800864,True,False,English,0.0318819890554365,316.5411619106552,4.444017104187988,0.0169122022038698,0.0485756577953659,0.9994517338690952,0.0380020451689949,0.037797161923783,0.0027278749018206,0.0003093991265371,0.0,0.1859195787709965,0.044126009982022,1
Peereira7,198252765,133800,14532,1377,377689,361206,6222094,True,True,Spanish,0.0947563996696944,524.9100847522698,16.47412024178623,0.9563582736060622,0.6174887892376681,1.0760419414402531,0.1804341457838131,0.0768209273039138,0.0227858906538364,0.9624505630851014,0.0058497768823901,0.2800678068427558,0.2547348517586351,1
Twitch,198083340,12015,130795,9190,1189614,223168,46395022,True,False,English,0.0702626247180702,166.51059923639096,39.00006388626899,0.1875969852405906,45.89263420724095,1.7939430988739593,0.1249473462374913,0.0096991260084185,0.0603438174049332,0.1751175768603062,0.4767941141009783,1.0,0.3078169967686879,1
Sev7n,197315655,183630,31836,1037,469944,225963,7453572,True,False,Portuguese,0.0325731875863802,419.8705696848986,15.86055359787549,0.4808296307645166,0.3388335239339977,1.036189418252323,0.0395678468638715,0.0571489083879857,0.021762879523532,0.4754341223900966,0.0029512523603966,0.2310792407934159,0.1379907083865497,1
Wardiii,196743645,104280,9459,1670,76777,31905,3970743,True,False,English,0.1765514324981499,2562.533636375477,51.717871237479976,0.4155541373067455,0.9608745684695053,1.12975226187441,0.3657279438774531,0.4584313053160631,0.0815484552425287,0.408581706732336,0.0094216171651233,0.34609101866581,0.2783003411665524,1
자동 (tranth),196585155,142260,5451,1402,85764,11733,5114165,True,False,Korean,0.257200513667217,2292.1640198684763,59.63067254325824,0.1368056527214216,0.5913116828342472,0.985643588631292,0.5484257684986563,0.4077959210341899,0.0947416167157526,0.1230992297974886,0.0055774870882516,0.1689459675441454,0.2247643317797474,1
Kubon_,195943620,145845,9545,1323,267984,25721,6142647,True,False,Polish,0.1386066003143007,731.1765627798675,22.9216930861544,0.0959796107230282,0.5442764578833693,1.0154995569256309,0.2797698871319188,0.1154509424451511,0.0335360493345562,0.0812869142597521,0.0050882347040591,0.205646305634587,0.1201297222516707,1
KarasMai,195800370,138300,6728,1374,281664,139915,3975842,True,False,English,0.2042211652794292,695.1558239604635,14.11554902294933,0.4967443478754828,0.5960954446854664,1.0303970231160031,0.4284093769912708,0.1087049035381119,0.0188534007891546,0.4917333064639218,0.0056272469627619,0.2239589605948105,0.2128811992233386,1
Sloot,195525465,207555,21283,937,205002,23506,4415937,True,False,English,0.0440257482497768,953.773450990722,21.54094594199081,0.1146622959776002,0.2708679627086796,1.005380682807275,0.0655118240203955,0.1571393507808338,0.0312339038208883,0.1004209349171335,0.0022442861896768,0.1932077172231477,0.0916263361586793,1
LPMassive,195448335,81270,18813,2181,315264,22874,2409670,True,False,German,0.1159304736086748,619.9513265073082,7.643340184734064,0.0725550649614291,1.610188261351052,1.1026712459648067,0.2284006841614874,0.0946204487925577,0.0080621660555532,0.0572964794595656,0.0161756674043404,0.3128017804834552,0.1195595377261599,1
羅傑 (roger9527),195398655,34620,12707,5401,131484,22369,4197860,True,False,Chinese,0.4250413158101833,1486.1021493109429,31.92677436037845,0.1701271637613702,9.36048526863085,1.0450097180155034,0.9286427404678168,0.2568349769090596,0.0485503896091674,0.1572257202824425,0.0967929344201017,0.2419215615038496,0.2883280538654063,1
ChicaLive,195344370,92445,14928,2045,1041932,631422,2776587,True,False,English,0.1369908896034297,187.48283957110445,2.6648447307501835,0.6060107569399923,1.327275677429823,1.0332946001990744,0.2761097483204861,0.0136268508109298,0.0,0.6036393681306506,0.0132328589805247,0.227520796457692,0.1890216037833805,1
도현_ (d_obby),195270330,129525,16860,1401,195405,153300,5913454,True,False,Korean,0.0830960854092526,999.3108159975436,30.26255213530872,0.784524449220849,0.6489866821077012,1.076079911486832,0.1540195354881735,0.1656676832395391,0.0457756007961791,0.7864655855177612,0.0061774125894543,0.2801144813814279,0.2397033831687558,1
Valkia,194961090,106335,23519,1008,308459,146451,8091070,True,False,English,0.0428589650920532,632.0486353129589,26.230617359195225,0.4747827101819042,0.5687685146000846,1.8189098581079115,0.0628686600607977,0.0968860579540619,0.0390530806045084,0.4692411205937978,0.0053429968988811,1.0,0.2788986526853412,1
caps,194376465,17865,26754,10170,479368,270611,6373471,True,False,English,0.380130074007625,405.4848571452412,13.29557041771666,0.5645161963251615,34.15617128463476,1.0698421544078127,0.8269033770501051,0.0544547222141659,0.0174862351387896,0.5611423839362161,0.3547134294041722,0.272446741669584,0.3478578149021722,1
龜狗 (gueigotv),194262165,134895,9918,1373,165232,25466,6005834,True,True,Chinese,0.1384351683807219,1175.69335842936,36.34788660792098,0.1541226880991575,0.6106972089402869,1.048870413007965,0.279381535015795,0.1987009727490412,0.0559217926709987,0.1408346092746501,0.0057791320230023,0.2466673064782061,0.1545475580352823,1
Alfie,194074230,181755,15588,971,183885,33462,3380440,True,False,English,0.0622915062868873,1055.4108818011257,18.38344617559888,0.1819724284199363,0.320541388132376,1.0996697407962035,0.106890029575418,0.1761742202791002,0.0259693454603421,0.1693571422692092,0.0027609806850243,0.3091121914075977,0.1317106516127819,1
NiceWigg,193912155,130140,13013,1475,184033,111498,2871081,True,False,English,0.1133481902712671,1053.681432134454,15.60090309890074,0.6058587318578733,0.6800368833563855,1.0101880113463206,0.2225509268987734,0.1758503253474158,0.0213299593948444,0.6034836704339829,0.006500391484664,0.1991171079672505,0.2048053969211551,1
zEkO,193867860,44970,21313,4440,743040,370683,5338943,True,True,Spanish,0.2083235583915919,260.9117409560724,7.185269972006891,0.4988735465116279,5.923949299533022,0.970956914219089,0.4377027041621277,0.0273787682307163,0.0072984170305182,0.4939139421772863,0.0610466736548946,0.150892427594001,0.196372155474924,1
x6FlipiN,193573740,61095,19304,2712,279204,186655,6462906,True,True,Spanish,0.1404890178201409,693.3057549318778,23.14761249838828,0.6685255225569834,2.663393076356494,1.1682911496458075,0.2840342082916965,0.1083584187613803,0.0339127289920323,0.6676643624185645,0.0271309241788649,0.3934648032604326,0.2524275743171619,1
JASONR,193460805,188205,33902,992,777611,136800,6183865,True,False,English,0.0292608105716476,248.7886681129768,7.952388790796427,0.1759234372970547,0.3162508966286761,1.0362156838673684,0.0320641770620013,0.0251083339266776,0.0085774485712254,0.1631620199126298,0.0027163517245009,0.2311115277031157,0.0771233098166918,1
Dhalucard,192609885,83400,22306,1828,269408,97678,7444967,True,False,German,0.0819510445620012,714.9375111355267,27.634543146454448,0.3625653284238033,1.3151079136690649,1.2633867851014593,0.1514256253175578,0.1124096590679448,0.0413938723029185,0.3543127967784986,0.0131062919781034,0.5103607597988643,0.1971681675406479,1
duckmanzch,192428310,129945,14684,1363,122694,75228,9240202,True,False,Thai,0.0928221193135385,1568.3595774854516,75.3109524508126,0.6131351166316201,0.6293431836546232,1.0864594866268693,0.1760523374835251,0.2722403191936909,0.1208856404023636,0.6109358377576204,0.0059730842703682,0.2928735355550869,0.2464934591104425,1
MrBboy45,191523465,110835,9408,1659,318995,57504,6445684,True,False,French,0.1763392857142857,600.3964482201916,20.206222668066896,0.1802661483722315,0.8980917580186764,1.041594501576925,0.3652473586637032,0.090958170503134,0.0290084947660584,0.1676096419909998,0.0087685610836131,0.2377234193865957,0.1498859410656841,1
인간젤리 (ses836),190448565,157200,7683,1213,105730,29332,5099767,True,False,Korean,0.1578810360536248,1801.272722973612,48.23386928970018,0.2774236262177244,0.4629770992366412,0.9987674084189726,0.3234330935730894,0.3158607776551818,0.0757395136940382,0.2671142454665525,0.0042425726477435,0.1850783742541712,0.1952447628817961,1
AladdinTV,189890160,131490,4279,1416,110211,45168,4298260,True,False,German,0.3309184388875905,1722.9692135993685,39.00028127863825,0.4098320494324523,0.6461327857631759,1.0198739093389844,0.7154221480992767,0.3011959335095696,0.0603441798672926,0.4027213849371441,0.0061477268466465,0.2110234620849864,0.2828091392241527,1
miniminter,189756300,41400,27188,4215,858427,588461,16598800,True,False,English,0.1550316316021774,221.0511784927548,19.33629767004067,0.685510823867376,6.108695652173913,1.0874224216480135,0.3169782153872597,0.0199135991629138,0.0275580525617062,0.685059993812899,0.0629683736912996,0.2940572198518652,0.2344225757446572,1
ClintStevens,189206565,40125,15223,4445,393432,102753,2303521,True,False,English,0.2919923799513893,480.9130040261087,5.854940625063543,0.2611709266150186,6.646728971962617,1.060838787674905,0.6272412762823713,0.0685810624898433,0.0050803340522466,0.2504689139363709,0.0685649044776734,0.2613793865668321,0.2135526463008896,1
NoctisAK47,189081300,171270,7264,1052,73584,41176,6381664,True,True,Thai,0.1448237885462555,2569.5980104370515,86.72624483583388,0.5595781691672103,0.3685409003328078,1.0494253286952029,0.2938539504439054,0.4597543359877046,0.1399185706984488,0.5560850641580634,0.0032602634206477,0.2473494345248515,0.2833702698722702,0
Daxak,188764350,84855,7721,2061,116897,64239,5857325,True,False,Russian,0.2669343349307084,1614.79208191827,50.10671787984294,0.5495350607800029,1.4573095280183843,1.0793555956444922,0.5704762115330102,0.2809362952264292,0.0788621491438389,0.5457993348463136,0.0145854489063222,0.2841411039608212,0.2958000906027893,1
ThaldrinLol,188750280,112095,11305,1671,521166,95126,7822019,True,False,Turkish,0.1478107032286598,362.16921288034905,15.008690129440524,0.1825253374164853,0.8944199116820554,1.007685277211406,0.3006203364571626,0.0463424782382865,0.0203425516449593,0.1699234084144375,0.0087303671645565,0.1960406313312785,0.1236666288751135,1
olyashaa,187722975,77730,9142,2296,559877,138621,14210392,True,False,Russian,0.2511485451761102,335.29324298015456,25.38127481571845,0.2475918817883213,1.7722886916248553,1.051857424588195,0.5347159845560049,0.0413090906800763,0.0376369559112238,0.2365618272043952,0.0178618084204173,0.2503390793644105,0.186404124356088,1
Jay3,187658970,165585,9514,1111,189654,124100,3079327,True,False,English,0.116775278536893,989.4806858806036,16.23655182595674,0.6543494996150885,0.4025726968022465,1.0200801038524,0.2303144570201163,0.163826676019709,0.0223897883949957,0.6531458758030845,0.0036142563605861,0.2112769259244485,0.2140946632538233,1
SovietWomble,187497450,63360,9616,2900,1368076,214775,5846971,True,True,English,0.3015806988352745,137.05192547782434,4.2738641712887295,0.1569905473087752,2.746212121212121,1.020427605799373,0.6489621065319802,0.0041820442983117,0.0024441757373739,0.1437717500877384,0.0279923937518174,0.2117040914015576,0.1731760936347965,1
GodHunt,187099860,94590,19032,1820,202883,30738,7464390,True,False,Russian,0.0956284153005464,922.205704765801,36.79159909898809,0.1515060404272413,1.1544560735807168,1.0868180661710634,0.1824095602148636,0.151227277591315,0.056661602798426,0.1381547487553877,0.0114352189499587,0.2933143181274188,0.138867121072895,1
Everyeyeit,187019640,133125,18421,1236,86590,42213,52155951,True,False,Italian,0.067097334563813,2159.829541517496,602.3322670054279,0.4875043307541286,0.5570704225352112,1.1366038561465883,0.1177768786128767,0.3830120446074924,0.99959812591269,0.482270069457813,0.0052213153412991,0.3545133154665189,0.3903986248997817,0
Speedrun,186800430,500010,16604,375,93358,51098,13863239,True,False,English,0.022584919296555,2000.90436813128,148.49545834315217,0.547333918892864,0.0449991000179996,0.9962490350192996,0.0169409940611899,0.3532482074928067,0.2429075345791665,0.5435450178803926,0.0,0.1819826731101055,0.2231040711872769,0
iamSometimes,186597300,102870,23238,2004,179552,99162,4766495,True,False,Thai,0.0862380583526981,1039.2382151131706,26.5465993138478,0.5522745499910889,1.168853893263342,0.905146545637218,0.16113718163448,0.1731453696146394,0.0395799232218394,0.5486050045046816,0.0115849826135588,0.0699952765453365,0.1673412896890893,1
Broeki1,186562710,141675,13091,1317,150944,25995,4702541,True,True,German,0.100603468031472,1235.9730098579605,31.15420950816197,0.1722161861352554,0.5577554261514028,0.9998753121717748,0.1936797606702222,0.2099902712800598,0.0472622777951646,0.1593652091573552,0.0052284406320307,0.1864402608256821,0.1336610367267525,1
hexy,186060390,90495,14020,2092,336093,20006,2855592,True,False,English,0.1492154065620542,553.5979327150521,8.496434022725852,0.0595251909441731,1.3870379578982264,0.9828056904361891,0.3038024712010327,0.0821936471552874,0.0094845453522783,0.0439518303787681,0.0138544960245588,0.1654574917325511,0.1031240803074127,1
Etoiles,185982570,78165,45364,2090,220873,167386,6466352,True,False,French,0.0460717749757517,842.0339742748095,29.27633526958931,0.7578382147206766,1.604298599117252,1.1384491217051893,0.0701467761678209,0.136212549108135,0.044131262987829,0.759134666260902,0.0161144041427533,0.3567816012980036,0.2304202099942406,1
xChocoBars,185905980,96300,37216,1917,583881,107350,8679867,True,False,English,0.0515101031814273,318.39703638241355,14.865815123287108,0.1838559569501319,1.194392523364486,1.0070359157367186,0.0824664544375611,0.0381447339559901,0.0201043334774826,0.1712861729901389,0.011850631086146,0.1952424061513417,0.08651578868311,1
GN_GG,185795730,108075,4859,1715,91514,14734,3333965,True,False,Russian,0.3529532825684297,2030.243787835741,36.4312017833337,0.1610026881132941,0.952116585704372,1.0024122380190303,0.7653386251130488,0.3587429550555532,0.0560607056197653,0.1478808159949105,0.0093305181227985,0.1895587674970034,0.2544853979005133,1
SheriffEli,185394810,143400,5988,1291,265814,11832,2355559,True,True,English,0.2155978623914495,697.4606679858848,8.861681476521177,0.0445123281693214,0.5401673640167364,1.0014336458714823,0.4541814971891837,0.1091365595224076,0.0100935292568895,0.0285762875942987,0.0050454926108041,0.1883558367357702,0.132564867151559,1
iateyourpie,184820460,181335,10962,987,124020,7942,4878552,True,False,English,0.0900383141762452,1490.2472181906144,39.33681664247702,0.064038058377681,0.3265778807180081,1.0326455016211662,0.1697460642392381,0.2576112740326367,0.0609052915678142,0.0485737194445078,0.0028237712508771,0.2267228944426443,0.1277305024962864,1
KYR_SP33DY,184233300,95055,6607,1879,706212,66637,2451110,True,False,English,0.2843953382775844,260.8753462133184,3.4707849767491914,0.0943583513166018,1.1860501814738835,1.0314932373400585,0.6100313717522606,0.0273719521475743,0.0011051867902345,0.079626488547343,0.0117638554692761,0.2253064778565435,0.1592008887605387,1
armateam,183066645,379680,3181,479,187315,8680,3569807,True,False,French,0.150581578120088,977.3197287990818,19.05777433734618,0.0463390545338066,0.0756953223767383,1.0065978261443325,0.3068973182605907,0.1615491466766799,0.0270936654047059,0.0304471439255582,0.000214133687775,0.1947038861477039,0.1201508823505023,1
JeelTV,182390235,99870,7302,1768,357385,276765,6668409,True,False,French,0.2421254450835387,510.34664297606224,18.658894469549644,0.7744169453110791,1.0621808350856112,1.0329618266189484,0.5142755686906786,0.0740934556289082,0.0264286055477858,0.7761139050195431,0.0104753876643041,0.227111735770804,0.2714164430536707,1
Pengu,182358345,70665,7707,2452,775987,241309,5240516,True,True,English,0.3181523290515116,235.0018041539356,6.753355404149811,0.3109704157415008,2.081935894714498,1.0524484018002365,0.686502531631017,0.0225263013609367,0.0065782778009113,0.301471456702003,0.0210827057910231,0.2510655359064269,0.2148711348653863,1
태준이 (dlxowns45),182309400,79620,10549,2023,346631,124060,5444952,True,False,Korean,0.1917717319177173,525.9466118148695,15.708208440676108,0.3579022072463224,1.5244913338357198,1.1318555526293146,0.4002071413305404,0.0770150502486861,0.0215088715962601,0.349537024146138,0.0152842625870225,0.3486764810111105,0.2020381384866262,1
gabepeixe,181929585,101730,5955,1788,149362,25034,2795325,True,True,Portuguese,0.3002518891687657,1218.0446499109546,18.715101565324517,0.167606218449137,1.054556178118549,1.0001998150123663,0.6459518969686764,0.2066326107293341,0.0265223206888392,0.1546438740958193,0.0103960772835483,0.186839154736729,0.2051643224171577,1
TSM_TheOddOne,181908120,188445,4363,913,864087,-15772,6370949,True,False,English,0.2092596837038735,210.52060729995935,7.373041140533303,-0.0182527916749123,0.2906948977155138,1.0572962433628053,0.4398233490057825,0.0179414118811339,0.0076114914084349,0.0,0.0024505225844948,0.2570247271341623,0.1208085836690014,1
luke4316live,181729410,307005,2757,636,168531,36988,4795414,True,False,Italian,0.2306855277475517,1078.3144347330758,28.45419537058464,0.219472975298313,0.1242976498754092,0.9307277276843564,0.4883602330063228,0.1804636453229068,0.0427604937719727,0.2077636255373661,0.0007196868052707,0.1014408495251666,0.1702514223281676,1
VGBootCamp,181431360,77085,97791,1534,521938,24798,5491154,True,False,English,0.0156865151189782,347.61094229582824,10.520701692538196,0.0475113902417528,1.194006616073166,1.5343241459778014,0.0013137430332576,0.0436159750348187,0.0128596446629811,0.031647800862587,0.0118466169443501,0.843409503938215,0.1574488807460349,1
CapcomFighters,181252125,23850,84858,5684,348447,20205,12878708,True,False,English,0.0669824883923731,520.1712886034318,36.960306732444245,0.0579858629863365,14.29937106918239,1.3370284678607942,0.1175167126520996,0.0759334357021211,0.0569428921881049,0.0423753154109037,0.1481663817821095,0.6008845247014794,0.1736365437394697,1
Datto,181075290,71400,82047,2122,530822,89739,4566171,True,True,English,0.0258632247370409,341.12242898749486,8.602075648710867,0.1690566705976768,1.7831932773109245,1.19513123816916,0.0243674800637404,0.0424007927631192,0.0096606836092691,0.1561293661969032,0.0179752360600451,0.4264578823484487,0.1128319068402543,1
NeverSayYesTwitch,180978855,115455,10771,1357,194933,176218,3381154,True,False,French,0.1259864450840219,928.4156864153324,17.345210918623323,0.9039926538862072,0.7052098220085747,1.1551416495186275,0.2511809078958085,0.1523902958744706,0.0242382764162515,0.9088198972678796,0.006762236097198,0.3773008290884972,0.2867820737733509,1
BeatportOfficial,180850230,27765,48457,5300,126546,124653,36484452,True,False,English,0.1093753224508327,1429.1264046275662,288.3098003887914,0.9850410127542554,11.453268503511616,1.2289819883184,0.213551018929836,0.2461644409070456,0.4760225995983878,0.991826218452282,0.1185617085321156,0.4680687911906768,0.4190324629350573,0
포셔 (portialyn),180674100,128385,4498,1349,39485,29698,2460689,True,False,Korean,0.2999110715873722,4575.765480562239,62.319589717614285,0.7521337216664556,0.6304474821824979,1.0432050119819771,0.6451798282753861,0.8354735536127068,0.0992248985648114,0.7532923643405909,0.0059845709952257,0.2397031333178569,0.4298097248510963,0
케인 (kanetv8),180360300,130365,10087,1313,141167,52606,7004305,True,False,Korean,0.1301675423812828,1277.637833204644,49.61715556751932,0.3726508319933129,0.6043033022667127,1.0536957150217026,0.2606525270347523,0.2177933460798536,0.0780458927526954,0.3646419454533052,0.0057126236967932,0.252598791049291,0.1965741876777818,1
Sanchovies,180166830,141225,15588,1250,154845,145102,3924344,True,False,English,0.0801898896587118,1163.530175336627,25.343692079175952,0.9370790144983694,0.5310674455655868,1.0205945406266597,0.1474360055353134,0.1964230265140013,0.0375742935123273,0.9427055565724358,0.0049508368118188,0.2119092954177223,0.2568331690606032,1
GhostFreak66,179939730,107295,94791,1029,111646,89879,2471382,True,True,English,0.0108554609614836,1611.6988517277823,22.135875893448937,0.8050355588198412,0.5754228994827345,1.6297920897903209,0.0,0.280356988640907,0.0322258416456271,0.807472201506054,0.0054122146749749,0.960763119140946,0.3477050609347514,1
RTAinJapan,179880525,16155,42822,8383,71730,44766,2700751,True,False,Japanese,0.1957638596982859,2507.744667503137,37.65162414610344,0.624090338770389,31.134633240482824,1.3282435569797877,0.4092506797137092,0.4481703132375146,0.0580955386296371,0.6221557156206331,0.3232839062420434,0.5900857056429638,0.4085069765144169,1
WankilStudio,179581950,17235,28866,10173,726730,274734,5141210,True,False,French,0.3524215339846185,247.10958677913396,7.074443053128397,0.3780413633674129,35.41514360313316,1.0242414582808792,0.7641340322261932,0.0247938720811564,0.0071136332377954,0.3701627010224786,0.3678090446393696,0.2163922553933744,0.2917342564333946,1
SLAKUN10,179262330,9555,48358,18906,1874932,1874846,5835029,True,False,Spanish,0.3909590967368377,95.61004345757604,3.1121283331875502,0.999954131669842,118.71899529042386,0.9923358743687892,0.8514348269652413,0.0,0.0005071918666797,1.0,1.0,0.1771724349205378,0.5048524089587432,1
Monkeynews,179083095,154965,72483,1288,80290,54112,4978021,True,True,English,0.017769683925886,2230.453294308133,62.00051064889775,0.6739569062149707,0.4986932533152647,0.8972327301716897,0.0060328347305698,0.396238607962437,0.0986928920713298,0.673226957179115,0.0046140859881262,0.0602672482895815,0.2065121043701932,1
forever,178945815,29625,53702,5300,373484,360874,2863254,True,False,Portuguese,0.0986927861159733,479.1257858435703,7.66633644279273,0.9662368401323752,10.734177215189874,1.1396915213756866,0.1893514109302804,0.0682463485503203,0.0081005081463152,0.9725677755416744,0.1110818436514678,0.3583088164765966,0.2846094505494425,1
AlpTV,178729455,38625,33059,2913,576276,257474,6685553,True,False,Turkish,0.0881151879972171,310.1455812839681,11.60130388910869,0.4467893856416023,4.52504854368932,1.588499761697646,0.1653895239750784,0.0365993842780481,0.0146613528971136,0.4405715346791154,0.046495546690796,0.91000467826231,0.2689536701304102,1
Crocodyle_lol,178727670,96000,8810,1802,107835,77142,3657348,True,True,French,0.2045402951191827,1657.4179997217973,33.9161496731117,0.7153707052441229,1.12625,1.0331556950610432,0.4291323155126961,0.2889193657956522,0.0518673122409248,0.7156412287534072,0.0111418241854501,0.227350047832895,0.2873420157201709,1
WARDELL,178718460,127155,16215,1394,306435,288200,5304936,True,True,English,0.0859697810669133,583.2181702481766,17.31178227030202,0.9404930898885572,0.6577798749557626,1.0082615310328276,0.1605294415858932,0.0877409868652259,0.0241825402062682,0.9462021090300502,0.0062688778810537,0.1967489892000832,0.2369454907947624,1
Tiagovski555YT,178563045,76065,11245,2061,220585,130719,5057048,True,False,Portuguese,0.1832814584259671,809.4976766325906,22.9256205091008,0.5926014914885418,1.6257148491421811,1.139013107517119,0.3809737604302658,0.1301190835941189,0.0335425976002213,0.5899061622958214,0.0163371723212004,0.3574748787617246,0.251392275833892,1
Altair,178537155,145605,3702,1183,42265,19448,2779740,True,True,French,0.3195569962182604,4224.231752040696,65.76931267005797,0.4601443274577073,0.4874832595034511,1.0364958717297632,0.689684584445033,0.7696375855712789,0.1049766861038516,0.4542491045308554,0.004497481545287,0.2314559475918746,0.3757502316313634,0
NiteNightKid,178419030,149040,29228,1127,28818,11998,1450208,True,True,English,0.0385589161078418,6191.235686029565,50.32299257408564,0.4163370115899785,0.4537037037037037,1.0622198574872084,0.0531275745606028,1.0,0.0792227479827903,0.4093834936544728,0.0041461123697542,0.2630770615019856,0.3014928316782676,0
fuslie,178245645,67560,45247,2504,336394,116757,7152158,True,False,English,0.055340685570314,529.8716534777672,21.26125317336219,0.347084074032236,2.2238010657193605,1.0536465811007891,0.0911440371122453,0.0777501402173403,0.0307675668415032,0.3384575469953907,0.0225583630929811,0.2525383933595747,0.1355360079365059,1
Tyceno,177947595,42825,40407,4015,297359,250536,1623230,True,True,English,0.0993639715890811,598.4268006012934,5.458822500748254,0.8425371352472937,5.62521891418564,1.0349257709159827,0.1908718761863827,0.0905892907992261,0.0044198789018379,0.8458797391950833,0.0579393311596779,0.229525907000535,0.2365376705404572,1
Faux,177800325,151170,15167,1133,237909,29301,3248586,True,False,English,0.0747016549086833,747.3459389934807,13.6547419391448,0.1231605361713932,0.4496923992855725,1.0380948285631562,0.1350032718289153,0.1184791768627314,0.0180850885278321,0.1091244751846993,0.0041043874656564,0.233421459338103,0.1030363098679896,1
RiotGamesTurkish,177746055,23835,36258,7414,651994,49244,9998277,True,False,Turkish,0.2044790115284902,272.6191575382596,15.334921793758838,0.0755283024076908,18.66331025802392,1.0058477124647924,0.42899348716472,0.0295713575654416,0.0208864837947388,0.0603415442316197,0.193559332593792,0.1937818116943155,0.1545223361741046,1
makataO,177510525,182775,12292,910,391656,137135,7336811,True,False,Russian,0.0740318906605922,453.2307050064342,18.73279357395265,0.3501414506607839,0.2987279441936807,1.0672494104172396,0.133486026134835,0.0633966639365738,0.0265518189054122,0.3415887835800094,0.0025340809632604,0.2692596207529921,0.1394694990455138,1
Drjayfisto,177159195,155340,4092,1105,130341,41353,6201998,True,True,English,0.2700391006842619,1359.1977581881372,47.58286341212665,0.3172677822020699,0.4268057164928543,1.0320913051912983,0.5775095706353108,0.23306805851572,0.0746540794298701,0.3079209546356121,0.0038663240964626,0.2260416505404486,0.2371767729755707,1
CarTmaNzbs,176608230,96615,7809,1793,386948,65268,13183429,True,False,Russian,0.229606863875016,456.4133423612475,34.070285929892385,0.168673826974167,1.1134916938363608,1.01949732407412,0.4859166894450932,0.063992714881842,0.0521243065019965,0.1557372738557346,0.0110091144617199,0.2105605460474239,0.163223440865635,1
Th3Antonio,176072760,62175,13955,2419,223756,87872,5222867,True,False,Spanish,0.1733428878538158,786.8962619996782,23.34179642110156,0.3927134914817927,2.3343787696019302,1.1706862289943256,0.3584594900002045,0.1258862436395531,0.0342364954748315,0.3851892776951006,0.0237085735005975,0.3964089456502378,0.2206481709934208,1
BigEx,176005440,96870,21401,1569,256448,138235,1947938,True,False,English,0.073314331106023,686.3201896680808,7.595840092338408,0.5390371537309708,0.971817900278724,1.1580141014124503,0.1318605076818582,0.1070501475653478,0.0079829682639302,0.53504781986876,0.0095354478353127,0.3808317799058525,0.1953847785201769,1
BigSpinCR,175255470,92970,21815,1824,185784,81726,2995202,True,False,German,0.0836121934448773,943.3291887353056,16.121958833914654,0.4398979460018085,1.1771539206195547,1.0334843795112176,0.1551886971700095,0.1551833276164115,0.0221987253581156,0.433513611975277,0.0116713180818622,0.227754081971984,0.1675849603622766,1
Maghla,175236000,77505,16695,2124,329065,234216,6831650,True,True,French,0.1272237196765498,532.527008341817,20.76079194080197,0.7117621138680807,1.6442810141281208,1.064483902441869,0.253983759127803,0.0782474406007302,0.0299331384769954,0.7119454612022014,0.0165302944013896,0.2658601303500243,0.2260833706931907,1
Becca,174842160,115200,11405,1500,357844,56356,4198030,True,False,English,0.131521262604121,488.5988307754217,11.731452811839796,0.1574876203038195,0.78125,1.0118180555555556,0.2637191675503435,0.0700204801137733,0.0148783526279048,0.1442808313480501,0.0075531930537253,0.2011208337547218,0.1169288097414198,1
SirhcEz,174824130,133410,5928,1279,579629,34334,3081725,True,False,English,0.2157557354925776,301.6138426476246,5.316719832858604,0.0592344413409266,0.5752192489318642,1.0245719149331198,0.4545391339002806,0.0350015425160002,0.00418294846838,0.0436540568607304,0.0054100963366942,0.2167984680052684,0.1265977076812257,1
twlevewinsHS,174228915,102900,5425,1711,38410,31257,1353428,True,False,English,0.3153917050691244,4536.030070294194,35.23634470190055,0.8137724550898203,0.997667638483965,0.98958897410513,0.6802487716517563,0.8280318233084134,0.0540684980811707,0.816420163291701,0.0098043324013135,0.1737958179780511,0.427061567785401,0
코렛트 (collet11),174087030,136065,6144,1248,215304,73181,5543661,True,False,Korean,0.203125,808.5638446104114,25.748063203656223,0.3398961468435328,0.5503252122147503,1.0251924631609892,0.4259261867419338,0.129944193590173,0.0382485090441241,0.3310959742108392,0.005151152814499,0.2175612746086151,0.191321215168364,1
Zombie_Barricades,173823135,228765,4497,735,172386,60031,2219053,True,True,English,0.1634422948632421,1008.3367268803732,12.8725824602926,0.348235935632824,0.1927742443118484,1.0337860303127218,0.3360312518154958,0.1673580746080314,0.0167809794135574,0.3396372352125704,0.0014319686562535,0.2281248850988936,0.181560732467467,1
NBA2KLeague,173779995,28245,48495,4264,143535,42942,67586924,True,False,English,0.0879265903701412,1210.715121747309,470.8741700630508,0.2991744173894868,9.05788635156665,1.4429158542065423,0.1649622856768113,0.2052599214458051,0.7804155844962881,0.289390491194829,0.0936453521180646,0.7310462009228151,0.3774533059757689,0
XBOCT,173672880,35970,20110,4473,318230,78529,5635774,True,False,Russian,0.2224266534062655,545.7464098293686,17.709750809163182,0.2467680608365019,7.461217681401168,1.0794254918818815,0.4696510505320707,0.0807231976142081,0.0248460805874255,0.2357181044260414,0.0770370770548604,0.2842270236509196,0.1953670889775876,1
shtan_udachi,173627565,87210,7220,1929,100852,22524,3970603,True,False,Russian,0.267174515235457,1721.607553642962,39.37059255146155,0.2233371673343116,1.3271413828689371,1.032096155879794,0.5710203022846759,0.3009409190000081,0.0609616067719901,0.211721168536855,0.0132314620714174,0.2260476132312581,0.230653845316034,1
orslok,173607810,52005,21759,3082,327888,269085,5048873,True,False,Spanish,0.1416425387196102,529.4728992826819,15.3981633972576,0.8206613233787147,3.555811941159504,1.0831572814000252,0.2866473286885223,0.0776754607020789,0.0209919277019649,0.8234754525260698,0.0364137129347216,0.2888143120499433,0.2556696991005502,1
BRNWOWZK1,173484990,365670,6981,465,173713,87295,5330221,True,True,Portuguese,0.0666093682853459,998.6874327194856,30.684065095876534,0.5025242785514038,0.0762983017474772,1.0202805808515876,0.1166714676612311,0.165550934722279,0.0464783972315915,0.4976528684243333,0.0002204057763014,0.2115233615307906,0.1730162392244212,1
HellYeahPlay,173443275,103830,3946,1706,136885,31088,5014047,True,False,Russian,0.4323365433350228,1267.0729079154034,36.62963071191146,0.2271103481024217,0.985842242126553,0.9791643308641288,0.9451689324539456,0.2158147248914179,0.0563915498801631,0.2155855016226669,0.0096813266462028,0.1609813640087412,0.2672705665838563,1
홍방장 (game2eye),173015430,96045,5698,1669,183891,22221,5266599,True,False,Korean,0.2929097929097929,940.858606457086,28.639786612721668,0.1208378876617126,1.0426362642511322,1.079328733619567,0.6293195312277472,0.1547206318273142,0.0430699335178869,0.1067457162451518,0.0102720883734264,0.2841080839164926,0.2047059975180032,1
grafo,172499415,111105,7165,1544,414577,173024,5627155,True,False,Spanish,0.2154919748778785,416.0853472334452,13.573244535996931,0.4173506972166811,0.8338058593222627,1.0055570770122926,0.4539416256605371,0.0564400040521438,0.0179492063847289,0.4104216678493023,0.0080998701346483,0.1934245491442399,0.1900461538709334,1
xTheSolutionTV,172316145,78030,16093,2027,320629,103800,2778565,True,False,German,0.12595538432859,537.4315642066064,8.665981555005942,0.323738651213708,1.558631295655517,1.0894583067079624,0.251110544633559,0.0791659760269884,0.0097672351209604,0.3145481465864904,0.0156393806444788,0.2965598239970998,0.1611318511682628,1
Igromania,172086390,186960,6159,939,184078,13710,115312954,True,False,Russian,0.152459814905017,934.8558219885048,626.4352828692184,0.0744792968198263,0.3013478818998716,0.9802395756007332,0.3111521686538729,0.1535964178632796,1.0,0.0592671968177223,0.0025613331082332,0.1623031046059413,0.2814800368415082,0
Back2Warcraft,171822405,93345,8309,1697,94929,21267,4016790,True,False,German,0.2042363702009869,1810.009638782669,42.31362386625794,0.2240305912840122,1.0907922224007711,1.0846931342101471,0.4284438213525933,0.3174970454250054,0.0658685778757014,0.2124313441886472,0.0107729984331186,0.2907022534100407,0.2209526734475178,1
超負荷 (sam1268),171602475,35805,11861,4538,148702,20433,5691145,True,True,Chinese,0.382598431835427,1154.002468023295,38.27214832349262,0.1374090462804804,7.604524507750314,1.0561251327753554,0.8324950539668051,0.1946386576660198,0.0591301501855164,0.1237172001088354,0.0785277302097161,0.2555851437960176,0.2573489893221517,1
10000DAYS,171293220,131565,11193,1255,356683,158473,10528149,True,False,Turkish,0.1121236487090145,480.2393722156649,29.516823061373824,0.4442964761426813,0.5723406681108197,1.037423490395958,0.2197769203466986,0.0684549033228963,0.0445322327767501,0.4380184015936204,0.0053801538301736,0.2325962193905559,0.1681264718767825,1
iProMx,171223080,36000,8874,4576,151788,80190,1637792,True,False,French,0.5156637367590714,1128.0409518539016,10.789996574169235,0.5283026326191794,7.626666666666667,1.0393786421911422,1.0,0.1897765309050298,0.0133086450510835,0.5240539747174132,0.0787580491685881,0.2349995824700577,0.3401494637186955,1
짬타수아 (zzamtiger0310),171115545,90345,6217,1876,185684,46791,6693148,True,False,Korean,0.3017532571980054,921.5416783352362,36.04590594773917,0.2519926326447082,1.2458907521168854,1.009607361546198,0.6493530103964028,0.1511029173398956,0.0554182946735625,0.2410688911861903,0.0123863068743476,0.1984033463579616,0.2179554611380601,1
GingiTV,171013470,89805,6450,1713,156597,45047,5117439,True,False,English,0.2655813953488372,1092.0609590222034,32.679035996858175,0.2876619603185246,1.1444797060297311,1.1116611775406355,0.5674113394369026,0.1830381229913399,0.0498046494921928,0.2775999167452005,0.0113314464769877,0.3238526204692887,0.235506349268652,1
venruki,170464680,133110,13179,1264,292558,44449,7127552,True,False,English,0.0959101601031944,582.6696928472303,24.362868217584207,0.1519322664223846,0.569754338517016,1.013156768600063,0.183047808807358,0.0876382668764726,0.0359389475605313,0.1385912714974164,0.0053532512710512,0.2027664417904469,0.1088893313005461,1
Pimpeano,170116395,21420,38592,6469,740343,665323,3744461,True,True,Spanish,0.1676254145936981,229.78051389693692,5.057738102474124,0.8986685900994539,18.12044817927171,1.2276923599861955,0.3455074524591489,0.0215484472587414,0.0037511433900594,0.9033672150067992,0.1879125738806239,0.4664835203551672,0.3214283920584233,1
MatteoHS,169885590,141525,5827,1176,428553,221153,4537952,True,False,Italian,0.2018191178994336,396.41675592050456,10.589009994096411,0.5160458566385021,0.4985691573926868,1.0207421707421709,0.4229679159776942,0.0527564293506644,0.0129735363705564,0.5115011001380063,0.0046127951635143,0.2120907691886672,0.2028170910315172,1
nugiyen,169858440,159135,8448,996,121984,22377,3448935,True,False,English,0.1178977272727272,1392.4649134312697,28.273667038300104,0.1834420907660021,0.3755302101988877,1.0716724944835423,0.2328571883112001,0.2392984005617803,0.0424594955102594,0.1708623086468376,0.00333296502927,0.2746966804067077,0.1605845064110092,1
HighDistortion,169501845,105630,20179,1397,1677690,61126,5125402,True,False,English,0.0692303880271569,101.03287556103928,3.0550351972056817,0.036434621413968,0.7935245668844079,1.1486580059473408,0.1226089761632097,0.0,0.0004119994142329,0.0203034399915496,0.0076808710040147,0.3693308343196701,0.0867226868154462,1
LuquEt4,169456620,153855,4958,1081,74404,45202,2807619,True,True,Portuguese,0.218031464300121,2277.5202946078166,37.73478576420622,0.6075211010160744,0.4215657599688018,1.0188757624697449,0.4596944400307299,0.4050534137011868,0.0582341955494316,0.6051861990255529,0.0038118189628073,0.2097964937547731,0.2902960935040803,1
THump,169365870,92055,8063,1885,250786,115028,2168664,True,True,English,0.2337839513828599,675.3402103785697,8.647468359477802,0.4586699417032848,1.228613328988105,0.9760389756613904,0.495379225035991,0.104993794200224,0.0097363677241246,0.4527391006370005,0.012206590067055,0.1571395327386102,0.2053657684005009,1
MaTaFe_,169215480,153525,8535,1096,116653,106957,4182011,True,True,English,0.1284124194493263,1450.5883260610528,35.85000814381113,0.9168816918553316,0.4283341475329751,1.005658271495762,0.2566765717360298,0.2501838742045139,0.055091670604589,0.9220203079901363,0.0038822225753417,0.1935489420870379,0.2802339315329414,1
rxnexus,169026750,112095,6765,1475,255944,23213,5862326,True,False,Russian,0.2180339985218034,660.4052058262745,22.904721345294284,0.0906956209170756,0.7895088987019938,1.0222972191414517,0.4597001809118629,0.1021967354754785,0.0335077520338915,0.0758752740847537,0.0076391007087854,0.2140023066554134,0.1488202249783643,1
VaporaDark,168943005,70650,5041,2338,101359,22193,7610128,True,False,English,0.4637968657012497,1666.778529780286,75.08093015913732,0.2189544095738908,1.9855626326963909,1.0227830962279263,1.0,0.2906724253395353,0.1205021199373297,0.2072325323273642,0.0200802475639389,0.2145995692585961,0.3088478157377941,1
PaymoneyWubby,168861240,30600,16622,5485,302419,126399,2668187,True,False,English,0.3299843580796535,558.3684887523601,8.822815365436696,0.4179598504062244,10.754901960784316,1.0060786101131427,0.7133061347590531,0.083087086815069,0.0100287270636385,0.4110455369320071,0.1112974189188223,0.1940656417706072,0.2538050910431995,1
RTGameCrowd,168832200,38685,20354,4259,861594,308499,3736356,True,False,English,0.2092463397857915,195.9533144381228,4.336562232327523,0.3580561145968983,6.60566110895696,1.0247195888623422,0.4397931204554982,0.0152132189667995,0.0025487133861,0.3496946495830125,0.0681377235742082,0.2169799956340551,0.1820612369332789,1
다주 (dda_ju),168767490,108690,9137,1466,205041,52071,3755880,True,False,Korean,0.1604465360621648,823.0914304943889,18.3177023131959,0.2539540872313342,0.8092740822522771,1.0591689294446311,0.3292448308406642,0.1326649500990837,0.0258597294900886,0.2430777304974362,0.0078446947754892,0.2593267195419352,0.1663364425407828,1
Bawkbasoup,168736395,130215,7853,1259,94820,27795,2313340,True,True,English,0.1603208964726856,1779.5443471841384,24.397173592069183,0.2931343598396962,0.5801174979841032,1.029252714175252,0.3289602140868039,0.3117914422315674,0.0359961455524295,0.2832045182281655,0.0054610470875342,0.2225523230812836,0.1979942817112973,1
견자희 (wkgml),168416325,76140,10656,2210,415795,150813,6013389,True,False,Korean,0.2073948948948949,405.0465373561491,14.462388917615652,0.3627099892976106,1.7415287628053586,1.0008731534075714,0.4355989628895396,0.0543726327721429,0.0194316934264722,0.354460952362668,0.0175418488894861,0.1876668534571212,0.1781788239662383,1
Werlyb,168339975,57105,37980,2399,204348,146852,5349362,True,False,Spanish,0.0631648235913638,823.7906659228375,26.17770665727093,0.7186368352026934,2.5206199106908325,1.228804730278453,0.1088683927435915,0.1327959043648789,0.0389648616025174,0.7189862617208542,0.0256458220713789,0.4678508974037069,0.2488520233178213,1
TSM_Hamlinz,167898480,11055,51989,15483,2137521,126150,2268382,True,False,English,0.2978129989036142,78.5482247893705,1.0612209189991584,0.059016964043862,84.0325644504749,0.9809184511992888,0.6404269741862466,0.0,0.0,0.0434313257576879,0.8735191605725166,0.1631376099129778,0.2867525117382381,1
DougisRaw,167875230,153960,22641,1076,127151,74509,2149900,True,True,English,0.0475244026323925,1320.2824201146668,16.908242955226463,0.5859883131080369,0.4193296960249415,1.0133662753131456,0.07343747593781,0.225779913038182,0.0235097115658349,0.5831332230732562,0.0037885598072088,0.2030239771390423,0.1854454767602224,1
Mmorpg,167774640,182925,4994,908,235167,19566,3055373,True,False,English,0.1818181818181818,713.4276492875276,12.992354369448094,0.0832004490425952,0.2978269782697827,1.0101070526123763,0.3776589371342503,0.1121268889997926,0.0169806773557123,0.0681990342122313,0.0025247092694543,0.1990175897443667,0.1294179727859679,1
BreaK,167534355,115560,9531,1432,309300,18289,3880016,True,True,English,0.1502465638442975,541.6564985451018,12.544506951180084,0.0591302942127384,0.7435098650051921,1.012402774877159,0.3061383960445315,0.0799572305198536,0.016233972986899,0.0435473937512787,0.0071606266092098,0.2018395978081696,0.1091462029533237,1
berkriptepe,167325930,32790,24573,4103,622358,281667,5508199,True,False,Turkish,0.1669718797053676,268.8580045568628,8.850531366191163,0.4525803476455673,7.507776761207685,1.243713400968073,0.3440269718302159,0.0288669610100283,0.0100749384695888,0.4465023944618579,0.0775213766585072,0.4861773254529979,0.2321949946471994,1
Xposed,167309220,111240,8580,1475,266853,147449,2220313,True,True,English,0.1719114219114219,626.9714786792729,8.320359898520909,0.5525476573244446,0.7955771305285868,1.019686980052292,0.3552167287696522,0.0959351974967098,0.009190973674926,0.5488847095517294,0.007702221420807,0.2107936799538899,0.2046205851446191,1
무굴 (moogrr1211),167186250,188805,2008,879,37162,10214,3006979,True,False,Korean,0.4377490039840637,4498.849631343845,80.91542435821538,0.2748506538937624,0.2793358226741876,1.0073912870177828,0.9574300118375372,0.8210685933481013,0.1302300811369638,0.2644791154021786,0.0023323674241443,0.1956792449781421,0.3952032356878445,0
BoarControlHS,166892040,153345,3622,1064,79204,39363,2852825,True,False,English,0.2937603533959139,2107.116307257209,36.01869855057825,0.4969824756325438,0.4163161498581629,1.022879266051267,0.6312463423986928,0.3731398004256432,0.0553729312718873,0.4919771868997701,0.0037572134141915,0.2147177856566013,0.2950352100111311,1
Dementardo,166850715,35445,15476,4663,547154,465321,2419659,True,False,Spanish,0.3013052468338071,304.94287714244984,4.422263201950456,0.8504388161285488,7.893355903512484,1.0095031441637825,0.6483381132920553,0.0356250110222283,0.0026916042141335,0.8539723084992186,0.0815321051043586,0.198275237527866,0.3034057299433101,1
CrReaM,166587645,142350,8098,1150,165906,6207,1614843,True,True,English,0.142010372931588,1004.1086217496654,9.733481610068353,0.0374127517992116,0.4847207586933614,1.0176243185046043,0.2874805993144915,0.1665662262826039,0.011547097909734,0.0213052000031241,0.0044687464832334,0.2082581609105957,0.1166043384839637,1
Xiuder_,166422960,172080,13675,909,312280,298759,3022408,True,False,Italian,0.066471663619744,532.9286537722556,9.67851927757141,0.9567023184321762,0.3169456066945607,1.0639444697607836,0.1163595193726584,0.0783226615925638,0.0114554581857531,0.9628029193294116,0.002723577980066,0.2651970347311619,0.2394768618652691,1
SmallAnt,166352115,96720,11518,1821,255156,218287,2695198,True,False,English,0.15810036464664,651.9623877157503,10.56294188653216,0.8555040837761997,1.129652605459057,0.9445002847943008,0.3239299480473159,0.1006155469345047,0.0129300725277142,0.8591599426366401,0.0111772175068395,0.1183707141780817,0.2376972403051827,1
Naowh,165590085,120435,11693,1333,103636,48833,5069397,True,False,English,0.1139998289574959,1597.8046721216565,48.91540584352928,0.4711972673588328,0.6640926640926641,1.0314577959473057,0.2240271119797098,0.2777548577775104,0.0768758523252137,0.4655690608171808,0.0063345424364876,0.2252629116561912,0.2126373894987156,1
Tonton,165536760,133530,9738,1237,147542,76656,3954958,True,False,French,0.1270281371944958,1121.963644250451,26.8056417833566,0.519553754185249,0.5558301505279712,1.002180393458856,0.2535406977377993,0.1886383600932518,0.040011829571637,0.5150937413032803,0.0052084142435107,0.1892737734328705,0.1986278027303916,1
逼比 (bebelolz),165015915,64650,7592,2488,260119,26670,6966348,True,False,Chinese,0.327713382507903,634.3862424505706,26.781388518331998,0.1025299958864981,2.309048723897912,1.0259044807185862,0.7081615963376305,0.0973238498821721,0.0399713916496726,0.0879955433097954,0.0234450946873179,0.2184365195456582,0.1958889992353745,1
踢虧 (takesipon),164981160,111600,8103,1534,57634,11867,3983662,True,False,Chinese,0.1893126002715043,2862.566540583683,69.11999861193046,0.205902765728563,0.8247311827956989,0.963706523110569,0.3946363648789349,0.5146220918329186,0.1105633473845922,0.1938655875040458,0.0080054768978554,0.1419799112640224,0.2272787966270616,0
Vargskelethor,164759730,58395,6577,2809,287063,60041,2147906,True,True,English,0.4270944199483047,573.9497253216193,7.482350564161874,0.2091561782605212,2.886206010788595,1.004439237316259,0.933293725380704,0.0860051732164335,0.0077937450529721,0.1971975958179063,0.0294485863036591,0.1920504488514308,0.240964879103851,1
핑맨 (95pingman),164673495,47430,26738,3449,195423,97696,3424139,True,False,Korean,0.1289924452090657,842.651555855759,17.52167861510672,0.4999206848733261,4.363061353573688,1.0066474180839482,0.257990528981327,0.1363282110714901,0.0245325043040177,0.4949863772566584,0.0448105835795218,0.1947648468552086,0.1922355086747039,1
LobosJr,163736505,121335,12709,1332,375646,27173,3970888,True,True,English,0.1048076166496183,435.87980439030366,10.570824659386764,0.0723367212748172,0.6586722709852887,1.0131067215070182,0.2032035989556134,0.0601471511707352,0.0129432156221896,0.0570728610367793,0.0062781604322809,0.2027049215872804,0.0903916514674798,1
ZONY,163669320,147990,7172,1118,260125,140806,3739750,True,False,Polish,0.1558839933073061,629.1948870735223,14.376741950985105,0.5413012974531475,0.4532738698560714,0.989220491980735,0.3189091069369228,0.0963516020465733,0.019288892638637,0.5373666606649891,0.0041416413114148,0.173342862695802,0.1915667943823898,1
Monstercat,163589370,519675,14261,313,788684,22331,4084222,True,False,English,0.0219479699880793,207.42067799017096,5.17852777538279,0.0283142551389403,0.036137970847164,1.0057242399748798,0.015498085458071,0.0173608506706115,0.0039525382687376,0.0119869023025222,0.0,0.1936300335948753,0.0404047350491362,1
k1ng,163381335,36540,52558,4365,706537,614383,6210317,True,False,Spanish,0.0830511054454126,231.24243316344368,8.789797278840316,0.8695694634534356,7.167487684729064,1.0243530133149756,0.1539176404457752,0.0218222385404875,0.0099736753908908,0.8735651130728483,0.0739817477494143,0.2165293840045341,0.2249649665339917,1
DuelLinksMeta,163307010,89910,5792,1886,88697,33306,6092699,True,False,English,0.3256215469613259,1841.1785066011253,68.69115077172847,0.3755031173545892,1.258591925258592,0.9630639830357044,0.7034228715030131,0.3233344158366972,0.1098483213673084,0.3675631361857805,0.0125184223101324,0.1411900712644717,0.2763128730779006,1
Esports_Alliance,163208925,37110,27040,4293,117084,55445,8254877,True,False,Thai,0.1587647928994082,1393.947294250282,70.50388609886919,0.4735489050596153,6.940986257073565,1.0244530538989134,0.3254351058821975,0.2395760239256497,0.1128707288504485,0.4679775092673006,0.0716257185474878,0.2166523585206203,0.2390229074989507,1
lolesportsla,163132800,40950,37187,4586,186208,71514,5283711,True,False,Spanish,0.1233226665232473,876.0783639800653,28.375316849974222,0.3840543907887953,6.71941391941392,0.8686670213054862,0.2451465360062405,0.1425884532412935,0.0426289781406599,0.376320990868205,0.0693209608986343,0.0251529568069774,0.1501931459936684,1
Vovo,162887760,150555,7268,974,141898,92033,3786059,True,True,Portuguese,0.1340121078701155,1147.9214647140905,26.68155294648269,0.6485856037435341,0.3881637939623393,1.1107960095899791,0.2693617862258278,0.1934997947147793,0.0398049339352324,0.6472427360150645,0.0034643774118751,0.322789115980636,0.2460271240472359,1
goncho,162817050,61770,18091,2431,442412,236558,6156791,True,True,Spanish,0.134376209164778,368.0213240147193,13.9164195365406,0.5347006862381671,2.361340456532297,1.0842696999597836,0.2701866005140049,0.0474384737868152,0.0185213884755948,0.5306065922049228,0.0239890243675022,0.2901817484311293,0.1968206379633282,1
MenosTrece,162738420,107700,7132,1481,470873,190155,5465173,True,False,Spanish,0.2076556365675827,345.6100052455758,11.606469260288868,0.4038350043429969,0.8250696378830084,1.0202799057325942,0.4361896321903875,0.0432412353811093,0.0146699652170008,0.3965794635237432,0.0080089974499221,0.2115225316432765,0.1850353042342399,1
swimstrim,162723510,108540,13314,1383,137885,62796,2964244,True,False,English,0.1038756196484903,1180.1393189977157,21.49794393878957,0.4554229974253907,0.7645107794361525,1.0840225241591512,0.2010923061523807,0.1995336214940784,0.031162205777429,0.4494137168369716,0.0073790745376783,0.2898779084966295,0.1964098055491946,1
AnneMunition,162714930,99345,37236,1586,621921,65910,10222790,True,False,English,0.0425931893866151,261.632795805255,16.43744141136897,0.1059780904648661,0.957874075192511,1.0327095819357015,0.0622665869495254,0.0275138088830217,0.0227247353545127,0.0915269367894855,0.0093904065460382,0.2268016649311845,0.0733706899089613,1
Reverse2k,162618315,181665,14160,925,380488,155158,3906784,True,False,English,0.0653248587570621,427.3940702466306,10.26782447803873,0.4077868421605937,0.3055073899760548,0.9677350275715398,0.1137616131021854,0.0585579252257868,0.0124380177580626,0.4006267696473645,0.0026045996014937,0.1469319354040171,0.1224868101231517,1
erobb221,162559230,82470,10391,2028,244207,88737,2352357,True,False,English,0.1951688961601385,665.6616313209695,9.63263542814088,0.3633679624253195,1.4754456165878502,0.9719584241858076,0.407902883277931,0.1031811697780882,0.0113789551862265,0.355134820773233,0.0147740974050124,0.1521235299992942,0.1740825760699642,1
voicetv,162510660,514845,1874,314,3660,1328,4001475,True,False,Thai,0.167556029882604,44401.81967213115,1093.299180327869,0.3628415300546448,0.0365935378609095,1.0052537610571433,0.345350272295468,1.0,1.0,0.3545956708749206,0.0,0.1930516991333991,0.482166273717298,0
FFearFFul,162232935,36165,116245,5305,727059,492841,2041776,True,False,Arabic,0.0456363714568368,223.13585967576225,2.8082672795467767,0.6778555798085162,8.801327250103691,0.8456003762209884,0.0691604378911157,0.0203040225920347,5.586540930837774e-07,0.6772198147399429,0.0909766681220144,0.0,0.1429435836665334,1
Cryaotic,162138405,85785,7169,1727,813371,24644,2326058,True,True,English,0.2408983121774306,199.3412661626736,2.859774936652524,0.030298596827278,1.2079034796293058,1.0944154193809217,0.5114956918561605,0.0158477216143876,8.643833324126809e-05,0.0140191816209712,0.0119911697478019,0.3026533363312654,0.1426822565839713,1
Dmitry_Lixxx,161818335,51600,26715,3006,347824,332931,8549523,True,False,Russian,0.112521055586749,465.230504508027,24.58002610515663,0.9571823680942084,3.4953488372093022,1.0432515782388712,0.220677183201515,0.0656440113527463,0.0363010189642243,0.9632945660078592,0.0357847860444132,0.2397603747161181,0.2602436567144794,1
Sweatcicle,161489220,137880,14550,1023,160000,120954,2372907,True,True,English,0.0703092783505154,1009.307625,14.83066875,0.7559625,0.4451697127937337,1.1448975563773849,0.1250530327132064,0.1675399064278231,0.020045733272567,0.757213638115122,0.0040573432524865,0.3647083156584476,0.2397696615732754,1
tebtv,161468685,69315,13639,2177,76050,59909,10310607,True,False,English,0.1596158076105286,2123.191124260355,135.57668639053256,0.7877580539119,1.8844405972733171,1.0700465023717391,0.3273629460285271,0.3761503255975573,0.2213678247064816,0.7897773074738562,0.0190283934061922,0.2726979356449479,0.3343974554762605,0
_연두부_ (lovelyyeon),161371665,140535,4282,1115,108382,74892,5389852,True,False,Korean,0.2603923400280243,1488.915733239837,49.73013969109262,0.6910003506117252,0.4760379976518305,1.0298356329216618,0.5556563497307679,0.2573619107609082,0.0782342732931147,0.690682136277667,0.0043784298844422,0.2232688737843655,0.3015969956218776,1
pankylol,161208750,51015,17394,3141,284563,166114,7887006,True,False,Turkish,0.1805795101759227,566.5133907078573,27.71620344176861,0.5837512255634077,3.694207586004117,1.006057453933479,0.3748529211055456,0.0846124809987165,0.0415300260391742,0.5808420920763976,0.0378532808175753,0.1940396356153653,0.2189550727754624,1
Alkaizerx,161185890,103950,12430,1312,153870,21706,3152805,True,True,English,0.1055510860820595,1047.5459153831157,20.490056541236108,0.1410671345941379,0.7572871572871573,1.1818672350684545,0.204887812166854,0.1747012530053176,0.0294817362864233,0.127463660342271,0.0073039356526705,0.410153155821764,0.1589985922125501,1
hastad,160672260,85545,10888,1812,868738,188163,4991368,True,False,Portuguese,0.1664217487141807,184.9490410227249,5.745538931185236,0.2165934953921665,1.270910047343503,1.036544802917329,0.3427807364870524,0.0131523157472359,0.0048979265637979,0.2048145832955268,0.0126465533141854,0.231516096072377,0.1349680352466959,1
미라지 (mirage720),160163880,94005,30706,1638,352412,122225,5107789,True,False,Korean,0.0533446232006773,454.4790756273906,14.493799870605995,0.3468241717081143,1.0454763044518909,1.0401589970761824,0.0866222713654492,0.0636304613836944,0.0194840654953282,0.3381913659635485,0.010301629986991,0.2359588308129405,0.125698104167992,1
Tanxlive,159875505,161010,6899,971,244133,40087,7067999,True,True,Thai,0.1407450355123931,654.8705213961242,28.951428115002887,0.164201480340634,0.3618408794484815,1.0226095621543487,0.2846141761569343,0.1011601882605206,0.0435895392178748,0.151156884489487,0.0031905709466514,0.2143862531434488,0.1330162687024862,1
Rogue,159761910,121005,7289,1186,169330,147217,2431075,True,False,English,0.1627109342845383,943.49441918148,14.357024744581588,0.8694088466308392,0.5880748729391347,1.1132308651970606,0.3343744693102768,0.1552142723181321,0.019256017771971,0.8734006160768542,0.0055438183440282,0.3257821531884843,0.2855952245016244,1
easywithaces,159655155,107910,18686,1388,90359,35096,3279762,True,True,English,0.074280209782725,1766.898206044777,36.29701523921248,0.3884062461957304,0.7717542396441479,1.0659376129163032,0.1340485540987978,0.3094230466087635,0.0558369738873847,0.3807779781866556,0.0074544197747908,0.2676470985491923,0.1925313451842641,1
BeyondTheSummit_PT2,159647175,104955,126254,796,178612,137968,4834852,True,False,Portuguese,0.0063047507405705,893.8211038452064,27.0690211184019,0.7724453004277428,0.455052165213663,1.910931138470687,0.0,0.145911350476906,0.0404509668583809,0.7740946292348941,0.0041601388362892,1.0,0.3274361809010784,1
CarritosKami,159557775,104955,14634,1681,165439,67444,6694660,True,False,Spanish,0.1148694820281536,964.450794552675,40.46603279758703,0.4076668741953227,0.9609832785479492,0.9043720360480828,0.2259971744017631,0.1591390258972687,0.0627880547634047,0.4005039035018163,0.0094227479488098,0.0690432135107259,0.1544823533372981,1
dizzy,159505395,49125,19262,2997,795869,122263,4572893,True,True,English,0.1555913196968123,200.4166452016601,5.745786052729783,0.1536220156834856,3.660458015267176,1.083393113214996,0.3182461008470064,0.0160491208381289,0.0048983385941668,0.1403218416390821,0.0375022235415494,0.2891042074322195,0.1343536388153589,1
EAMaddenNFL,159449055,19995,57179,5697,241924,72319,5152605,True,False,English,0.0996344811906469,659.087378680908,21.298444966187727,0.2989327226732362,17.095273818454615,1.399762394521748,0.1914846731957078,0.1019499300659624,0.0308295774126353,0.2891429576293643,0.177248885107655,0.6779999709499452,0.2447759990602117,1
TobiasFate,159172080,127740,4681,1233,701822,49134,5210466,True,False,English,0.2634052552873318,226.79836197782345,7.424198728452514,0.0700092046131355,0.5791451385627054,1.010594436616043,0.5624816359666963,0.0209899436429798,0.0076967874106871,0.0546891163406511,0.0054509327707491,0.1996167047199086,0.1418208534752787,1
PUBG,159140235,32865,35922,4647,733628,78929,4783744,True,False,English,0.1293636211792216,216.92224806032485,6.520667150108775,0.1075872240427028,8.483797352806937,1.042014316642697,0.2588313698355085,0.0191403244813121,0.0061903123270096,0.0931749437381268,0.0876737763113115,0.2382394754962953,0.117208367031594,1
BananaSlamJamma,159071145,113595,5152,1263,170181,23267,2546439,True,True,English,0.2451475155279503,934.71741851323,14.96312161757188,0.1367191402095416,0.6671068268849861,1.1087377658199176,0.5211215945603173,0.1535704973724825,0.0202665744136419,0.1230106273205492,0.0063658952435387,0.3202590274740733,0.1907657027307671,1
Dyrus,158999070,138300,11338,1123,1474090,111,3724340,True,True,English,0.0990474510495678,107.86252535462556,2.5265350148227044,7.530069398747702e-05,0.4872017353579175,1.023747013248909,0.1901548486247695,0.0,0.0,0.0,0.0044945531791624,0.2157844606750271,0.0684056437464931,1
Mushway,158995065,56820,9611,2638,310100,233686,3178181,True,False,French,0.2744771615856831,512.7219122863593,10.248890680425667,0.7535827152531441,2.785638859556494,1.060736770600748,0.5875633004543314,0.0745383010070749,0.0124064490835114,0.7547763626439572,0.0284025039565855,0.2612539824574879,0.2864901499338247,1
bazattak007,158951265,87330,11217,1630,391413,322355,4835861,True,False,Spanish,0.1453151466524026,406.0960290026136,12.354880905846256,0.8235674338869685,1.119890072140158,1.116639339252634,0.2949670450483546,0.0545691837511542,0.0159178059382217,0.8264517687108086,0.0110756693010636,0.3299720072564818,0.2554922466676808,1
IFrostBolt,158035530,169260,6210,897,199618,106749,2723926,True,False,English,0.1444444444444444,791.6897774749772,13.645693274153633,0.5347664038313178,0.3179723502304147,1.0408974813441314,0.2929946059705508,0.1267839831906486,0.0180700015196118,0.5306738974004963,0.0027342579911299,0.2368666098553418,0.2013538926546299,1
Kandyland,157882170,86745,9203,1748,405554,202294,11207571,True,True,English,0.1899380636748886,389.2999945753217,27.63521257341809,0.4988090365278113,1.2090610409821891,1.0412312819354133,0.3960532539683336,0.0514235874795573,0.0413949884510036,0.4938478737644145,0.0120032105034768,0.2372769329918772,0.2053333078597772,1
감블러 (9ambler),157852620,89715,11279,1692,144116,77889,3731059,True,False,Korean,0.1500132990513343,1095.3164117794,25.88927669377446,0.5404604624052847,1.1315833472663437,1.0398875398573022,0.3056099712984919,0.1836478109566585,0.0384839569348688,0.5365055127648862,0.0111973007536713,0.2356251430352815,0.2185116159573097,1
Sco,157847640,57690,15241,1790,375911,32463,10361325,True,False,English,0.1174463617872842,419.9069460590406,27.56323970301481,0.086358207128815,1.861674466978679,1.5285671538593388,0.2318346907067122,0.0571557210310158,0.041274986739318,0.0714330772649,0.0187915840035133,0.8363327427677643,0.2094704670855372,1
ProfessorBroman,157325925,154635,12676,955,732192,22714,3579571,True,True,English,0.0753392237298832,214.8697677658319,4.888841997727372,0.0310219177483501,0.3705500048501309,1.0653421830871108,0.1364475838407948,0.018755931701586,0.003469539758676,0.0147599764937169,0.003281161783018,0.2669151686440872,0.0739382270369798,1
Paoloidolo,156901800,125115,7659,1205,183900,57927,4585217,True,False,Italian,0.157331244287766,853.1908646003262,24.93320826536161,0.3149918433931484,0.5778683611077808,1.0407142441402042,0.3221876266916194,0.1383020347401443,0.0368898861793841,0.3055900338075056,0.0054376519495229,0.236641366203266,0.1741747665952404,1
1PVCS,156821940,53835,23081,2256,71596,31807,8056327,True,False,French,0.0977427321173259,2190.37292586178,112.52481982233644,0.4442566623833733,2.514349400947339,1.291228220982553,0.1871992128356525,0.3887322731728264,0.1829330168374482,0.4379776260154492,0.0255805972989809,0.5445847414056925,0.2945012445943416,0
강퀴 (kangqui),156544635,112755,10809,1400,57130,18133,3877756,True,False,Korean,0.129521694883893,2740.147645720287,67.8760021004726,0.31739891475582,0.7449780497538911,0.991686368041962,0.2591894609824212,0.4916952265110906,0.1084892087561136,0.3080552550832255,0.0071758984164455,0.1763740316816465,0.2251631802384905,0
AkTep,156236730,94545,6300,1541,222796,51862,4273193,True,True,Russian,0.2446031746031746,701.2546455053053,19.17984613727356,0.2327779672884612,0.977947009360622,1.0723632834317744,0.5198884757030753,0.1098471035255932,0.0272971979977198,0.2213900388776802,0.0095992017821563,0.2755458301545676,0.1939279746734654,1
햇살살 (hatsalsal),156211005,119040,3915,1302,77861,25730,5576914,True,False,Korean,0.3325670498084291,2006.280487021744,71.62653960262519,0.3304606927730186,0.65625,1.007877439640008,0.7191568171682591,0.3542550582235975,0.1147425500148088,0.3214325788992464,0.0062529643828106,0.1962768462826223,0.2853528024952241,1
PardonMyTake,156004485,25140,141406,6728,143916,143806,3300371,True,False,English,0.0475793106374552,1083.9968106395395,22.932620417465746,0.9992356652491732,16.057279236276848,0.9223289235453872,0.0735618613980512,0.18152785250482,0.0335542686782362,1.0,0.1664518425796411,0.0911166507446494,0.2577020793175663,1
Sweet_Anita,155731920,57600,21594,2690,972070,510063,7927278,True,True,English,0.1245716402704455,160.20648718713673,8.155048504737314,0.5247183844784841,2.802083333333333,1.0050851920693928,0.2479758898353777,0.0085184787881651,0.0089153468991143,0.5203831384842511,0.0285735565668475,0.1928444863315562,0.1678684828175519,1
Draineo,155593140,124095,7777,1169,102225,65702,175788,True,False,English,0.1503150315031503,1522.0654438738077,1.7196184886280264,0.6427194913181707,0.5652121358636528,1.0725601343461475,0.3062934987704148,0.2635702575362218,0.0,0.6412349103306942,0.0053060040540992,0.2757878084096249,0.2486987465168425,1
Cerbero_Podcast,155187570,57120,19298,2647,179420,132867,4071398,True,False,Italian,0.1371644730023836,864.940196187716,22.691996432950617,0.7405361721101327,2.780462184873949,1.026395626252012,0.2765029742434541,0.1405024740042479,0.0331530718126306,0.7414146417454739,0.0283486570698475,0.2190402583676797,0.239827012873889,1
cellinrj,154982550,87945,7136,1711,245715,122045,3621969,True,True,Portuguese,0.2397701793721973,630.7411024967951,14.740528661253892,0.4966933235659199,1.167320484393655,1.0299630377747582,0.5089400841987357,0.0966411804879361,0.0198954410182715,0.4916810495115671,0.011569032356146,0.2234254857266379,0.2253587122165491,1
SkyshockTV,154727730,94275,6213,1605,114154,32991,3059244,True,False,Spanish,0.2583293095123128,1355.4297703102825,26.799271160011912,0.2890043274874292,1.0214797136038185,1.02257830913241,0.550982878168736,0.2323623819066782,0.040001207712295,0.2789747127549618,0.010052021543592,0.2143478354823569,0.2211201729281033,1
Evangelion0,154595850,85635,8533,1777,120494,28322,3446723,True,False,Spanish,0.208250322278214,1283.016996696931,28.60493468554451,0.2350490480853818,1.2450516727973375,1.0159190441929746,0.4375367992515706,0.218800767010008,0.0430118242484724,0.2237159843341679,0.01237757891444,0.2061619587992871,0.1902674854263243,1
AnthonyZ,154524165,117735,7416,1216,199617,23303,2812219,True,False,English,0.1639697950377562,774.1032326906025,14.088073661060932,0.1167385543315449,0.6196967766594471,1.0793374407400205,0.3372262205984506,0.123490338494725,0.0188075906048822,0.102547351419532,0.0058727439907967,0.2841187871119572,0.1453438387033906,1
mokrivskyi,154332060,27105,29983,5864,308815,304008,8255635,False,False,Russian,0.1955774939132175,499.7557113482182,26.73327072842964,0.9844340462736588,12.980630879911455,0.97098557904647,0.4088284973029208,0.0721099639192729,0.0398911639594547,0.9912045889049323,0.1344490713534884,0.1509276637265495,0.2995684915277698,1
CaMaK,154277370,87375,9437,1759,151886,7578,3019137,True,True,French,0.1863939811380735,1015.744505747732,19.87765165979748,0.0498926826698971,1.2078969957081545,1.0038046392922235,0.3880246917036656,0.1687454188461519,0.028460662184397,0.0340866204375316,0.0119911023031605,0.1912703715883519,0.1370964778438764,1
Uthenera,154125945,77475,9460,2106,411346,99872,4832180,True,False,Turkish,0.2226215644820296,374.6868694481045,11.74723955015972,0.2427931716851507,1.6309777347531462,0.9446170945686918,0.4700925909565923,0.0486868110032087,0.0149046741516916,0.2316471900956647,0.0163919159593054,0.1185143021592235,0.1500395807209477,1
Corobizar,153988380,83325,11200,1787,272635,84933,4345590,True,False,French,0.1595535714285714,564.8151557943771,15.939222770370645,0.3115263997652539,1.2867686768676867,1.034160808358396,0.3272219597346787,0.0842944320309519,0.0218940461048204,0.3020408721607933,0.0128115120724955,0.2285855796189814,0.1628080669537868,1
roflgator,153963765,110910,14329,1281,106365,46487,1449834,True,True,English,0.0893991206643869,1447.5040191792414,13.630743195600056,0.4370516617308325,0.6929943197186909,1.083674084753826,0.1682980717458866,0.2496062387948054,0.018045074974287,0.4305985673071499,0.0066351725267426,0.2894495906523244,0.1937721193335327,1
QuarterJade,153857655,61980,12144,2286,277256,167202,3921702,True,False,English,0.1882411067193675,554.9299383962835,14.144696598089851,0.6030599878812362,2.21297192642788,1.0859036951213623,0.3922090645522187,0.0824431079504986,0.0189019990858288,0.600617314536316,0.0224457202338762,0.2921903309120889,0.2348012562118046,1
kutcherlol,153784695,138060,6802,1093,198818,36059,5070320,True,False,German,0.1606880329314907,773.4948294420022,25.50231870353791,0.1813668782504602,0.4750108648413733,1.0191194369129457,0.3297919040625671,0.1233763954685477,0.0378387746471729,0.1687369632481553,0.0043677458242102,0.2100960296586602,0.1457013021515522,1
DieHahn,152767545,125025,8048,1229,231584,44782,3418935,True,True,German,0.1527087475149105,659.6636425659804,14.763260847036063,0.1933725991432914,0.5898020395920816,0.9942196751861996,0.3117160863779878,0.1020578539652725,0.0199333428163925,0.1810327177630997,0.0055617840368411,0.1794880900757292,0.1332983125058871,1
chowh1,152754465,143415,8221,980,113551,84231,4175567,True,True,French,0.1192069091351417,1345.2498436825742,36.772613187026096,0.7417900326725436,0.4099989540843008,1.086859136500537,0.2358229341675632,0.2304558640685618,0.056629947232647,0.7426987930104414,0.0036915030216718,0.2933648036773198,0.2604439741963675,1
cacho01,152494320,54645,18552,2669,269080,250197,2516244,True,False,Spanish,0.1438658904700301,566.7248401962241,9.35128586294039,0.9298238442099004,2.930551743068899,1.0455737312750053,0.2916839828237124,0.0846520816988173,0.0109098557989588,0.9352751162325807,0.0299098630440076,0.2426148727073968,0.2658409620509123,1
natalan,152469705,60510,9561,2240,529357,462674,2737155,True,True,Spanish,0.2342851166196004,288.0281265762047,5.1707165485674125,0.8740301913453492,2.221120475954388,1.124885681528437,0.4965145361542455,0.03245718134514,0.0039395144643102,0.8781336030124809,0.0225304800556421,0.3401087928582022,0.2956140179816701,1
DreamHackDota2_RU,152461155,6135,98717,22356,203419,30231,3637232,True,False,Russian,0.2264655530455747,749.4931889351535,17.88049297263284,0.1486144362129398,218.640586797066,1.1116051176319537,0.4788005432140551,0.1188813182991491,0.0251307621870125,0.1351932893069459,1.0,0.3237837090348422,0.3469649370070009,1
DuendePablo,152343585,133290,10121,1101,514073,118567,4216188,True,False,Spanish,0.1087837170240094,296.34620958502,8.20153557957722,0.230642340679242,0.4956110735989196,1.038100223171986,0.2122108297677535,0.0340150092367551,0.0089928556676376,0.2192028199045803,0.0045820256806373,0.2334280906409624,0.118738605149721,1
小夜夜 (albislol),152033250,208485,3740,706,146276,10939,4554443,True,True,Chinese,0.1887700534759358,1039.3588148431731,31.13595531734529,0.0747832863901118,0.2031800848981941,1.032901871799936,0.3934073103395808,0.1731679557829813,0.047231842241724,0.0595785301532795,0.0015402084344562,0.2270380365323061,0.1503273139140546,1
UCCleague,152021685,131070,14003,1378,226974,46807,9915656,True,False,Russian,0.0984074841105477,669.7757672684977,43.686307682818295,0.2062218580101685,0.63080796520943,0.8416916618968382,0.1887051040536769,0.1039516737177776,0.0681572792525877,0.1941923884014895,0.0059883206781617,0.0,0.0934991276839489,1
貝克 (slrabbit99),151739370,112845,5944,1329,106235,2495,4838617,True,True,Chinese,0.2235868102288021,1428.336894620417,45.54635477949828,0.0234856685649738,0.7066329921573841,1.0117913792736135,0.4722792035702007,0.2460165798303357,0.0712585705331333,0.0070416669686658,0.0067770396702466,0.2010880420342651,0.1674101837678079,1
Stewie2K,151271895,24735,27416,5296,875087,289867,5771575,True,True,English,0.1931718704406186,172.8649779964735,6.595429940108812,0.3312436363470146,12.8465736810188,1.1547776140075738,0.4033789352133023,0.0108891872828554,0.0063149657237705,0.3222344367860691,0.1330546312451463,0.3768533397891755,0.2087875826733865,1
jorbs,151128345,117795,4084,1243,70609,20603,1410877,True,False,English,0.30435847208619,2140.3552663258224,19.981546261807985,0.2917899984421249,0.6331338342034891,1.0321621787472728,0.6552547154851974,0.3793648618334774,0.0286338875956707,0.2818276798132582,0.0060125139705686,0.2261287715957864,0.2628704050489931,1
BlackFIreIce,150698280,139980,3044,1070,108895,6130,4424196,True,False,Polish,0.3515111695137976,1383.886128839708,40.6280912805914,0.0562927590798475,0.4586369481354479,1.0061402630282297,0.7620717445222236,0.2376917479353603,0.0630582579002914,0.0406413095824897,0.0041974271365605,0.194141428387395,0.2169669859107201,1
kurt0411,150579045,37710,26941,4083,142446,114789,2221662,True,False,English,0.1515533944545488,1057.0956362411018,15.59652078682448,0.80584221389158,6.4964200477326965,0.977976966021872,0.3090988155084656,0.1764897445957409,0.0213226526840331,0.80829834371183,0.0670014166954486,0.1595218001882705,0.2569554622306315,1
Herdyn,150266550,123060,4254,1180,410224,91098,5639711,True,True,Czech,0.2773859896567936,366.3036536136355,13.747881645149969,0.2220689184445571,0.5753291077523159,1.034816625209695,0.5941527935159437,0.0471167849004967,0.0182403821000335,0.210422281352031,0.005411239069399,0.229391740046632,0.184122536830756,1
Frankkaster,150181140,30975,49127,4886,826222,356711,5878239,True,True,Spanish,0.0994565106764101,181.76850773762985,7.114599950134467,0.4317374749159426,9.464406779661015,0.9923174281611048,0.1910815089522167,0.0125566588565219,0.0071805875825327,0.4251560006253394,0.0978739082454314,0.1771497599882821,0.1518330707083874,1
SayNoToRage,150150330,137820,8014,1010,168463,17619,1552234,True,False,English,0.1260294484651859,891.2955960656049,9.214094489591186,0.1045867638591263,0.4397039616891597,1.078680112242831,0.2512783253006461,0.1454383681256378,0.0106811140586591,0.0901019985831923,0.0040004894421324,0.2833107684992123,0.13080184400158,1
MiltonTPike1,149975130,81960,8838,1845,200012,25768,2185519,True,False,English,0.2087576374745417,749.8306601603904,10.926939383636984,0.1288322700637961,1.3506588579795022,0.9917927444281764,0.4386860421372032,0.1189445206123184,0.013536972356179,0.1149332265489525,0.0134760868346676,0.1765047944591394,0.1460136071580767,1
H0llyLP,149766195,130860,4958,1116,151000,11875,3846703,True,True,German,0.2250907624041952,991.8291059602648,25.474854304635763,0.0786423841059602,0.5116918844566712,1.0255165784988964,0.4756861709751069,0.1642664930181025,0.0377929827416923,0.0635308557642795,0.0047492955312678,0.217959692183427,0.1606642483689793,1
MarkitoNavaja,149407365,28410,26584,5070,665430,641813,3159593,True,False,Spanish,0.1907162202828769,224.5275460980118,4.74819740618848,0.964508663570924,10.707497360084478,1.037272378881509,0.3978160455269384,0.0205646605205892,0.0032350404031629,0.9707978497748032,0.1108043243511167,0.2324104661229022,0.2892713977832521,1
RobertoCein,149162865,114120,15249,1270,730326,422842,2907888,True,True,Spanish,0.0832841497803134,204.2414825707972,3.981630121343072,0.5789770595597035,0.6677181913774973,1.0291892289094775,0.1544455657787051,0.0167654443381732,0.0019569284453065,0.575952592002296,0.006372254552671,0.2224742840542219,0.1629945115285623,1
KVYZEE,149052375,161580,8354,849,127963,74894,6715483,True,False,Russian,0.1016279626526215,1164.8083821104535,52.47988090307354,0.5852785570829068,0.3152617898254734,1.0865347143949962,0.1960005923016175,0.1966624117379054,0.0828189681966442,0.5824063207965496,0.0027060632043079,0.2929660090095342,0.2255933942077598,1
MarketTradersTV,148900110,499215,1357,297,30413,12081,981536,True,False,English,0.2188651436993367,4895.93627724986,32.273567224542134,0.3972314470785519,0.0356960427871758,1.004271048981244,0.4615830097510586,0.8954358065298774,0.0491286038316492,0.3898163778436924,0.0,0.1918437039655486,0.3313012503203044,0
Flambass,148717500,130395,5507,1138,71953,26918,2319131,True,True,English,0.2066460867986199,2066.870040165108,32.23119258404792,0.3741053187497394,0.5236397101115841,1.002210331444588,0.4339026557740079,0.3656023957925057,0.049057951801754,0.3661315696301372,0.0048735747750407,0.1893105745905915,0.2348131203940061,1
Aa9skillz,148596180,49035,11843,2885,502696,142789,2373012,True,False,English,0.2436038166005235,295.5984929261422,4.720570682877923,0.2840464216942247,3.5301315386968493,1.0504022610383874,0.5176245871323004,0.0338749753052602,0.003188977851163,0.273897034114451,0.036146589770221,0.2485503249777385,0.185547081525189,1
Limmy,148371105,90600,6575,1641,207508,136263,2433739,True,True,English,0.2495817490494296,715.0139030784355,11.728410470921602,0.6566638394664303,1.0867549668874172,0.997958662744006,0.5311666540513039,0.1124239659099458,0.0148732800760436,0.6555161253641286,0.0107310035901564,0.1840842266382627,0.2514658759383069,1
SparkofPhoenixTV,148192215,92400,15792,1462,433078,195208,3537808,True,False,German,0.0925785207700101,342.1836597564411,8.16898572543514,0.4507455931725924,0.9493506493506494,1.096998529855917,0.1755005032488581,0.042599542269412,0.0089385846876103,0.4446233160794539,0.0093017473248062,0.3058286152846288,0.1644653848157949,1
kyliebitkin,147948870,127485,6688,1142,85336,25720,2468122,True,True,English,0.1707535885167464,1733.7216415112027,28.922400862473047,0.3013968313490203,0.5374749970584775,1.016217010386923,0.3525938390923656,0.3032096705792628,0.0435411415373378,0.2916665941228362,0.0050174870691101,0.2065282326360496,0.2004261608394937,1
CoconutB,147918285,122565,4596,1171,188378,62459,2691775,True,True,English,0.2547867711053089,785.2205936999013,14.28922167132043,0.3315620720041618,0.5732468486109411,1.030619839111494,0.5429578138875956,0.1255724209941525,0.0191429684409759,0.3225605651963526,0.0053895797651119,0.2242328563293536,0.2066427007689237,1
FanHOTS,147664290,134550,2104,1090,64587,27948,2451118,True,False,English,0.5180608365019012,2286.285010915509,37.95064022171645,0.4327186585535789,0.4860646599777034,1.006851175682448,1.0,0.4066948880062337,0.0585940937198264,0.4261608876496295,0.0044827255150796,0.1950153151260655,0.3484913183361391,1
Pelegrino1993,147243720,129210,6236,1074,80566,64799,1772816,True,False,Portuguese,0.1722257857601026,1827.616115979445,22.00451803490306,0.8042970980314277,0.4987230090550267,1.0610512789582072,0.3559288706869683,0.3207944231045928,0.0320068262335622,0.806715901017787,0.0046143955022539,0.2616405906872806,0.2969501678720741,1
Killars,146865810,210810,4232,642,46971,15728,1747381,True,False,English,0.1517013232514177,3126.733729322348,37.20127312597134,0.3348449043026548,0.182723779706845,1.0851617282160886,0.3094339249603654,0.5640958725382222,0.0573446599586543,0.3259227039980387,0.00132742543837,0.2912782708506962,0.2582338096240578,0
Weak3n,146770110,115470,2922,1260,188176,30028,4780580,True,False,English,0.4312114989733059,779.9618973726724,25.40483377263838,0.1595740158149817,0.6547155105222136,1.008783357458338,0.9426203211801588,0.1245875614053014,0.0376762362003116,0.1464176299006177,0.0062370028850967,0.1973904423946993,0.2424881989943642,1
Tourva,146412075,116070,5067,1185,287553,182413,7888629,True,True,English,0.2338661930136175,509.1655277461894,27.43365223106697,0.6343630565495753,0.6125613853708969,1.064482585257914,0.4955655305315391,0.0738722539113542,0.0410589231259089,0.6326766012168993,0.0057985228681441,0.2658585112065419,0.2524717238100646,1
wintergaming,146245920,195615,7019,719,260779,13900,3609065,True,False,English,0.1024362444792705,560.8040524735504,13.83955379842702,0.0533018379547432,0.2205352350279886,1.0398069467227518,0.197831627810876,0.08354322425595,0.0183932287941492,0.0375781339301386,0.0017207337447505,0.235526074224094,0.0957655037933264,1
Vicens,146199795,26115,30628,5739,730679,724245,4110592,True,False,Spanish,0.1873775630142353,200.0875829194489,5.625715259368341,0.9911944916988172,13.185525560022976,0.9754848047844996,0.390252841938073,0.0159874933693042,0.0046981423167904,0.9981283528422616,0.1365803508542797,0.1564583202473166,0.2836842502613376,1
PainLivestream,145610160,89775,15002,1635,435872,81619,2283772,True,True,German,0.1089854686041861,334.0663314000441,5.239547390059467,0.187254515086998,1.0927318295739348,0.9920156149803664,0.2126678662804806,0.0410793121267707,0.0040542774124812,0.1747668333293796,0.0107931738959735,0.1767787572573021,0.1033567033837313,1
monkeys_forever,145475145,80460,6738,1563,79270,34329,2106144,True,False,English,0.2319679430097952,1835.1853790841428,26.569244354736973,0.4330642109246878,1.1655480984340043,1.1567773927555711,0.4912653433346322,0.3222120104466492,0.039617679721652,0.4265147878581334,0.0115505962998207,0.3793115603846033,0.2784119963409152,1
Kaydop,145291695,64830,23304,2268,193058,117412,3185925,True,False,French,0.0973223480947476,752.5805457427301,16.502424141967698,0.6081695656227663,2.099028227672374,0.9881473687389158,0.186246898868559,0.1194595249053003,0.0228330822754867,0.605850329208712,0.0212604973219403,0.1720237299381838,0.1879456770863637,1
しゃるる (syaruru3),145193595,103995,3710,1309,33726,9684,3022192,True,False,Japanese,0.3528301886792452,4305.093844511653,89.61015240467296,0.2871375200142323,0.7552286167604212,1.066584707916446,0.7650597752433148,0.7847816064823611,0.1447269636757579,0.2770628070375134,0.0072825230653656,0.2684425376737167,0.3745593688630049,0
primeleague,144858945,30510,19013,4427,73409,71211,5606593,True,False,German,0.2328406879503497,1973.313149613808,76.37473606778461,0.9700581672546964,8.705998033431662,1.0724908318246462,0.4932424099022502,0.3480808666854821,0.1226593067044649,0.9764814180989836,0.0899850698764719,0.2757026185425756,0.3843586149683713,1
LRojo_,144763395,111435,11178,1192,100767,82320,3959878,True,False,Spanish,0.1066380390051887,1436.6151120902678,39.29736917840166,0.8169341153353776,0.6418091263965541,1.0898353405527583,0.2073501332701171,0.2475669416208734,0.0608395200738586,0.8196582027718827,0.0061027528796725,0.2970232914498764,0.2730901403443802,1
trihex,144608640,121515,21721,1157,431935,29678,5777172,True,True,English,0.0532664241977809,334.7925961082107,13.375095789875791,0.0687094122958315,0.5712874953709418,1.028563222505155,0.086445123808284,0.0412153284923057,0.0176188292777764,0.0533579237036872,0.0053691989070391,0.221704768007751,0.0709518620328072,1
Spaceboy,144599880,123015,10590,1107,135311,27050,2614773,True,True,English,0.1045325779036827,1068.6483730073685,19.324171722919797,0.1999098373376887,0.5399341543714181,1.0618477245212237,0.2025805418811794,0.1786533651727301,0.02753783474349,0.1877278822402303,0.0050430668038667,0.2626196184362778,0.1440270515462957,1
Froggen,144496815,46710,10648,3024,770030,31800,3577064,True,False,English,0.2839969947407963,187.65089022505617,4.645356674415282,0.0412970923210784,3.884393063583815,1.022978768864286,0.6091289870434935,0.0136583236870303,0.0030635721294281,0.0252833782346241,0.0398315577035012,0.2148400991197833,0.1509676529863101,1
BotanicX,144361350,71445,9135,1937,34119,11512,9335252,False,False,Russian,0.2120415982484948,4231.113162753891,273.6086051760016,0.3374073097101321,1.6267058576527398,1.043156511792685,0.446125339409355,0.7709263504863818,0.4515110221182244,0.3285470118708729,0.0163474806226288,0.2396435146403811,0.3755167865246406,0
dinablin,144307800,60870,29316,2413,293748,239896,11129949,True,False,Russian,0.0823100013644426,491.2639405204461,37.889446055802935,0.8166727943679617,2.378511582060128,0.9824923605646024,0.1522387855667309,0.070519607411567,0.058492063543544,0.8193905688252305,0.0241676354852875,0.165072332152138,0.2149801654974164,1
RiceGum,144167385,12300,29173,11696,903261,388376,2273737,True,False,English,0.4009186576629074,159.60767153679834,2.517253595583115,0.4299709607743498,57.05365853658537,1.0021311225851657,0.8739966477448334,0.0084063313473371,0.0,0.423346811120928,0.592889184739306,0.1892132073944617,0.3479753637244777,1
ipav999,144114480,191400,2536,737,163956,82668,2920832,True,False,English,0.290615141955836,878.982653882749,17.814730781429162,0.5042084461684843,0.2310344827586206,1.0216407276810588,0.624121359946985,0.1431323746966266,0.0250211156568071,0.4993777220808934,0.0018299451281298,0.213195316967041,0.2511129724127472,1
Lutti,143841150,89220,37121,1153,226344,163441,3727211,True,False,French,0.0310605856523261,635.4979588590818,16.467019227370727,0.7220911532887994,0.7753866845998655,1.3982718687719122,0.036141284789467,0.0975320544440777,0.0227740509998141,0.72252402905548,0.0074922038474064,0.6761677477102839,0.2604385618077549,1
kragiee,143449350,121890,6298,1137,234312,65977,3136101,True,False,English,0.1805335026992696,612.2151234251767,13.384295298576257,0.2815775547133736,0.5596849618508491,1.0350707664746384,0.3747486983942761,0.0931715965842098,0.0176341677905318,0.2713685243650095,0.0052485113331345,0.2297041422522547,0.1653126067865694,1
Puppers,143414790,98595,6798,1458,171425,64591,1753517,True,False,English,0.2144748455428067,836.6037042438384,10.229062272130667,0.3767886830975645,0.8872660885440438,0.997657624605126,0.4516374789277742,0.1351955568390889,0.0123733888078538,0.3688797585635242,0.008655954316951,0.1837141766246072,0.1934093856799665,1
Crayator,143191365,75165,4911,1796,599828,177501,3865293,True,False,English,0.3657096314396253,238.720708269704,6.444002280653788,0.2959198303513674,1.4336459788465377,1.060705534683385,0.7942361296486673,0.0232227854608965,0.0060624875576318,0.2860572800011445,0.0143393047056115,0.2612155858221319,0.2308555955326806,1
MANvsGAME,142696875,65775,5831,2103,510330,2336,2713787,True,True,English,0.3606585491339393,279.6168655575804,5.317710109145063,0.0045774302902043,1.918358038768529,1.0316071247514682,0.7827936961348007,0.0308819028819916,0.0041845995745364,0.0,0.0193811968452014,0.2254464735338494,0.1771146448283966,1
TheRealMarzaa,142547775,93015,12525,1505,495558,258153,2909149,True,False,Italian,0.1201596806387225,287.6510418558473,5.870451087461004,0.5209339774557166,0.9708111594904048,1.018288765985124,0.2379812883427383,0.0323865601341889,0.0051061949360255,0.5165073079404672,0.0095249758894155,0.209074930507147,0.1684302096249971,1
foggedftw2,142444290,111675,8622,1220,242205,109500,3438208,True,True,English,0.1414984922291811,588.1145723663839,14.195446006482111,0.4520963646497801,0.6554734721289456,1.045512556562331,0.2863210139920095,0.0886579952408604,0.0189866145227286,0.4460067194283695,0.0062448870723969,0.2425396739191482,0.1814594840292522,1
Linkus7,142322655,121755,7248,1121,96728,41862,1866513,True,False,English,0.1546633554083885,1471.3697688363245,19.296511868331816,0.4327805805971383,0.55242084513983,1.0427534111126997,0.3161439435209261,0.2540758660431397,0.0274917169510922,0.4262243056029093,0.0051729512306022,0.239148004627304,0.2113761313293289,1
Arcadum,142213980,134700,13801,992,120586,78642,2169921,True,False,English,0.0718788493587421,1179.357305159803,17.99480039142189,0.6521652596487154,0.4418708240534521,1.0642974531216325,0.1286086492761574,0.1993871643155388,0.0253213490822717,0.6509088690737102,0.0040230287747083,0.2656309382159102,0.2123133331230494,1
ImMarksman,142168560,77430,11141,1889,633443,152094,1311402,True,False,English,0.1695539000089758,224.43781050544405,2.070276252164757,0.2401068446568988,1.463773731111972,0.9719912320949464,0.3498761332311759,0.0205478546521188,0.0,0.2288959669095612,0.0146526884438974,0.1521638589996992,0.1276894170394087,1
LightFuryLF,142094850,111315,15139,1169,51589,32663,4989684,True,False,Thai,0.0772177818878393,2754.36333326872,96.719920913373,0.6331388474287154,0.630103759601132,1.0919685644592387,0.140703162254187,0.4943575700508178,0.1565812135611967,0.6314228177115675,0.0059809956515846,0.2996455490105291,0.2881152180399804,0
BarcaGamer,141736230,119565,57917,1234,636568,548578,3012949,True,False,Spanish,0.0213063521936564,222.65685676942604,4.733114137059984,0.861774390167272,0.6192447622632041,0.9606421739095956,0.014044601133388,0.0202143139311732,0.0032098917867037,0.865581726784908,0.0058680422141754,0.1382130713948824,0.1745219412075384,1
EFEUYGAC,141455130,38910,14481,3700,358498,297215,5234400,True,True,Turkish,0.2555072163524618,394.5771803468917,14.600918275694704,0.8290562290445135,5.705474171164225,0.982552459938736,0.5445898694238216,0.0524119098100118,0.0196626660137132,0.8320731619151339,0.0587741326485995,0.1651462090844815,0.2787763248159602,1
Xnapycz,141426165,87885,4388,1572,94551,44450,4521040,True,True,Czech,0.3582497721057429,1495.7659358441476,47.81588772197016,0.470116656619179,1.073220686123912,1.0236758697934103,0.7773369901603525,0.2586448309564509,0.0750426052158906,0.4644623447357726,0.0105902223110451,0.2156970078467022,0.3002956668710357,1
SilentSentry,141219225,125760,5572,1085,301633,13533,1896110,True,False,English,0.1947236180904522,468.182277801169,6.2861490619395095,0.0448657806009289,0.5176526717557252,1.0349552142329477,0.4068941757575977,0.0661968255962334,0.0057992959364742,0.0289382787125789,0.0048112986236474,0.2295621000885118,0.1237003291191739,1
球球 (lilballzlolz),141185625,78015,6328,1724,118276,9831,4212219,True,False,Chinese,0.2724399494310999,1193.6963120159626,35.61347187933308,0.0831191450505597,1.3258988656027686,1.0497239509981795,0.5829483163337561,0.2020726033517822,0.054697289270983,0.0681157660823058,0.0132185376188287,0.2477165148811994,0.1947948379231426,1
DaigoTheBeasTV,141183435,57525,27261,2225,173271,42313,4166521,True,False,Japanese,0.0816184292579142,814.8128365392939,24.04626856196363,0.2442012800757195,2.320730117340287,1.1030548320466431,0.1506721375950501,0.1311145177996061,0.0354110750388342,0.2330893155003296,0.023566602548678,0.3132733022492676,0.1478544917886276,1
UncleBjorn,141021495,134805,4265,975,111003,26514,7886426,True,False,Russian,0.2286049237983587,1270.4295829842438,71.04696269470195,0.2388584092321829,0.4339601646823189,1.072938175655434,0.4836469515912627,0.2164433699818536,0.1137762106064378,0.2276173718425016,0.0039407434457468,0.2762525142843826,0.2202795269586975,1
AnniTheDuck,140975745,53220,7894,2533,460463,263210,7336341,True,True,German,0.3208766151507474,306.1608533150329,15.932530952541246,0.5716203039114978,2.855693348365276,1.0457655675634054,0.6926739738441375,0.0358531161338221,0.0218828887119123,0.5684181122085186,0.0291311987955891,0.2428506867521094,0.2651349960743481,1
StRoGo,140812395,29385,45087,4621,272944,258332,5978117,True,False,Russian,0.1024907401246479,515.9021447622955,21.90235726009731,0.9464652089805968,9.435426237876468,1.037001110959036,0.1979550791350256,0.0751339015616237,0.0318364916647847,0.9523185022850008,0.0975724575948161,0.2320770110371484,0.2644822405463999,1
재슥짱 (pikra10),140512860,124170,4659,1068,77376,42516,2973636,True,False,Korean,0.2292337411461687,1815.9747208436725,38.43098635235732,0.5494727047146402,0.5160666827736168,1.0595663067939658,0.4850714385149032,0.3186141984037092,0.0593949837990397,0.5457354723861529,0.0047948014368771,0.2598151941720757,0.278904348118793,1
貝莉莓 (beryl_lulu),140500785,81990,15901,1739,156726,49522,9765341,True,False,Chinese,0.1093641909313879,896.4740055893725,62.30836619322895,0.3159782039993364,1.2725942188071715,0.9854129884841986,0.2135258022211296,0.1464081914349004,0.0992061853728845,0.3066002228653023,0.0126640717783758,0.1686625031701683,0.1578444961404601,1
purple_hs,140426535,111810,5460,1149,88792,18850,1512076,True,False,English,0.2104395604395604,1581.522378142175,17.029417064600416,0.212293900351383,0.6165817011000805,1.0930713306772983,0.4424961744094506,0.2747054758858136,0.0237117474226151,0.2004111188466144,0.0058403415063618,0.3010011202865469,0.2080276630595671,1
Harmii,140304750,116130,7200,1159,333858,168452,3556031,True,False,German,0.1609722222222222,420.2527721366569,10.651327810027018,0.5045618196957988,0.598811676569362,1.0424242653888152,0.330435690258822,0.057220488058321,0.0130774400295085,0.4997396323887146,0.0056555007433402,0.2387434034692207,0.1908120258246546,1
Zerkaa,140243025,51000,11192,2571,529504,373720,2530852,True,False,English,0.2297176554681915,264.8573476309905,4.779665498277633,0.7057925908019581,3.0247058823529414,1.069569519756561,0.4861676703957263,0.0281177096576071,0.0032875077411059,0.7058317266878358,0.0308892383350669,0.2721116065375569,0.2544009098924831,1
iklooode25,140170155,21360,42463,7265,418710,354335,1443848,True,False,Arabic,0.1710901255210418,334.766676219818,3.44832461608273,0.8462539705285281,20.40730337078652,0.903272288252898,0.3533562108106549,0.0412104741616813,0.0010677382112082,0.8496863656024848,0.2117000513705267,0.0676913526198113,0.2541186987960612,1
聶寶 (nielnieh345),140168070,186015,5455,728,93991,18742,4755073,True,False,Chinese,0.133455545371219,1491.2924641721015,50.59072677171218,0.1994020704109968,0.2348197725989839,1.0350700625880047,0.2681009813122421,0.2578070298746778,0.0796691462132894,0.1872078487047897,0.0018693190671551,0.2297032770022257,0.1707262670290633,1
akagreenn,140084580,51600,21136,2902,117916,114861,3514645,True,True,Turkish,0.1373012869038607,1188.0031547881542,29.806345194884493,0.974091726313647,3.374418604651163,0.9354987739009184,0.2768129046458278,0.2010063770215772,0.0450149584398713,0.9806124196817376,0.0345268903999933,0.1073056403591705,0.2742131984246963,1
Spraggy,139893270,81585,30415,1674,99807,35453,3037728,True,False,English,0.0550386322538221,1401.6378610718689,30.436021521536567,0.3552155660424619,1.2311086596800882,1.024309145660912,0.090459782771802,0.2410163292801768,0.0460648295452308,0.3467854791945868,0.0122325460711281,0.2164754598537749,0.1588390711194499,1
TpaBoMaH,139724325,92445,6813,1531,151266,85717,7804776,True,False,Russian,0.2247174519301335,923.6994764190234,51.59636666534449,0.5666640223183003,0.9936719130293687,0.9872187671459214,0.4748404947376257,0.1515070342543139,0.0813458683990112,0.5633420970053596,0.0097627695469361,0.1708822498803863,0.2419467523039388,1
Day9tv,139556325,64500,5597,2140,496790,13344,2495558,True,False,English,0.3823476862604967,280.916131564645,5.023366009782806,0.0268604440508061,1.990697674418605,1.011057922190828,0.831927029255189,0.0311252321229101,0.0036938341576491,0.0104979701167444,0.0201336613917275,0.2001864426405465,0.1829273616141278,1
Sologesang,139273200,123390,5120,1072,58531,26062,4569358,True,False,German,0.209375,2379.477541815448,78.067314756283,0.4452683193521382,0.5212740092389982,1.0529137681396084,0.4400845799601875,0.4241481790797022,0.1254813747787877,0.439013722544121,0.0048489671582299,0.251637585749945,0.2808690682118289,0
karavay46,139258050,33045,48331,4037,354734,301941,8457221,True,False,Russian,0.0835281703254639,392.5703484864716,23.841021723319447,0.8511758106073847,7.330004539264639,1.043892563915421,0.1549983559917569,0.0520360661639901,0.0350688631495853,0.8547271072548723,0.0756722203396066,0.2405483039773162,0.2355084861461879,1
RaulZitoYT,139249440,131460,6545,839,78971,76729,2725303,True,False,Portuguese,0.1281894576012223,1763.2984260044827,34.51017462106343,0.9716098314571172,0.3829301688726609,1.262518842659509,0.2561714866931299,0.3087488723134954,0.0528577411364068,0.9780705673298296,0.0034099381367198,0.5092938447770977,0.3514254083977798,1
JonBams,139067415,88830,5577,1522,309837,75728,1940922,True,True,English,0.2729065805988883,448.8405677824146,6.26433253613997,0.2444123845764063,1.028031070584262,1.028610770502738,0.5840053959435867,0.062574469903604,0.005762920835352,0.2333055198532889,0.0101201676410269,0.2217632162071062,0.1862552817306607,1
Japan_ASMR,138935670,509670,496,271,67707,32649,1272641,True,False,Japanese,0.5463709677419355,2052.0133811865835,18.796298757883232,0.4822101112144977,0.0319029960562717,1.00590136574154,1.0,0.3628200097898136,0.0266577022852174,0.4768479524197271,0.0,0.1938477647853989,0.3433622382133595,1
OuterHeaven,137995935,94575,6955,1101,137954,7924,1037346,True,True,English,0.1583033788641265,1000.30397813764,7.519506502167389,0.0574394363338504,0.6984932593180015,1.3252646826005627,0.324389844866527,0.1658536847114045,0.0078556958426928,0.0418156882098913,0.0066923715581558,0.5864239353808605,0.1888385367615886,1
Yamikazexz,137528370,74490,12411,1643,201657,161100,5719244,True,False,English,0.132382563854645,681.9915500081822,28.36124706804128,0.7988812686889124,1.3233991139750303,1.123716500444042,0.2656703102358305,0.1062394709241319,0.0426055193303396,0.8011692363331063,0.0131925356289363,0.3386715813545183,0.2612581089678105,1
aircool,137305080,128055,12620,964,153703,120570,1628826,True,False,English,0.0763866877971473,893.3142489086094,10.59722972225656,0.78443491668998,0.4516809183553941,1.1122771902827673,0.1388204491442055,0.1458164256298713,0.0129872412769091,0.7863738900643609,0.0041250717017144,0.3246098518436448,0.2354554882767844,1
Lapi,137258130,171570,8684,789,130323,16992,6792456,True,False,French,0.0908567480423767,1053.214935199466,52.12016297967358,0.1303837388642066,0.275922364049659,1.0139574331531367,0.1716000975992103,0.175762958830887,0.0822192037813842,0.1165221756572758,0.0022968612099796,0.2037506557172951,0.1253586587993387,1
robn_live,137249820,133545,73664,656,66223,63975,1502917,True,False,English,0.008905299739357,2072.540054059768,22.6947888195944,0.966054089968742,0.294732112770976,1.5666800448190936,0.0,0.3666642877911292,0.0331577276110594,0.9723806105084658,0.0024925170066209,0.8831828723645448,0.3763130025469701,1
과로사1 (aram4519),136944300,81570,14167,1592,301329,179604,5711063,True,False,Korean,0.1123738264982,454.4677080533238,18.952915252099864,0.596039544816463,1.1710187568959176,1.054557912770916,0.2203436588289004,0.063628332440773,0.026918831892511,0.5934272719490242,0.0116075011556684,0.2536586444288563,0.1949307067826222,1
Ezekiel_III,136597425,109890,18804,1190,190452,8969,4018240,True,True,English,0.0632844075728568,717.2275691512822,21.09843950181673,0.0470932308403167,0.6497406497406497,1.0445695886872357,0.1091392914688045,0.1128385458975881,0.0304961045646508,0.0312195395866444,0.0061852552321207,0.2413805341624585,0.0885432118187112,1
RebeuDeter,135843000,18510,24675,7141,215360,194128,2560454,True,False,French,0.289402228976697,630.7717310549777,11.8891809063893,0.901411589895988,23.147487844408428,1.0277129103810103,0.6213736961232774,0.0966469166680351,0.0151413356272044,0.9061764800591682,0.2402029827001164,0.220659524988638,0.3500334893610732,1
nookyyy,135590925,149220,7393,683,206681,78987,2481667,True,False,German,0.0923846882185851,656.0396214456094,12.00723336929858,0.3821686560448227,0.2746280659429031,1.3304019849042252,0.1750614060518065,0.1013791397500942,0.015338166704504,0.374389700635893,0.0022833981419227,0.5927389451490404,0.2101984594055435,1
BrookeAB,135540690,48705,24357,2777,737161,247335,6936235,True,False,English,0.1140123988997002,183.8685036240387,9.409389536342808,0.3355237186991715,3.421004003695719,1.0021212345369854,0.2240555872092234,0.012949950455158,0.0110067331393295,0.3266179171597709,0.0350114637718632,0.189201052547977,0.133140450713887,1
innocents,135250410,83790,13654,1557,534759,279080,3488587,True,True,English,0.1140325179434598,252.91843615535225,6.523662060853581,0.5218799496595663,1.1149301825993556,1.036711192606712,0.224101163742459,0.0258817654776125,0.0061953057976564,0.5174761328948639,0.0110240773763794,0.2317206299797992,0.1693998458781284,1
RealKraftyy,135181170,108585,19953,1235,710277,21198,4102026,True,False,English,0.0618954543176464,190.3217617915264,5.775248248218653,0.0298446943938773,0.6824146981627297,1.0080438112719396,0.1059928360529578,0.0141585300707319,0.0049474614632266,0.0135543138346341,0.0065251251085467,0.1964813579929898,0.0569432707538478,1
rhobalas_lol,135169095,174210,5224,779,100599,69851,3011205,True,False,French,0.1491194486983154,1343.6425312378851,29.932752810664123,0.6943508384775197,0.2682968830721543,0.996017267460612,0.3035850937342813,0.230154843249916,0.0452257202196734,0.6941135650665629,0.0022175422580079,0.181697773699764,0.2428324230380343,1
veloxey,135057600,88620,8596,1273,252913,180142,1874494,True,False,Italian,0.1480921358771521,534.0081371855144,7.411615852091431,0.7122686457398394,0.8618821936357481,1.197178416792494,0.3012578779134519,0.0785248294920579,0.0076758077458106,0.7124642298463115,0.0083919153734369,0.4289743690645111,0.2562148382392634,1
ArQuel,134912310,116415,9110,1122,285920,45153,4895500,True,False,Polish,0.1231613611416026,471.8533505875769,17.121922216004478,0.1579217963066592,0.5782759953614225,1.0328797881266103,0.2447811240027931,0.0668843517453179,0.0238659829900731,0.1447254961536749,0.0054418920914736,0.2270108902589269,0.1187849562070432,1
ElOjoNinja,134761230,82020,9339,1484,273504,133594,5226901,True,False,Spanish,0.15890352286112,492.7212399087399,19.110875892125893,0.488453550953551,1.08558888076079,1.107162328430841,0.3257493768180484,0.0707925334729098,0.0271822026192289,0.4832422208727016,0.0107188741612397,0.3183224269173799,0.2060012724769181,1
Bamboe,134431230,118920,5956,1075,86644,25348,2322578,True,False,English,0.1804902619207521,1551.5353630949633,26.8059877198652,0.2925534370527676,0.5423814328960646,1.0515666580620937,0.374650743203026,0.2690894453199583,0.0400124063580418,0.2826095615367704,0.0050685229774944,0.2499816556925969,0.203568722514648,1
Sonecarox,133976280,239655,2445,569,87530,21318,3105118,True,True,Portuguese,0.232719836400818,1530.6326973609048,35.474900034273965,0.2435507825888266,0.1424547787444451,0.982492297528312,0.4929686397007613,0.2651747505934073,0.0544662458444063,0.2324231033267483,0.0009085541615668,0.1650722546650124,0.2018355913819837,1
MuTeX,133816530,150015,9448,824,200619,114872,1615269,True,True,English,0.0872142252328535,667.0182285825371,8.051425837034378,0.5725878406332401,0.3295670432956704,1.0825497547332643,0.1633485343602201,0.1034352361356274,0.0087425748889928,0.5694090226353836,0.0028548640099611,0.2880675121522055,0.1893096240303984,1
RayNarvaezJr,133649520,82605,6611,1589,528396,29068,2180691,True,True,English,0.2403569807895931,252.93439011650352,4.1270013399041625,0.0550117714744244,1.1541674232794623,1.0182095606221409,0.5102693906320988,0.025884753368649,0.002199308594374,0.0393293759407228,0.0114322164587783,0.2089775676090021,0.1330154354339375,1
Tanovich,133079115,89865,10352,1434,296560,219383,3677360,True,True,Spanish,0.1385239567233384,448.7426321823577,12.400053951982736,0.7397592392770435,0.957436154231347,1.0326904815614868,0.279582671058669,0.0625561283206708,0.0159931238021343,0.7406189398067449,0.0093858513669238,0.2267781858671521,0.2224858167037158,1
Zalae,133078635,95010,5934,1351,170668,23494,1776974,True,False,English,0.2276710481968318,779.7515351442566,10.411875688471184,0.1376590807884313,0.8531733501736659,1.036772980614998,0.4815314031139265,0.1245481643295063,0.0126781970329119,0.1239732749382832,0.0083013274697577,0.2317965826594,0.1638048249239643,1
KheZu,132976365,124635,5322,991,122158,28840,2671995,True,False,English,0.1862081924088688,1088.5604299350025,21.873270682231208,0.236087689713322,0.4770730533156818,1.0766158879184535,0.3876038165222896,0.1823825366210581,0.0317879950700059,0.2247797174161006,0.0043891963568432,0.2807733284184791,0.1852860984007961,1
mandiocaa1,132533775,29685,9540,4355,312944,29691,2567198,True,True,Portuguese,0.4564989517819706,423.5063621606421,8.20337824019633,0.094876399611432,8.802425467407781,1.0251829050031067,0.9999050732366568,0.0578298271670884,0.0089959279701192,0.0801570518277139,0.0909880915910198,0.2175495252785531,0.2425709161785252,1
스피드소닉 (dragon3652),132487740,243375,2379,529,35503,11620,4618003,True,False,Korean,0.2223623371164354,3731.733656310734,130.073599414134,0.327296284821001,0.1304160246533127,1.029067956810099,0.4695053520805901,0.6774015175634981,0.2121924249617914,0.3181917253336451,0.0007833290957157,0.2223252107766697,0.3167332599686517,0
RiotGamesOCE,132387150,40890,50458,3076,149775,65748,8437414,True,False,English,0.0609615918189385,883.9068602904357,56.33392755800367,0.4389784677015523,4.513573000733675,1.0525491653365415,0.1038773172579997,0.1440545903174415,0.0892448921999047,0.4325719209629098,0.046376180051074,0.2511893991090243,0.1778857166497257,1
Videoyun,132320235,123345,8057,1030,375697,85165,8078109,True,False,Turkish,0.1278391460841504,352.1993388288967,21.501659582056817,0.2266853341921814,0.5010336860026754,1.0415197014294502,0.255377910979916,0.0444752994836645,0.0311684009388778,0.2151502202470294,0.0046384307695863,0.2376314715832461,0.1314069556670534,1
AlcastHQ,132082785,28905,12999,4680,81928,24582,41833833,True,False,English,0.3600276944380337,1612.1812445073724,510.61704179279366,0.3000439410213846,9.7145822522055,0.9763991457426848,0.7813645939190864,0.280447332164284,0.846679617154006,0.2902810207363864,0.1004761908227273,0.1575822704727631,0.4094718375448755,0
julien,132054690,80895,15150,1685,511861,177756,4880209,True,False,English,0.1112211221122112,257.9893564854521,9.534246602104869,0.3472739669558727,1.2497682180604488,0.968795795847018,0.2177323881151027,0.0268314579870543,0.0112149096581142,0.338652027343052,0.0124266396134701,0.1482358808651677,0.1258488839303268,1
iGeStarK,131957700,79455,12893,1282,244437,231731,2948954,True,False,Spanish,0.0994338012875203,539.843395230673,12.064270139136056,0.9480193260431112,0.9680951481970927,1.295464391730285,0.1910300643989931,0.0796176687589762,0.015433265176625,0.9539101636320154,0.0094967244033828,0.5497920385570659,0.2998799874878431,1
Ziqoftw,131821710,94515,10569,1293,198304,33547,4933908,True,False,English,0.1223389156968492,664.7455926254639,24.88052686783928,0.1691695578505728,0.8208220917314712,1.0786677080069171,0.2429180030416123,0.1030096121453806,0.0368020495009072,0.1562449805745709,0.007964815199624,0.2832955206383058,0.1383724968500668,1
CyrusTWO,131621775,128085,2727,1027,96691,25277,5787660,True,True,Swedish,0.3766043270993766,1361.2619064856087,59.85727730605744,0.2614204010714544,0.4810867783112776,1.0005966096561592,0.8189163512717011,0.2334546365033193,0.0951194390710326,0.2507244151846062,0.0044309464393747,0.1873269130782471,0.2649954502580469,1
칸데르니아 (jmjdoc),131408250,170865,2395,756,30877,9502,4337476,True,False,Korean,0.3156576200417536,4255.861968455485,140.4759529747061,0.3077371506299187,0.2654727416381354,1.0172969098875515,0.6808511602509731,0.7755613583079252,0.2295364634284183,0.2981600825289214,0.002188166020702,0.2078556950846311,0.3656921542702618,0
CouRageJD,131341275,14010,72100,8717,2115596,120434,2874860,False,False,English,0.1209015256588072,62.08239900245604,1.358888937207293,0.0569267478289805,37.33190578158458,1.0754644190055171,0.2396618217029563,0.0,0.0,0.0412906142010262,0.3877468777573503,0.2793578895357478,0.1580095338661801,1
YoMax,131072925,58380,16952,2051,273980,129000,1715466,True,False,French,0.1209886739027843,478.4032593619973,6.261281845390174,0.4708372873932404,2.1079136690647484,1.094670060427245,0.2398592423599976,0.0681110322876391,0.0057578343616606,0.4652003844730667,0.0213529221671571,0.3029663528912927,0.1838746280901357,1
JeffHoogland,130973670,113655,3375,1070,68914,7290,1965274,True,False,English,0.317037037037037,1900.5379168238676,28.517775778506543,0.1057840206634355,0.5648673617526726,1.076990005414813,0.6839760127679596,0.3344513696801261,0.0428665025741442,0.0913281786592196,0.0053024177726265,0.2812332109607761,0.2398596154024753,1
Call of Duty (callofduty),130938960,3645,170131,19897,968465,50321,5423366,True,True,English,0.1169510553632201,135.20257314409918,5.5999607626501735,0.0519595442272049,327.522633744856,1.805442886834275,0.2307126518082437,0.0038356937456847,0.0046552013631718,0.0362034131359365,1.0,1.0,0.3792344933421728,1
GoBGG,130398315,92730,4198,1400,229586,37272,5971819,True,False,French,0.3334921391138637,567.9715444321517,26.01125068601744,0.1623443938219229,0.9058557101261728,1.004439270693719,0.7212524616719942,0.0848855670618829,0.0386873264513029,0.1492549345648708,0.0088493203886513,0.1920504898805496,0.1991633500032086,1
Wackyjacky101,130390590,130335,5981,1012,209700,72794,9213152,True,False,English,0.1692024745025915,621.7958512160229,43.934916547448736,0.3471340009537434,0.4658763954425135,0.9885637512697212,0.3490800339501658,0.0949658952175289,0.0685717894580125,0.3385086800490425,0.0042727306321623,0.17253556661703,0.171322449320657,1
TaKeTV,130220190,108555,31809,829,227062,13033,2855045,True,False,German,0.0260618064069917,573.500585743101,12.573856479728004,0.0573984198148523,0.4582009119801022,1.4470180964228023,0.0248173356427965,0.0859210574217363,0.016282908004263,0.0417736808158197,0.0041928915628746,0.736088866924513,0.1515127900620005,1
iceiceice,130179570,37545,8409,3107,183960,57797,2582911,True,False,English,0.3694850755143299,707.6515003261578,14.040612089584693,0.3141824309632529,4.965241709948062,1.1159621650028977,0.8027888051339783,0.1110451198050624,0.0187284570399079,0.3047610676314484,0.0510743608948789,0.3291395933261598,0.2695895673052393,1
StarCraft,130159470,14850,56109,6636,342409,22130,4110003,True,False,English,0.1182697962893653,380.12864731943375,12.003197929960953,0.0646303105350618,26.81212121212121,1.3208178834761113,0.2337000522219026,0.049705958484539,0.0153314383410914,0.0491802792007361,0.2783218736848455,0.5809577240800334,0.2011995543355247,1
MadDecentLive,129993915,42510,36968,3069,95371,95352,44291541,False,False,English,0.0830177450768232,1363.0339935619843,464.4130920300721,0.999800778014281,4.331686661961891,0.996403008388803,0.1538420677711519,0.2337865166577999,0.7696429083622442,1.0,0.0444842293909237,0.182171944302451,0.3973212777474285,0
WillerZ,129956310,133770,24663,872,79392,68899,2344895,True,True,English,0.0353566070632121,1636.8942714631198,29.53565850463523,0.8678330310358726,0.391119084996636,1.1140948313996433,0.0458732464549647,0.2850756392678678,0.0445636374632529,0.8717867320052946,0.0034951178449446,0.3268441804327828,0.2629397589115179,1
SoyPan,129903855,132840,13884,954,343191,162018,2167760,True,False,Spanish,0.0687121866897147,378.5176621764557,6.31648265834477,0.4720927996363541,0.4308943089430894,1.0250494044947438,0.1214350724349327,0.0494042498353167,0.0058498717085647,0.4664862273199591,0.0039088529374825,0.2173854202746938,0.1440782824184916,1
murilo_RT,129898080,383955,8185,315,70814,55939,3070308,True,True,Portuguese,0.0384850335980452,1834.355918321236,43.35735871437851,0.789942666704324,0.0492245184982615,1.074018718711456,0.0529602053404985,0.3220566673092837,0.0676088164908717,0.7920146960359951,0.0,0.2775807678210402,0.2520368588329482,1
Multiplayerit,129567630,111795,15237,1053,58786,17650,30889814,True,False,Italian,0.0691080921441228,2204.055897662709,525.4620828088321,0.3002415541115231,0.5651415537367503,1.1006411944736556,0.1223319340510545,0.391294848599049,0.871431031429783,0.2904834077539567,0.0053052698708588,0.3103063472309896,0.3318588064892819,0
Markstrom,129129615,106620,71423,915,93045,35277,1829062,True,False,English,0.0128109992579421,1387.8189585684347,19.657821484228062,0.3791391262292439,0.5149127743387732,1.323628421450778,0.0,0.238428296469186,0.028094135224993,0.3712869835861984,0.0047827986782323,0.5844125674423187,0.2045007969001547,1
Krayn_Live,129103425,137040,4183,918,125775,20572,4621526,True,True,French,0.2194597179058092,1026.463327370304,36.74439276485788,0.1635619161200556,0.4019264448336252,1.026237151311196,0.4629299242170855,0.1707528620600744,0.0565828947954481,0.1505018697075368,0.0036075341578802,0.2188454536355245,0.1772034230955916,1
西門夜說 (westdoor),128928105,109065,5363,1165,272662,16908,5018006,True,True,Chinese,0.2172291627820249,472.84955365984257,18.403759966551995,0.0620108412613418,0.6409022142758906,1.014696752281242,0.4578769519710809,0.0670709227292866,0.0260032150235753,0.0464975289155506,0.0060933193345422,0.2046594610084415,0.1347002331637462,1
Sintica,128908575,94845,8467,1207,160387,110955,7008648,True,False,German,0.1425534427778434,803.7345607811106,43.69835460479964,0.6917954697076446,0.7635616005060889,1.126056279064831,0.2887108387430132,0.1290397552673241,0.0681773653107121,0.6914964638220802,0.0073692013404087,0.3415477455302428,0.2543902283356302,1
FantaBobShow,128845890,65565,8248,1936,348598,86339,3598696,True,True,French,0.2347235693501455,369.61167304459576,10.323340925650747,0.2476749723176839,1.77167696179364,1.015063358990794,0.4975077819409133,0.0477363176618425,0.0125305813685289,0.2366469250307298,0.0178554453110941,0.2051101109439633,0.1695645270428453,1
ops1x,128783415,68235,23490,1457,268942,254190,3050489,True,False,English,0.0620263942103022,478.8520015468019,11.342553413003548,0.9451480244811148,1.2811606946581666,1.2953680754954855,0.106289459811066,0.0681950736576148,0.014229933393374,0.9509694973063668,0.0127531787984571,0.5496736421833194,0.2836851308583664,1
wingz,128746905,92715,3940,1347,85695,32924,3057045,True,False,Spanish,0.3418781725888324,1502.385261683879,35.67355154909855,0.3841997782834471,0.8717036078304482,1.0309063133459615,0.7402497031888017,0.2598845120711853,0.0547974612270126,0.3764698906268899,0.008494076048036,0.2245850037176247,0.2774134411465918,1
ZLOYn,128586435,49230,14155,2603,294277,284221,6731111,True,False,Russian,0.1838926174496644,436.957135623919,22.8733846002236,0.9658281143276573,3.172455819622181,1.0034394055703315,0.3823582451944883,0.0603489160055482,0.0334555036932867,0.9721491757588212,0.0324261079715735,0.1908214093928096,0.2785932263360879,1
HunterGodBr,128369655,89520,51612,1737,258876,254260,14078099,True,False,Portuguese,0.0336549639618693,495.8731400361563,54.38163058761724,0.9821690693613933,1.1642091152815013,0.8255482897850135,0.0420184413116143,0.0713828278862825,0.0859897909811764,0.9888848947904486,0.0115366684255426,0.0,0.199968770565844,1
leplol1,128314530,125385,9307,1444,157981,116243,3163399,False,False,Portuguese,0.1551520361018588,812.2149498990385,20.0239205980466,0.7358036725935397,0.6909917454240938,0.7087010235621102,0.3172509728675375,0.1306279801847308,0.0287045391182748,0.7365678147354553,0.0066143420906348,0.0,0.2032942748327722,1
sacy,128171445,96630,10692,1304,206184,117190,3590048,True,False,Portuguese,0.1219603441825664,621.6362326853684,17.411865130174988,0.5683758196562294,0.8096864327848494,1.0171891279048728,0.2420604087439408,0.0949360015270225,0.024349410228651,0.5650952478602226,0.0078489839753685,0.2077232044829069,0.1903355428030188,1
헤징 (hejin0_0),127710465,125865,3032,1017,123451,72192,5800110,True,False,Korean,0.3354221635883905,1034.5032847040527,46.98309450713239,0.5847826263051737,0.484805148373257,0.9977013344939156,0.7256246289409868,0.1722586019966241,0.0736540735274813,0.5818984093471796,0.004469624290284,0.1837679068429898,0.2902788741575909,1
Naru,127650015,39825,13744,3045,344859,123779,5321664,True,False,Turkish,0.2215512223515716,370.1513227145008,15.431419797656432,0.3589264018047955,4.587570621468927,1.0526349577430816,0.4676678989948182,0.0478373843747604,0.0210473767197684,0.3505859611470013,0.0471458906755496,0.2512948591059861,0.1975965618363141,1
Warcraft,127646610,10005,51972,13741,593564,31688,6635421,True,False,English,0.2643923651196798,215.05113180718507,11.17894784724141,0.0533859870207761,82.4047976011994,0.9284827784783104,0.5647177782316545,0.0187898979365774,0.013957150776497,0.0376643158652209,0.8565874075565757,0.0986812540551588,0.2650663007369474,1
FlexZ,127550640,114750,14278,897,155382,133959,3254805,True,False,Spanish,0.0628239249194565,820.8842723095339,20.947117426728965,0.8621268872842415,0.4690196078431372,1.2391888721300486,0.1080961403524802,0.1322515889222441,0.0302438024413006,0.8659427395101055,0.0043054257912188,0.4806155651905804,0.2702425437013216,1
DizzyKitten,127398990,80100,10080,1584,613135,54653,8960383,True,False,English,0.1571428571428571,207.7829352426464,14.614045846347052,0.0891369763592031,1.1865168539325843,1.004103062459804,0.3217608652076379,0.0174286949625292,0.0196845538575594,0.0742789758673682,0.0117687097165619,0.1916372071582534,0.106093167794985,1
지수소녀 (wltn4765),127291245,134070,9379,980,99600,68129,6213041,True,False,Korean,0.1044887514660411,1278.0245481927711,62.3799297188755,0.6840261044176706,0.4385768628328485,0.9688149885149852,0.2024812599711819,0.2178657708673884,0.0993255045764084,0.6835394065828525,0.003988765552149,0.1482594733809527,0.2259100301551555,1
Staryuuki,127219620,77040,5530,1467,586475,530306,5418113,True,False,Spanish,0.2652802893309222,216.92249456498573,9.238438126092332,0.9042260965940576,1.1425233644859814,1.1256612239784076,0.5667292310525789,0.0191403706472179,0.0107217026586749,0.909058979473326,0.0113110969460655,0.3410621255331572,0.3096705843851701,1
CeMka,127117680,110550,18473,979,86502,22116,4241970,True,False,Russian,0.0529962648189249,1469.5345772352084,49.03898175764722,0.2556703891239509,0.5313432835820896,1.174531096028817,0.0858331201734931,0.2537321675419771,0.0770818927559229,0.2448354947277999,0.0049537060317995,0.4011352341660714,0.1779286025661773,1
Halifax,126885855,160500,12478,793,228316,52433,2955093,True,False,English,0.0635518512582144,555.7466625203665,12.9429956726642,0.2296510100036791,0.2964485981308411,0.996930737410284,0.1097451431265697,0.0825960657436468,0.0168983806782636,0.2181875407107142,0.0025103715944457,0.1828206532412316,0.1021263591824786,1
Bidule,126808620,61395,10100,2052,82570,64920,2486535,False,True,French,0.2031683168316831,1535.7711033062856,30.11426668281458,0.7862419765047838,2.005375030539946,1.0065570991027804,0.426024314219684,0.2661370819492824,0.0455283616904206,0.7882246047423871,0.020286332745665,0.1946538225832049,0.2901424196551073,1
Gabi,126779310,63480,17866,2174,271202,178648,3821231,True,False,Portuguese,0.1216836449121235,467.4718844256311,14.089980899845871,0.6587267055552688,2.054820415879017,0.9186539060176724,0.2414335900120795,0.0660637816468933,0.0188107705797464,0.6576288260717311,0.0208006552069633,0.0865991491039136,0.1818894621035545,1
Hype,126704460,81510,10030,1674,145476,101271,6185689,True,True,Turkish,0.1668993020937188,870.9646952074569,42.520340124831584,0.6961354450218593,1.2322414427677586,0.9285933207834736,0.3438625586518854,0.1416307547146007,0.0662132397562558,0.6959412840491077,0.0122443290875162,0.0988171377730401,0.2264515506720677,1
Gigz,126436725,98685,15061,1136,254401,44075,1958787,True,False,English,0.0754265984994356,496.9977515811652,7.699604168222609,0.1732501051489577,0.6906824745402037,1.1278303083434489,0.1366455176559431,0.0715934474761797,0.0081559760465546,0.1604241055363647,0.0066111251076723,0.3437284644292496,0.121193106041994,1
매직박 (yagubu),126240810,66165,25478,1666,59697,53490,3379601,True,False,Korean,0.0653897480178977,2114.6926981255338,56.61257684640769,0.8960249258756722,1.5107685332124234,1.1452398687881409,0.1139086095294739,0.3745587226701009,0.0897094893652131,0.9006596852711236,0.0151415203564972,0.3651291019174446,0.3098511881849756,1
richwcampbell,126132675,69870,34756,1878,108410,57422,3790423,True,False,English,0.0540338358844516,1163.4782307905175,34.96377640439074,0.5296743842818928,1.6127093173035638,0.961260894833902,0.0881835744355106,0.1964132982313355,0.0536140398656077,0.5254588650901573,0.0162018909981839,0.1389736317921138,0.1698075500688181,1
ESL_CSGO_FR,126026325,53295,22857,2570,193614,26073,4124889,True,False,French,0.1124382027387671,650.9153521956057,21.30470420527441,0.134664848616319,2.8933295806360824,0.9201140922177892,0.2204894930893582,0.1004194559439406,0.0308400135589227,0.1209067082508113,0.0295226844616988,0.0883940775648153,0.0984287388115912,1
양아지 (dkwl025),125872350,103365,6861,1237,220819,114560,4933531,True,False,Korean,0.1802944177233639,570.024997848917,22.341967856026884,0.5187959369438319,0.7180380206065883,0.984435194664769,0.3742070889380443,0.0852701420899728,0.0325694626258025,0.5143176167497584,0.0068956728301046,0.1674605537508084,0.1967867561640818,1
Cizzorz,125812350,56970,11782,1891,1866339,222573,3095942,True,False,English,0.1604990663724325,67.41130630608909,1.658831541322343,0.1192564694838397,1.9915745129015272,1.167845861706278,0.3293638300068477,0.0,0.0,0.1051260942437602,0.0201427821160095,0.3929174347153156,0.1412583568469888,1
RyuQuezacotl,125680845,125820,4022,976,79063,9884,1867494,True,True,English,0.2426653406265539,1589.6290932547463,23.620328092786764,0.125014229159025,0.4654268001907486,1.0234569828482531,0.5154986172338453,0.2762237183580704,0.0347008965355868,0.1110229495974773,0.0042680540190691,0.2154279418826825,0.1928570296044552,1
Sigma,125477415,94695,81683,798,61206,54151,1334161,True,True,English,0.0097694746764932,2050.083570238212,21.797879292879784,0.8847335228572362,0.5056233169649929,1.660487548667328,0.0,0.3624585907804419,0.0316622935978007,0.8890955050870838,0.0046861713277153,0.9984953979108504,0.3810663264506487,1
Robbaz,125249820,86415,4938,1427,229652,23827,5009610,True,False,English,0.2889833940866748,545.3896330099454,21.813918450525144,0.1037526344207757,0.9908002082971706,1.015696610135061,0.6204248914726439,0.0806563797091944,0.0316890359850454,0.0892477182863906,0.0097328985643185,0.2058885325600917,0.1729399094296141,1
mailand,124936395,86865,6867,1400,86561,31605,3923343,True,True,German,0.2038735983690112,1443.3335451300238,45.3246034588325,0.3651182403160777,0.9670177862199966,1.027344524755162,0.4276220187532944,0.2488251837382205,0.0708888404126123,0.3569273817922508,0.0094855178679302,0.220206688326869,0.2223259384818628,1
Buozzi,124926540,142785,4036,872,75290,39547,5126434,True,True,Portuguese,0.2160555004955401,1659.2713507769956,68.08917518926816,0.5252623190330721,0.366425044647547,1.00335736060472,0.455218204425883,0.2892664652371561,0.1088446362303472,0.5209402133833856,0.0032382546508437,0.1907205559236848,0.2613713883085501,1
HeyarTV,124878165,155700,2343,786,124479,17695,2506556,True,True,French,0.3354673495518566,1003.2066854650182,20.136376416905662,0.1421524915849259,0.3028901734104046,1.0204115126466535,0.7257269906431786,0.1663973097787418,0.0288920388063724,0.1285752373345179,0.0025773757613604,0.2116843089533741,0.2106422102129242,1
LenaGol0vach,124876665,30210,9115,4159,274237,40915,2969471,False,False,Russian,0.4562808557323093,455.3603817136273,10.828119473302287,0.1491957686234899,8.260178748758689,0.9938976097349808,0.9994110108957844,0.0637955142210771,0.0133722080731604,0.13578866551763,0.0853477337486438,0.1790921923165123,0.2461345541288013,1
Sinner666,124812240,24765,27996,4530,7102,7101,21322548,False,False,Russian,0.1618088298328332,17574.23824274852,3002.3300478738383,0.9998591945930724,10.975166565717746,1.112552831048946,0.3323308933820884,1.0,1.0,1.0,0.1135885737549996,0.3249486822312759,0.6284780248947274,0
TommyKayLIVE,124680810,108105,3536,1124,127770,58673,2561302,True,True,English,0.3178733031674208,975.8222587461844,20.04619237692729,0.4592079517883697,0.623837935340641,1.0260948850144211,0.6858704423214125,0.1612686973696954,0.028741673271366,0.4532901079435853,0.0059158196167814,0.2186705733188309,0.2589595523069453,1
TMemoryy,124620795,130440,3244,924,171107,64750,1027960,True,False,English,0.2848335388409371,728.3208460203265,6.007702782469449,0.3784181827745212,0.4250229990800368,1.0339695665420137,0.6110240462937659,0.1149161178691219,0.0053350372517548,0.3705486236145187,0.0038477805741244,0.2283504963267878,0.2223370169883456,1
Patriota,124595820,64305,29435,1951,646758,344213,3707623,True,False,Portuguese,0.0662816375063699,192.64673958420303,5.732627969039425,0.5322129761054366,1.820387217168183,0.9931193886324108,0.1159290450630765,0.0145939567488474,0.004876399875362,0.5280587840916541,0.0183621210759386,0.1781355669178026,0.1433259789621135,1
러너교 (runner0608),124525605,52785,17926,2434,164902,58988,4276695,False,False,Korean,0.1357804306593774,755.1491491916411,25.934767316345464,0.357715491625329,2.766695083830634,0.9692315900792576,0.2733676437277749,0.1199405783031771,0.0385598042999048,0.3493457978582429,0.0282054540339123,0.1487715793058741,0.1596984762548144,1
zorlaKOKA,124241010,100050,4977,1247,361102,83418,7654224,True,False,Portuguese,0.2505525416917822,344.060708608648,21.19684742815049,0.2310095208556031,0.7478260869565218,0.9958213355230964,0.5333658322855144,0.0429510798836427,0.0306601819390464,0.219578870401805,0.007205523213459,0.1814569250935944,0.1692030688028436,1
Hitch,124224555,132870,3976,875,96343,30813,1942552,True,True,English,0.2200704225352112,1289.3988665497234,20.16287638956645,0.3198260382176183,0.3951230526078121,1.0684949198464664,0.4643133796224106,0.2199959768734827,0.0289362227059598,0.3105410128757087,0.0035367664328283,0.2707906585909483,0.2163523361835564,1
calango,124180125,70155,8380,1736,767187,293608,3292645,True,False,Portuguese,0.2071599045346062,161.86421954490888,4.291841493664517,0.3827072147989994,1.484712422493051,1.0196326715005977,0.4350666291417849,0.0088289423530313,0.0024741496628896,0.3749412698662909,0.0148704891388183,0.2107269213685133,0.1744847335885547,1
Adin2Huncho,124133550,64920,14502,1470,199880,162642,956614,True,False,English,0.1013653289201489,621.0403742245347,4.785941564938963,0.8136982189313589,1.3585951940850278,1.3007484879349152,0.1954056368365417,0.0948244079147975,0.0032979719443229,0.8163441337397296,0.013558639248639,0.5562874941825704,0.2799530473111002,1
SlotRoom247,124078200,373800,20609,326,69183,69113,1338301,False,True,German,0.0158183317967878,1793.4781666016218,19.34436205426189,0.9989881907404998,0.0523274478330658,1.0182128824508363,0.0016123530104019,0.3144009969213054,0.0275714984602068,1.0,0.0,0.2089816509545834,0.2587610832244162,1
ALLinPav,124058985,137760,6221,850,71579,21360,3156265,True,True,English,0.1366339816749718,1733.1757219296162,44.09484625378952,0.2984115452856284,0.3702090592334495,1.0594639014142242,0.275301229473475,0.3031074296242407,0.0688384432457904,0.2886091896637445,0.0032776153248897,0.2596893127395345,0.1998038700119458,1
Surefour,124056555,53145,7911,2289,331662,46991,2066041,True,True,English,0.2893439514599924,374.0451272681224,6.229356995977833,0.1416834005704602,2.5842506350550383,1.019791793440311,0.6212416775637114,0.0485666241926007,0.0057046054636978,0.1280948140421123,0.0263076980087342,0.2109225214216588,0.1734729901154192,1
NumotTheNummy,123899265,105930,3359,1118,103069,8045,1530401,True,False,English,0.3328371539148556,1202.10019501499,14.848315206318098,0.0780545071748052,0.6332483715661286,1.0461837119628905,0.7197686955920434,0.2036465000440706,0.0200751555389223,0.0629287769307796,0.006013705368671,0.2433646892014835,0.2092995871126617,1
aminematue,123826230,30480,16577,4016,124232,123363,2316908,True,False,French,0.2422633769680883,996.7337722969928,18.649848670229893,0.9930050228604548,7.905511811023622,1.0115887336480849,0.5145880317080845,0.1651850491337752,0.026413523317553,0.9999826227277496,0.0816585487800943,0.2008389406520514,0.3314444527198847,1
CallMeCarsonLIVE,123486240,14340,61531,8208,1151712,732108,3533199,True,True,English,0.1333961742861321,107.21972159706591,3.0677799658247897,0.6356693340001667,34.34309623430963,1.0491366724575268,0.2679664854452894,0.0,0.0004332490050963,0.6340144356546855,0.3566577908351847,0.2469946049172442,0.2510110943095833,1
ZiggyDLive,123398085,99075,18437,1227,173807,15899,4249580,True,False,English,0.0665509573140966,709.971894112435,24.449993383465568,0.0914750268976508,0.7430734292202876,1.015078843606539,0.1165391467813579,0.1114796879809224,0.0360842129775985,0.0766735089171456,0.0071560868786454,0.2051291453503318,0.0921769648143336,1
KEEMSTAR,123365895,3465,74195,35333,146035,46367,7139253,False,False,English,0.4762180739942044,844.7693703564214,48.887273598794806,0.3175060773102338,611.8268398268398,1.0076538335389833,1.0,0.1367248397772752,0.0768289469078977,0.3081650064654231,1.0,0.1960019793137876,0.4529534620773972,1
크캣66 (crazzyccat),123279435,192780,2543,644,35930,24849,1889696,True,False,Korean,0.2532441997640582,3431.1003339827444,52.59382131923184,0.6915947676036738,0.2004357298474945,0.9929852375732902,0.5394633608289336,0.621098283492003,0.0830089431815595,0.6912909131664314,0.0015116621214955,0.1779706622268416,0.3523906375028774,0
RelaxBeats,123273930,521430,2830,235,166162,29595,1094850,True,False,English,0.0830388692579505,741.8900229896126,6.589051648391329,0.1781093150058376,0.0270410218054197,1.0060217380925858,0.1538899212852021,0.1174573815625249,0.0063043310788072,0.1654007039489156,0.0,0.1939957320506561,0.1061746783210176,1
LAGTVMaximusBlack,123125340,161535,7138,725,256353,13251,2310313,True,True,English,0.1015690669655365,480.2960761137962,9.0122331316583,0.0516904424758048,0.2692914848175318,1.0513390607138626,0.1958671733741603,0.0684655229469104,0.0103445468446602,0.0359278104374986,0.0022278879356517,0.2497018824979639,0.0937558040061408,1
Destructoid,122628630,103020,14566,1190,48007,8995,87603521,True,False,English,0.0816971028422353,2554.390609702752,1824.8072364446853,0.1873685087591393,0.693069306930693,1.0002841089843042,0.1508503602418834,0.4569062623392746,1.0,0.1748835808551149,0.0066359525309265,0.1869427727885235,0.3293698214592871,0
LITkillah,122524635,13560,21359,9104,601927,562691,2162107,True,False,Spanish,0.4262371833887354,203.553977475674,3.591975438882124,0.9348160158956152,40.283185840707965,0.9925022016968132,0.931351790614073,0.0166366869536081,0.0013072499122754,0.9403878885593688,0.4184455893475205,0.1773768921704916,0.4142510162595563,1
빅헤드 (bighead033),122523705,153000,3940,793,213212,52289,4399897,True,False,Korean,0.2012690355329949,574.6567031874379,20.636254056994915,0.2452441701217567,0.3109803921568627,1.0098468214524146,0.4217217907862594,0.0861375775020074,0.0297254941362485,0.2341573996334373,0.0026615288363054,0.1986977015579207,0.1621835820753631,1
마스카 (newmasca),122452320,217410,6431,567,109068,-4942,3417970,True,False,Korean,0.088166692582802,1122.7153702277478,31.33797264092126,-0.0453111820148897,0.1564785428453153,0.99335491010207,0.1655061995231192,0.1887791448982416,0.0475686695001539,0.0,0.0010544269628316,0.1784250808092574,0.0968889202822673,1
AndyMilonakis,122311065,104745,10543,1153,547446,109111,3926918,True,False,English,0.1093616617661007,223.4212415471115,7.173160457835111,0.199309155606215,0.6604611198625233,1.012752069547168,0.2135200727944655,0.0203574695026363,0.0072782266112651,0.1871126892686676,0.0062967677330658,0.2022689669834097,0.1061390321489183,1
Remx,122192850,99180,13788,1205,178553,59432,2049420,True,False,French,0.087394836089353,684.35058498037,11.47793652304918,0.3328535504864102,0.7289776164549304,1.022432494170037,0.163757679884349,0.106681275901682,0.0144556601824791,0.3238832431530375,0.0070094646394665,0.2141685929816621,0.1383259861237794,1
